Volume Term,"Surface Term	","Coulomb Term	","Asymmetry Term	",Pairing Term,BE/A,BE,Z,N,A
49,13.39051828,126.2534581,0.510204082,0,8.7111625,426.8469625,22,27,49
42,12.08276124,132.9103736,0.095238095,0.15430335,8.25924,346.88808,22,20,42
177,31.52454625,811.4453825,9.497175141,0,8.013,1418.301,68,109,177
253,40.00187491,1661.105525,8.731225296,0,7.402918,1872.938254,103,150,253
188,32.81748027,1075.645284,4.787234043,-0.072932496,7.914753702,1487.973696,79,109,188
266,41.36068833,1796.857573,9.398496241,0.061313934,7.298261102,1941.337453,108,158,266
181,31.99772119,1034.534058,4.027624309,0,7.956524199,1440.13088,77,104,181
115,23.64822562,444.5866417,3.834782609,0,8.4905553,976.4138595,47,68,115
240,38.61957538,1376.787862,12.15,-0.064549722,7.5501743,1812.041832,93,147,240
79,18.41131157,176.1892601,6.696202532,0,8.15,643.85,28,51,79
135,26.31615964,737.2423391,0.896296296,0,8.177627,1103.979645,62,73,135
63,15.83289626,138.7263292,3.571428571,0,8.3475398,525.8950074,24,39,63
244,39.04749856,1616.310391,7.229508197,-0.06401844,7.438,1814.872,101,143,244
191,33.16568041,1097.419373,5.031413613,0,7.903800199,1509.625838,80,111,191
24,8.320335292,54.0821794,0.166666667,-0.204124145,7.6495806,183.5899344,13,11,24
266,41.36068833,1763.582433,10.16541353,-0.061313934,7.313,1945.258,107,159,266
100,21.5443469,353.3272892,3.24,-0.1,8.5484683,854.84683,41,59,100
228,37.32128296,1400.53025,7.736842105,-0.066226618,7.604,1733.712,93,135,228
114,23.510935,546.9385933,0.877192982,0.093658581,8.4327885,961.337889,52,62,114
160,29.47225199,1022.318741,0.625,-0.079056942,7.81,1249.6,75,85,160
115,23.64822562,354.1064741,8.356521739,0,8.173,939.895,42,73,115
39,11.50031505,80.20732549,0.641025641,0,8.4944032,331.2817248,17,22,39
178,31.64317125,1123.51035,1.820224719,0.074953169,7.811360702,1390.422205,80,98,178
72,17.30699484,195.1844418,2.722222222,-0.11785113,8.5865256,618.2298432,29,43,72
242,38.83383169,1556.883616,8,-0.064282435,7.483,1810.886,99,143,242
229,37.4303299,1459.619415,6.641921397,0,7.562569699,1731.828461,95,134,229
95,20.82008046,341.887637,2.368421053,0,8.6435924,821.141278,40,55,95
182,32.11546826,876.9993256,8.791208791,-0.074124932,7.996,1455.272,71,111,182
211,35.44227874,1286.000408,5.805687204,0,7.741088701,1633.369716,88,123,211
182,32.11546826,1143.451837,2.197802198,-0.074124932,7.796357099,1418.936992,81,101,182
154,28.73076218,752.2235916,4.38961039,0.080582296,8.224799597,1266.619138,64,90,154
183,32.23299987,850.7398327,10.10382514,0,7.963,1457.229,70,113,183
138,26.7045988,553.8301576,6.52173913,0.085125653,8.344691297,1151.567399,54,84,138
117,23.9216193,442.0388113,4.521367521,0,8.4594515,989.7558255,47,70,117
98,21.2561228,273.2930075,6.897959184,0.101015254,8.234,806.932,36,62,98
28,9.220872584,43.4698279,0.571428571,0.188982237,8.2724531,231.6286868,12,16,28
247,39.36690772,1609.739951,8.198380567,0,7.444,1838.668,101,146,247
258,40.52718796,1618.26004,11.30232558,0.062257281,7.407,1911.006,102,156,258
142,27.21816837,797.3773269,1.014084507,-0.083918136,8.111508,1151.834136,65,77,142
164,29.96143192,857.1892596,4.12195122,-0.078086881,8.119653402,1331.623158,69,95,164
208,35.10553182,1176.710422,7.692307692,0.069337525,7.839356798,1630.586214,84,124,208
140,26.961995,704.8635835,2.314285714,-0.084515425,8.2890958,1160.473412,61,79,140
140,26.961995,728.3590363,1.828571429,0.084515425,8.2638211,1156.934954,62,78,140
15,6.082201996,12.16440399,0.6,0,7.1001696,106.502544,6,9,15
98,21.2561228,429.4604403,0.653061224,-0.101015254,8.5608038,838.9587724,45,53,98
98,21.2561228,288.9097508,5.87755102,-0.101015254,8.3307294,816.4114812,37,61,98
163,29.83951337,670.0160671,10.31288344,0,8.042,1310.846,61,102,163
226,37.10270951,1228.329525,11.96460177,-0.066519011,7.648376801,1728.533157,87,139,226
214,35.77743342,1339.145989,5.401869159,0.068358593,7.692317299,1646.155902,90,124,214
123,24.73261712,398.1348121,8.853658537,0,8.185,1006.755,45,78,123
29,9.439130677,35.80359912,1.689655172,0,7.6821522,222.7824138,11,18,29
154,28.73076218,595.5103433,10.38961039,-0.080582296,8.051,1239.854,57,97,154
219,36.33256645,1388.932632,5.593607306,0,7.636286699,1672.346787,92,127,219
38,11.30287864,91.01791744,0.105263158,0.162221421,8.6142807,327.3426666,18,20,38
65,16.16623563,174.5953448,1.861538462,0,8.6568848,562.697512,27,38,65
189,32.93375139,1129.157191,3.857142857,0,7.866270402,1486.725106,81,108,189
263,41.04911821,1737.17371,9.88973384,0,7.337,1929.631,106,157,263
13,5.528774814,30.62090666,1.923076923,0,4.297,55.861,9,4,13
80,18.56635533,245.0758904,2.45,-0.111803399,8.6512824,692.102592,33,47,80
39,11.50031505,112.0543518,0.025641026,0,8.3696711,326.4171729,20,19,39
53,14.10968267,186.8867402,0.018867925,0,8.4776578,449.3158634,27,26,53
174,31.16732279,915.6744489,5.172413793,0.075809804,8.068534098,1403.924933,72,102,174
12,5.241482788,8.735804647,0.333333333,-0.288675135,6.6312237,79.5746844,5,7,12
143,27.34580368,507.1403592,10.63636364,0,8.07,1154.01,52,91,143
42,12.08276124,78.25026324,1.523809524,-0.15430335,8.3458864,350.5272288,17,25,42
197,33.85666301,1169.687555,4.878172589,0,7.841634802,1544.802056,83,114,197
123,24.73261712,453.632392,5.926829268,0,8.395395504,1032.633647,48,75,123
176,31.40569764,765.51388,11,0.075377836,7.969,1402.544,66,110,176
165,30.08310292,689.5411832,10.18787879,0,8.041,1326.765,62,103,165
41,11.89020214,121.8020707,0.024390244,0,8.3691979,343.1371139,21,20,41
55,14.46244742,228.7696228,0.454545455,0,7.904,434.72,30,25,55
36,10.90272356,115.0843042,0.444444444,0.166666667,7.8158799,281.3716764,20,16,36
215,35.88880298,1081.671829,13.06511628,0,7.73,1661.95,81,134,215
107,22.53837074,417.0651782,2.700934579,0,8.554104,915.289128,45,62,107
168,30.44665044,707.8846228,10.5,-0.077151675,8.012,1346.016,63,105,168
124,24.86648825,595.5925009,1.580645161,-0.089802651,8.383511403,1039.555414,55,69,124
162,29.71734524,937.7473387,2,0.07856742,8.027117099,1300.39297,72,90,162
79,18.41131157,202.7574818,4.569620253,0,8.4505825,667.5960175,30,49,79
37,11.10370247,91.83062042,0.027027027,0,8.5271406,315.5042022,18,19,37
79,18.41131157,261.4872352,1.53164557,0,8.6955923,686.9517917,34,45,79
198,33.97114045,1057.223068,8.080808081,-0.071066905,7.9085675,1565.896365,79,119,198
287,43.50988457,1987.507271,11.32055749,0,7.139,2048.893,115,172,287
121,24.463781,578.6391836,1.396694215,0,8.403832603,1016.863745,54,67,121
179,31.7615743,1121.414244,2.016759777,0,7.816263101,1399.111095,80,99,179
155,28.85500355,727.1460895,5.425806452,0,8.216676,1273.58478,63,92,155
37,11.10370247,114.0380254,0.243243243,0,8.0034567,296.1278979,20,17,37
272,41.98033849,1884.485048,9.191176471,-0.060633906,7.227,1965.744,111,161,272
79,18.41131157,246.1056331,2.139240506,0,8.6766172,685.4527588,33,46,79
77,18.09924602,296.1694804,0.324675325,0,8.616837,663.496449,36,41,77
27,9,80,0.925925926,0,6.96,187.92,16,11,27
194,33.51206219,984.632755,9.092783505,0.071795816,7.932023201,1538.812501,76,118,194
8,4,6,0,0.353553391,7.0624356,56.4994848,4,4,8
61,15.49601007,206.274757,0.147540984,0,8.7155148,531.6464028,29,32,61
33,10.28827648,65.47085032,0.272727273,0,8.5138073,280.9556409,15,18,33
185,32.46742298,847.6629891,10.94594595,0,7.929,1466.865,70,115,185
132,25.9248322,541.2790724,5.121212121,-0.087038828,8.406462803,1109.65309,53,79,132
255,40.2124117,1689.236683,8.662745098,0,7.382,1882.41,104,151,255
166,30.20452836,1064.800602,0.86746988,-0.077615053,7.789,1292.974,77,89,166
234,37.97320364,1479.98127,7.538461538,0.065372045,7.550686799,1766.860711,96,138,234
251,39.79078261,1445.784611,13.8685259,0,7.466723299,1874.147548,96,155,251
260,40.73636112,1614.09997,12.06153846,0.062017367,7.397,1923.22,102,158,260
290,43.81256355,1946.184289,13.25517241,0.058722022,7.147,2072.63,114,176,290
153,28.60625159,903.0600991,1.104575163,0,8.022,1227.366,70,83,153
99,21.40047747,320.3586627,4.454545455,0,8.4766938,839.1926862,39,60,99
154,28.73076218,800.3569464,3.142857143,0.080582296,8.1931305,1261.742097,66,88,154
220,36.44308387,1297.373786,8.018181818,-0.067419986,7.6923515,1692.31733,89,131,220
196,33.7419917,1229.172555,3.448979592,-0.071428571,7.752000102,1519.39202,85,111,196
81,18.72075441,342.5204695,0.111111111,0,8.5059031,688.9781511,39,42,81
102,21.83065575,317.1865864,5.647058824,-0.099014754,8.3719172,853.9355544,39,63,102
13,5.528774814,8.505807406,0.692307692,0,6.4964194,84.4534522,5,8,13
89,19.93394877,222.1851368,7.02247191,0,8.161,726.329,32,57,89
140,26.961995,801.1564228,0.714285714,-0.084515425,8.0686732,1129.614248,65,75,140
69,16.82284308,273.554057,0.014492754,0,8.5037082,586.7558658,34,35,69
118,24.05773139,561.8907433,1.220338983,-0.092057462,8.4061203,991.9221954,53,65,118
8,4,1,2,0.353553391,3.924521,31.396168,2,6,8
154,28.73076218,616.7785699,9.376623377,0.080582296,8.116,1249.864,58,96,154
41,11.89020214,133.9822777,0.219512195,0,8.0343889,329.4099449,22,19,41
194,33.51206219,933.1554636,10.90721649,0.071795816,7.899,1532.406,74,120,194
61,15.49601007,165.1214188,1.327868852,0,8.7037686,530.9298846,26,35,61
53,14.10968267,216.1709873,0.471698113,0,7.891,418.223,29,24,53
209,35.21795959,1203.139863,7.277511962,0,7.814783502,1633.289752,85,124,209
124,24.86648825,531.8219907,3.225806452,0.089802651,8.4732705,1050.685542,52,72,124
106,22.39772511,496.9759383,0.603773585,-0.097128586,8.4701213,897.8328578,49,57,106
94,20.6737171,261.7204612,6.127659574,-0.103142125,8.287,778.978,35,59,94
265,41.2569624,1667.715401,12.26037736,0,7.354,1948.81,104,161,265
154,28.73076218,728.7166043,5.090909091,-0.080582296,8.217100597,1265.433492,63,91,154
114,23.510935,408.3478185,5.052631579,-0.093658581,8.4266221,960.6349194,45,69,114
59,15.15542109,238.8905359,0.152542373,0,8.232,485.688,31,28,59
56,14.63722284,132.2577635,1.785714286,-0.133630621,8.5747006,480.1832336,23,33,56
162,29.71734524,693.7716031,8.913580247,0.07856742,8.1075745,1313.427069,62,100,162
61,15.49601007,252.0006884,0.147540984,0,8.215,501.115,32,29,61
175,31.28662373,1073.756926,2.062857143,0,7.8695216,1377.16628,78,97,175
67,16.49617297,160.037499,3.358208955,0,8.4499359,566.1457053,26,41,67
19,7.120367359,11.2426853,2.578947368,0,6.118274,116.247206,6,13,19
31,9.868272403,22.91985848,5.451612903,0,6.011,186.341,9,22,31
136,26.44595607,688.3726802,1.882352941,0.085749293,8.308512699,1129.957727,60,76,136
22,7.851424411,64.95269285,1.636363636,0.213200716,6.044,132.968,14,8,22
174,31.16732279,1103.753121,1.471264368,-0.075809804,7.797,1356.678,79,95,174
168,30.44665044,777.4769667,7.714285714,0.077151675,8.112529298,1362.904922,66,102,168
141,27.09023309,750.4570953,1.595744681,0,8.217685298,1158.693627,63,78,141
124,24.86648825,662.9726626,0.516129032,0.089802651,8.229,1020.396,58,66,124
136,26.44595607,598.9231228,4.235294118,0.085749293,8.402756603,1142.774898,56,80,136
226,37.10270951,1256.895327,11.0619469,0.066519011,7.661963602,1731.603774,88,138,226
145,27.60018553,586.26601,7.510344828,0,8.234799103,1194.04587,56,89,145
179,31.7615743,1149.804478,1.61452514,0,7.763494201,1389.665462,81,98,179
45,12.65148998,67.47461322,3.755555556,0,7.867,354.015,16,29,45
105,22.25663649,314.1365265,6.942857143,0,8.262,867.51,39,66,105
106,22.39772511,437.3895375,1.849056604,0.097128586,8.5799934,909.4793004,46,60,106
103,21.97310764,299.9435858,7.077669903,0,8.242,848.926,38,65,103
100,21.5443469,426.5780686,1,-0.1,8.5751732,857.51732,45,55,100
68,16.65990837,159.2491241,3.764705882,0.121267813,8.418,572.424,26,42,68
32,10.0793684,41.57739465,2,0.176776695,7.8038411,249.7229152,12,20,32
93,20.52683379,456.8875908,0.010752688,0,8.3185637,773.6264241,46,47,93
121,24.463781,691.8599882,0.074380165,0,8.033,971.993,59,62,121
49,13.39051828,138.2775969,0.183673469,0,8.6829135,425.4627615,23,26,49
89,19.93394877,251.3021407,4.95505618,0,8.4352799,750.7399111,34,55,89
219,36.33256645,1212.74457,10.08675799,0,7.723778402,1691.50747,86,133,219
81,18.72075441,324.9553172,0.308641975,0,8.5873545,695.5757145,38,43,81
123,24.73261712,416.2318491,7.81300813,0,8.270031797,1017.213911,46,77,123
217,36.11102555,1332.946151,6.30875576,0,7.690594502,1668.859007,90,127,217
26,8.776382955,44.55702116,0.153846154,0.196116135,8.3338711,216.6806486,12,14,26
98,21.2561228,321.4446326,4.081632653,-0.101015254,8.4976162,832.7663876,39,59,98
29,9.439130677,50.7760133,0.310344828,0,8.3484647,242.1054763,13,16,29
146,27.72693752,627.8442155,6.164383562,0.082760589,8.278508103,1208.662183,58,88,146
41,11.89020214,110.2018735,0.024390244,0,8.5467075,350.4150075,20,21,41
34,10.49508462,117.2980046,1.058823529,0.171498585,7.173,243.882,20,14,34
222,36.66361774,1235.663009,10.37837838,-0.067115606,7.690947401,1707.390323,87,135,222
49,13.39051828,150.8482876,0.020408163,0,8.6132777,422.0506073,24,25,49
173,31.04779308,817.6517069,7.913294798,0,8.074,1396.802,68,105,173
63,15.83289626,176.4237012,1.285714286,0,8.7177972,549.2212236,27,36,63
60,15.32618865,129.2508576,3.266666667,-0.129099445,8.3228751,499.372506,23,37,60
290,43.81256355,1980.630028,12.4137931,-0.058722022,7.131,2067.99,115,175,290
101,21.68773756,526.0886833,0.00990099,0,8.281103,836.391403,50,51,101
282,43.0030645,1828.392707,13.63120567,0.059549133,7.217,2035.194,110,172,282
213,35.66589026,1311.43311,5.751173709,0,7.715590798,1643.42084,89,124,213
86,19.48343981,390.1218994,0.046511628,0.107832773,8.4347175,725.385705,42,44,86
58,14.98368597,98.16897702,5.586206897,0.131306433,7.828,454.024,20,38,58
19,7.120367359,20.9863459,0.473684211,0,7.5664952,143.7634088,8,11,19
108,22.6785789,397.2951044,3.703703704,0.096225045,8.5272267,920.9404836,44,64,108
69,16.82284308,146.285592,5.231884058,0,8.155,562.695,25,44,69
168,30.44665044,730.7196107,9.523809524,0.077151675,8.06,1354.08,64,104,168
253,40.00187491,1693.676222,8.003952569,0,7.38,1867.14,104,149,253
182,32.11546826,852.2951193,9.692307692,0.074124932,7.984,1453.088,70,112,182
292,44.01376979,2010.766058,12.32876712,0.058520574,7.116,2077.872,116,176,292
134,26.18604233,518.2491363,6.71641791,0.086386843,8.383644201,1123.408323,52,82,134
118,24.05773139,403.6805775,6.644067797,-0.092057462,8.3228539,982.0967602,45,73,118
69,16.82284308,226.7426675,0.710144928,0,8.7245798,601.9960062,31,38,69
93,20.52683379,247.6463173,6.720430108,0,8.225,764.925,34,59,93
127,25.26596057,527.6010033,4.165354331,0,8.446109,1072.655843,52,75,127
14,5.808785734,4.9789592,2.571428571,0.267261242,4.9938973,69.9145622,4,10,14
160,29.47225199,630.3377894,11.025,-0.079056942,8.009,1281.44,59,101,160
242,38.83383169,1433.000483,11.17355372,-0.064282435,7.534991698,1823.467991,95,147,242
19,7.120367359,49.46781534,1.315789474,0,5.9014992,112.1284848,12,7,19
169,30.56735094,848.6509504,5.686390533,0,8.114470201,1371.345464,69,100,169
189,32.93375139,967.1022234,8.047619048,0,7.961810503,1504.782185,75,114,189
131,25.79373283,542.652883,4.770992366,0,8.422297702,1103.320999,53,78,131
109,22.81835497,555.1768568,0.229357798,0,8.3193305,906.8070245,52,57,109
196,33.7419917,929.9706079,11.75510204,0.071428571,7.872,1542.912,74,122,196
206,34.88013418,1326.122383,3.805825243,-0.069673301,7.667853801,1579.577883,89,117,206
104,22.11509925,520.9807036,0.153846154,0.098058068,8.3839114,871.9267856,50,54,104
44,12.46335937,59.48421517,4.454545455,-0.150755672,7.552,332.288,15,29,44
33,10.28827648,28.05893585,5.121212121,0,6.436,212.388,10,23,33
154,28.73076218,638.4199232,8.415584416,-0.080582296,8.147299403,1254.684108,59,95,154
134,26.18604233,668.7211705,1.910447761,-0.086386843,8.312881701,1113.926148,59,75,134
194,33.51206219,958.7213668,9.979381443,-0.071795816,7.909,1534.346,75,119,194
100,21.5443469,336.0918116,4,0.1,8.5221066,852.21066,40,60,100
242,38.83383169,1588.656751,7.289256198,0.064282435,7.465,1806.53,100,142,242
128,25.39841683,526.2234487,4.5,0.088388348,8.448753602,1081.440461,52,76,128
81,18.72075441,174.7270411,7.716049383,0,8,648,28,53,81
139,26.83345121,594.5829477,5.244604317,0,8.367019403,1163.015697,56,83,139
149,28.10546957,580.9721226,9.187919463,0,8.131849503,1211.645576,56,93,149
133,26.05560093,740.919419,0.609022556,0,8.137,1082.221,62,71,133
169,30.56735094,1058.462353,1.331360947,0,7.845594402,1325.905454,77,92,169
179,31.7615743,1038.372809,3.491620112,0,7.947524799,1422.606939,77,102,179
55,14.46244742,145.1503814,0.890909091,0,8.7319362,480.256491,24,31,55
194,33.51206219,1262.748323,2.494845361,0.071795816,7.694996098,1492.829243,86,108,194
109,22.81835497,378.0729274,4.853211009,0,8.4441796,920.4155764,43,66,109
127,25.26596057,704.2637827,0.385826772,0,8.142,1034.034,60,67,127
118,24.05773139,479.5235951,3.389830508,-0.092057462,8.485667,1001.308706,49,69,118
112,23.23514293,487.9380016,1.75,-0.094491118,8.5146674,953.6427488,49,63,112
153,28.60625159,707.1166242,5.496732026,0,8.228537301,1258.966207,62,91,153
159,29.34932266,816.2434266,3.93081761,0,8.165106597,1298.251949,67,92,159
59,15.15542109,194.1948872,0.152542373,0,8.7365912,515.4588808,28,31,59
64,16,189,1,0.125,8.7774637,561.7576768,28,36,64
61,15.49601007,117.3632238,4.737704918,0,8.058,491.538,22,39,61
62,15.66490599,177.3671614,1.032258065,-0.127000127,8.7213347,540.7227514,27,35,62
110,22.95770425,325.5819875,8.181818182,0.095346259,8.171,898.81,40,70,110
100,21.5443469,370.9936536,2.56,0.1,8.6046626,860.46626,42,58,100
234,37.97320364,1388.456113,9.846153846,-0.065372045,7.589638201,1775.975339,93,141,234
81,18.72075441,187.6697849,6.530864198,0,8.185,662.985,29,52,81
253,40.00187491,1596.912793,10.28063241,0,7.438,1881.814,101,152,253
33,10.28827648,84.80033946,0.03030303,0,8.3047557,274.0569381,17,16,33
190,33.04981762,914.2623233,10.18947368,-0.072547625,7.922,1505.18,73,117,190
198,33.97114045,1225.019913,3.95959596,-0.071066905,7.769344601,1538.330231,85,113,198
204,34.6540059,1212.890206,5.666666667,-0.070014004,7.803552201,1591.924649,85,119,204
183,32.23299987,875.3989583,9.18579235,0,7.984812503,1461.220688,71,112,183
82,18.87451938,200.2540471,5.902439024,0.110431526,8.3011175,680.691635,30,52,82
101,21.68773756,369.7651888,2.861386139,0,8.5729159,865.8645059,42,59,101
85,19.33211117,225.6171091,5.188235294,0,8.4017689,714.1503565,32,53,85
214,35.77743342,1083.354059,12.63551402,-0.068358593,7.745,1657.43,81,133,214
250,39.6850263,1508.98344,11.664,0.063245553,7.4799567,1869.989175,98,152,250
170,30.6878136,1112.342985,0.847058824,-0.076696499,7.73,1314.1,79,91,170
229,37.4303299,1194.828435,14.18777293,0,7.605622699,1741.687598,86,143,229
39,11.50031505,46.0012602,4.333333333,0,7.26,283.14,13,26,39
55,14.46244742,198.7929136,0.018181818,0,8.4973225,467.3527375,28,27,55
278,42.59544868,1770.62232,13.82733813,0.059976014,7.252,2016.056,108,170,278
28,9.220872584,51.37343297,0.142857143,-0.188982237,8.3098969,232.6771132,13,15,28
29,9.439130677,68.35232559,0.034482759,0,8.2512368,239.2858672,15,14,29
159,29.34932266,866.081899,2.773584906,0,8.112754899,1289.928029,69,90,159
42,12.08276124,88.03154615,0.857142857,0.15430335,8.5556141,359.3357922,18,24,42
52,13.93163954,112.5247809,1.923076923,-0.138675049,8.5346695,443.802814,21,31,52
181,31.99772119,1061.758638,3.453038674,0,7.924127099,1434.267005,78,103,181
10,4.641588834,2.7849533,1.6,-0.316227766,4.5313512,45.313512,3,7,10
202,34.42713741,1275.167535,3.881188119,-0.070359754,7.7190125,1559.240525,87,115,202
186,32.58431755,1192.305727,2.150537634,-0.073323558,7.7391175,1439.475855,83,103,186
133,26.05560093,670.3929804,1.691729323,0,8.310258797,1105.26442,59,74,133
170,30.6878136,1084.182403,1.152941176,0.076696499,7.8082365,1327.400205,78,92,170
194,33.51206219,1037.491987,7.443298969,0.071795816,7.935942,1539.572748,78,116,194
25,8.549879733,37.61947083,0.36,0,8.1013979,202.5349475,11,14,25
62,15.66490599,139.4681953,3.161290323,0.127000127,8.4273871,522.4980002,24,38,62
108,22.6785789,453.9915516,1.814814815,-0.096225045,8.5420262,922.5388296,47,61,108
157,29.10268788,895.324729,1.840764331,0,8.062755102,1265.852551,70,87,157
35,10.69987481,64.19924883,0.714285714,0,8.4462496,295.618736,15,20,35
136,26.44595607,735.4309255,1.058823529,0.085749293,8.2059165,1116.004644,62,74,136
129,25.5305286,545.4429212,4.100775194,0,8.435990798,1088.242813,53,76,129
223,36.77363621,1320.882628,8.291479821,0,7.668642601,1710.1073,90,133,223
121,24.463781,622.7144254,0.669421488,0,8.293908298,1003.562904,56,65,121
54,14.28660947,185.7259231,0,-0.136082763,8.5692199,462.7378746,27,27,54
183,32.23299987,1141.365241,2.409836066,0,7.815674098,1430.26836,81,102,183
280,42.79949922,1866.363877,12.01428571,-0.05976143,7.212,2019.36,111,169,280
31,9.868272403,97.40939856,0.806451613,0,7.252,224.812,18,13,31
136,26.44595607,620.7021455,3.558823529,-0.085749293,8.376051199,1139.142963,57,79,136
111,23.09663188,595.5185626,0.081081081,0,8.182,908.202,54,57,111
86,19.48343981,409.152236,0,-0.107832773,8.28,712.08,43,43,86
90,20.0829885,441.8257471,0,-0.105409255,8.254,742.86,45,45,90
126,25.13315618,614.3660401,1.555555556,0.089087081,8.379718698,1055.844556,56,70,126
67,16.49617297,276.2493444,0.014925373,0,8.3695344,560.7588048,34,33,67
102,21.83065575,482.8427388,0.352941176,0.099014754,8.4841322,865.3814844,48,54,102
6,3.301927249,1.100642416,0.666666667,0.40824829,4.8785199,29.2711194,2,4,6
157,29.10268788,947.5983467,1.076433121,0,7.96,1249.72,72,85,157
28,9.220872584,69.15654438,0.142857143,-0.188982237,7.9074842,221.4095576,15,13,28
129,25.5305286,724.3545325,0.379844961,0,8.114,1046.706,61,68,129
61,15.49601007,192.0489117,0.409836066,0,8.7650281,534.6667141,28,33,61
94,20.6737171,309.2260239,3.446808511,0.103142125,8.5938344,807.8204336,38,56,94
233,37.86494067,1215.903374,14.93991416,0,7.569239798,1763.632873,87,146,233
97,21.11127629,411.7787086,0.835051546,0,8.6042799,834.6151503,44,53,97
168,30.44665044,979.0047958,2.380952381,0.077151675,7.993932702,1342.980694,74,94,168
82,18.87451938,341.1224112,0.195121951,-0.110431526,8.5292762,699.4006484,39,43,82
120,24.32880798,516.9871696,2.7,-0.091287093,8.47563,1017.0756,51,69,120
169,30.56735094,924.617148,3.698224852,0,8.061779101,1362.440668,72,97,169
124,24.86648825,415.1099249,8.258064516,0.089802651,8.252,1023.248,46,78,124
183,32.23299987,1003.978685,5.25136612,0,7.985008699,1461.256592,76,107,183
13,5.528774814,17.86219555,0.076923077,0,7.2388634,94.1052242,7,6,13
41,11.89020214,52.78089729,4.12195122,0,7.482,306.762,14,27,41
138,26.7045988,574.7294089,5.68115942,-0.085125653,8.360143703,1153.699831,55,83,138
246,39.26058243,1517.118279,10.16260163,0.063757671,7.499122,1844.784012,98,148,246
245,39.15411297,1519.179583,9.8,0,7.4996644,1837.417778,98,147,245
190,33.04981762,1183.879257,3.031578947,-0.072547625,7.7853239,1479.211541,83,107,190
214,35.77743342,1165.608719,9.887850467,0.068358593,7.785116299,1666.014888,84,130,214
147,27.85340046,889.0350676,0.551020408,0,7.948817803,1168.476217,69,78,147
38,11.30287864,124.9265533,0.421052632,-0.162221421,7.751,294.538,21,17,38
233,37.86494067,1451.218542,7.935622318,0,7.567,1763.111,95,138,233
113,23.37324236,356.1833924,7.442477876,0,8.246,931.798,42,71,113
135,26.31615964,537.2395258,6.22962963,0,8.384760904,1131.942722,53,82,135
84,19.1801879,304.1429795,1.19047619,-0.109108945,8.6762244,728.8028496,37,47,84
26,8.776382955,81.01276574,1.384615385,0.196116135,6.525,169.65,16,10,26
139,26.83345121,472.9637084,10.94244604,0,8.073,1122.147,50,89,139
37,11.10370247,63.02101401,1.324324324,0,8.2675561,305.8995757,15,22,37
86,19.48343981,254.190924,3.76744186,0.107832773,8.5818224,738.0367264,34,52,86
106,22.39772511,313.1455529,7.396226415,-0.097128586,8.215,870.79,39,67,106
96,20.96593115,340.6963812,2.666666667,0.102062073,8.6353283,828.9915168,40,56,96
80,18.56635533,292.4200965,0.8,0.111803399,8.6929301,695.434408,36,44,80
109,22.81835497,414.4985582,3.311926606,0,8.5281404,929.5673036,45,64,109
156,28.97897803,748.9951244,5.025641026,0.080064077,8.215325301,1281.590747,64,92,156
226,37.10270951,1404.64948,7.079646018,-0.066519011,7.604171398,1718.542736,93,133,226
143,27.34580368,820.3741105,0.846153846,0,8.075052699,1154.732536,66,77,143
17,6.611489018,21.77902265,0.058823529,0,7.7507291,131.7623947,8,9,17
92,20.37942306,400.0569352,0.391304348,-0.104257207,8.563544,787.846048,43,49,92
88,19.78434977,316.0999521,1.636363636,0.106600358,8.7325958,768.4684304,38,50,88
203,34.54066479,1130.143328,7.492610837,0,7.877397,1599.111591,82,121,203
173,31.04779308,1105.875728,1.300578035,0,7.788234798,1347.36462,79,94,173
148,27.97957694,691.9273758,4.567567568,-0.082199494,8.268228297,1223.697788,61,87,148
131,25.79373283,563.5241478,4.038167939,0,8.423736702,1103.509508,54,77,131
92,20.37942306,263.6034069,5.260869565,-0.104257207,8.3849123,771.4119316,35,57,92
80,18.56635533,276.1745356,1.25,-0.111803399,8.6776541,694.212328,35,45,80
22,7.851424411,47.10854646,0.181818182,0.213200716,7.6627645,168.580819,12,10,22
191,33.16568041,912.6639594,10.60209424,0,7.911,1511.001,73,118,191
96,20.96593115,432.42233,0.375,-0.102062073,8.5346735,819.328656,45,51,96
218,36.22188069,1186.34967,10.56880734,-0.067728546,7.7291175,1684.947615,85,133,218
113,23.37324236,466.6374758,2.557522124,0,8.5269874,963.5495762,48,65,113
256,40.3174736,1687.034286,9,0.0625,7.385434898,1890.671334,104,152,256
158,29.22613535,893.4318593,2.050632911,0.079555728,8.079199899,1276.513584,70,88,158
152,28.48146944,556.5129225,11.60526316,-0.081110711,7.98,1212.96,55,97,152
126,25.13315618,469.1522488,6.222222222,-0.089087081,8.384606698,1056.460444,49,77,126
47,13.02362568,105.2973991,1.042553191,0,8.6393548,406.0496756,20,27,47
139,26.83345121,552.49883,6.913669065,0,8.311590403,1155.311066,54,85,139
20,7.368062997,20.63057639,0.8,0.223606798,7.5685707,151.371414,8,12,20
121,24.463781,456.1180986,5.165289256,0,8.430997198,1020.150661,48,73,121
57,14.81096096,98.73973972,5.070175439,0,7.912,450.984,20,37,57
36,10.90272356,39.97665304,4,0.166666667,7.2444202,260.7991272,12,24,36
105,22.25663649,562.1390474,0.00952381,0,8.1868368,859.617864,52,53,105
184,32.3503176,1111.163083,3.130434783,0.073720978,7.874345402,1448.879554,80,104,184
174,31.16732279,967.6199868,3.885057471,0.075809804,8.027257201,1396.742753,74,100,174
159,29.34932266,744.2545219,6.044025157,0,8.187617698,1301.831214,64,95,159
266,41.36068833,1697.9651,11.78947368,-0.061313934,7.339,1952.174,105,161,266
119,24.19345952,458.6591989,4.445378151,0,8.461438101,1006.911134,48,71,119
88,19.78434977,350.7225642,0.727272727,0.106600358,8.6660339,762.6109832,40,48,88
163,29.83951337,785.3467016,5.895705521,0,8.161784,1330.370792,66,97,163
166,30.20452836,853.7328137,4.722891566,-0.077615053,8.118935699,1347.743326,69,97,166
93,20.52683379,310.3304119,3.107526882,0,8.6127875,800.9892375,38,55,93
111,23.09663188,449.8641273,2.603603604,0,8.5347878,947.3614458,47,64,111
123,24.73261712,575.4857739,1.829268293,0,8.420923902,1035.77364,54,69,123
45,12.65148998,106.8348043,0.555555556,0,8.6305467,388.3746015,20,25,45
204,34.6540059,1020.254703,11.29411765,0.070014004,7.859,1603.236,78,126,204
15,6.082201996,36.49321197,1.666666667,0,4.8687285,73.0309275,10,5,15
175,31.28662373,1101.646717,1.651428571,0,7.817593903,1368.078933,79,96,175
204,34.6540059,1300.544457,3.843137255,0.070014004,7.704123799,1571.641255,88,116,204
31,9.868272403,57.93630895,0.290322581,0,8.4582916,262.2070396,14,17,31
129,25.5305286,465.4868471,7.449612403,0,8.338759,1075.699911,49,80,129
213,35.66589026,1224.026562,7.892018779,0,7.782182399,1657.604851,86,127,213
131,25.79373283,650.9471812,1.717557252,0,8.333396901,1091.674994,58,73,131
147,27.85340046,562.7523765,9.31292517,0,8.131801,1195.374747,55,92,147
73,17.46687612,155.5269791,6.04109589,0,8.121,592.833,26,47,73
248,39.47308961,1607.573408,8.532258065,-0.063500064,7.442,1845.616,101,147,248
44,12.46335937,143.3286327,0.090909091,-0.150755672,8.2034567,360.9520948,23,21,44
36,10.90272356,55.11932465,1.777777778,0.166666667,8.1125199,292.0507164,14,22,36
45,12.65148998,86.03013186,1.8,0,8.4199526,378.897867,18,27,45
131,25.79373283,720.6493294,0.618320611,0,8.163,1069.353,61,70,131
163,29.83951337,834.0418583,4.472392638,0,8.144740301,1327.592669,68,95,163
161,29.59492548,837.4812451,3.881987578,0,8.145862801,1311.483911,68,93,161
103,21.97310764,316.1567526,6.067961165,0,8.3426336,859.2912608,39,64,103
118,24.05773139,519.8916529,2.169491525,-0.092057462,8.478915602,1000.512041,51,67,118
52,13.93163954,174.1454942,0,0.138675049,8.6096079,447.6996108,26,26,52
57,14.81096096,109.1333965,3.947368421,0,8.1581666,465.0154962,21,36,57
48,13.207709,151.8886534,0,0.144337567,8.5722553,411.4682544,24,24,48
252,39.89639857,1599.022324,9.920634921,-0.062994079,7.438444401,1874.487989,101,151,252
121,24.463781,365.1370949,10.12396694,0,8.054,974.534,43,78,121
70,16.98499252,256.2307443,0.228571429,-0.119522861,8.6215541,603.508787,33,37,70
183,32.23299987,1113.183384,2.890710383,0,7.859388503,1438.268096,80,103,183
127,25.26596057,487.4141999,5.74015748,0,8.420548197,1069.409621,50,77,127
142,27.21816837,678.5374368,3.408450704,0.083918136,8.346031,1185.136402,60,82,142
169,30.56735094,1030.969825,1.710059172,0,7.901286201,1335.317368,76,93,169
257,40.42239878,1717.558734,8.595330739,0,7.3619767,1892.028012,105,152,257
233,37.86494067,1420.666572,8.690987124,0,7.583796798,1767.024654,94,139,233
4,2.5198421,3.77976315,1,-0.5,1.1537603,4.6150412,3,1,4
85,19.33211117,354.801099,0.294117647,0,8.5640394,727.943349,40,45,85
108,22.6785789,434.6727622,2.37037037,0.096225045,8.5670241,925.2386028,46,62,108
249,39.57912889,1480.164049,12.14859438,0,7.486041,1864.024209,97,152,249
178,31.64317125,1180.752491,1.101123596,0.074953169,7.690835899,1368.96879,82,96,178
129,25.5305286,566.4214951,3.418604651,0,8.431390403,1087.649362,54,75,129
52,13.93163954,160.749687,0.076923077,-0.138675049,8.6704087,450.8612524,25,27,52
113,23.37324236,322.6748503,9.637168142,0,8.027,907.051,40,73,113
154,28.73076218,849.9828083,2.103896104,0.080582296,8.132391903,1252.388353,68,86,154
166,30.20452836,828.986935,5.421686747,0.077615053,8.141947898,1351.563351,68,98,166
32,10.0793684,85.67463139,0.125,-0.176776695,8.0724058,258.3169856,17,15,32
63,15.83289626,163.3552789,1.920634921,0,8.6315499,543.7876437,26,37,63
46,12.83823205,75.91302427,3.130434783,-0.147441956,8.0807757,371.7156822,17,29,46
38,11.30287864,62.46327667,1.684210526,-0.162221421,8.1472749,309.5964462,15,23,38
189,32.93375139,1157.38612,3.306878307,0,7.826299899,1479.170681,82,107,189
178,31.64317125,986.6269686,4.404494382,-0.074953169,7.998157601,1423.672053,75,103,178
208,35.10553182,1205.06489,6.942307692,-0.069337525,7.811560399,1624.804563,85,123,208
56,14.63722284,227.399712,0.285714286,0.133630621,8.106,453.936,30,26,56
187,32.70100282,1190.176605,2.35828877,0,7.758208299,1450.784952,83,104,187
25,8.549879733,53.35124954,0.04,0,8.0211366,200.528415,13,12,25
117,23.9216193,461.2578901,3.769230769,0,8.488974,993.209958,48,69,117
198,33.97114045,1254.187054,3.414141414,0.071066905,7.7377245,1532.069451,86,112,198
44,12.46335937,51.55298648,5.818181818,0.150755672,7.156,314.864,14,30,44
125,25,378.4,10.952,0,8.023,1002.875,44,81,125
129,25.5305286,609.5661093,2.240310078,0,8.391081101,1082.449462,56,73,129
261,40.84074649,1708.739278,9.965517241,0,7.357,1920.177,105,156,261
82,18.87451938,243.0669813,3.12195122,-0.110431526,8.6114153,706.1360546,33,49,82
228,37.32128296,1340.619769,9.280701754,-0.066226618,7.632207601,1740.143333,91,137,228
9,4.326748711,5.768998281,0.111111111,0,6.4626693,58.1640237,4,5,9
27,9,52,0.037037037,0,8.3315533,224.9519391,13,14,27
78,18.25561221,294.8983511,0.461538462,0.113227703,8.6612385,675.576603,36,42,78
86,19.48343981,224.7392127,5.627906977,0.107832773,8.35463,718.49818,32,54,86
177,31.52454625,1015.197252,3.531073446,0,7.972437102,1411.121367,76,101,177
34,10.49508462,64.82258149,0.470588235,-0.171498585,8.4481856,287.2383104,15,19,34
189,32.93375139,993.2401213,7.243386243,0,7.963002899,1505.007548,76,113,189
83,19.02766054,375.9682324,0.012048193,0,8.3789889,695.4560787,41,42,83
178,31.64317125,883.5200061,7.280898876,-0.074953169,8.042055399,1431.485861,71,107,178
162,29.71734524,1018.094235,0.888888889,-0.07856742,7.848,1271.376,75,87,162
140,26.961995,593.16389,5.6,0.084515425,8.35315,1169.441,56,84,140
84,19.1801879,374.4703351,0.047619048,-0.109108945,8.4179563,707.1083292,41,43,84
144,27.47314182,608.987977,6.25,-0.083333333,8.281428299,1192.525675,57,87,144
140,26.961995,752.2396604,1.4,-0.084515425,8.197733,1147.68262,63,77,140
51,13.75245135,161.7935453,0.019607843,0,8.6337602,440.3217702,25,26,51
194,33.51206219,907.9350457,11.87628866,-0.071795816,7.865,1525.81,73,121,194
109,22.81835497,433.3394018,2.651376147,0,8.5448825,931.3921925,46,63,109
192,33.28134117,1123.245264,4.6875,-0.072168784,7.876016698,1512.195206,81,111,192
230,37.53921823,1221.16709,13.63478261,-0.065938047,7.6037052,1748.852196,87,143,230
71,17.14637163,239.5662065,0.690140845,0,8.7033118,617.9351378,32,39,71
73,17.46687612,180.8898403,3.95890411,0,8.4576529,617.4086617,28,45,73
99,21.40047747,337.219645,3.646464646,0,8.539225,845.383275,40,59,99
51,13.75245135,124.5810299,0.960784314,0,8.7089912,444.1585512,22,29,51
156,28.97897803,772.7727474,4.333333333,-0.080064077,8.1946415,1278.364074,65,91,156
205,34.76716196,992.475277,12.68780488,0,7.805,1600.025,77,128,205
36,10.90272356,33.31387754,5.444444444,-0.166666667,6.557,236.052,11,25,36
288,43.61089423,1985.204248,11.68055556,-0.058925565,7.135,2054.88,115,173,288
123,24.73261712,641.8415759,0.658536585,0,8.267,1016.841,57,66,123
132,25.9248322,767.1393529,0.272727273,-0.087038828,8.018,1058.376,63,69,132
145,27.60018553,743.4918945,2.489655172,0,8.2692744,1199.044788,63,82,145
76,17.94220144,331.9307266,0,0.114707867,8.3939294,637.9386344,38,38,76
125,25,594,1.8,0,8.399803304,1049.975413,55,70,125
76,17.94220144,264.8835528,0.842105263,0.114707867,8.7114781,662.0723356,34,42,76
183,32.23299987,1030.75145,4.595628415,0,7.961817601,1457.012621,77,106,183
180,31.87975708,806.9120735,10.75555556,0.074535599,7.96,1432.8,68,112,180
195,33.6271252,931.5575916,11.32820513,0,7.881,1536.795,74,121,195
161,29.59492548,913.5824821,2.242236025,0,8.052782099,1296.497918,71,90,161
44,12.46335937,67.98196019,3.272727273,0.150755672,7.9960154,351.8246776,16,28,44
101,21.68773756,464.2464217,0.485148515,0,8.5125465,859.7671965,47,54,101
128,25.39841683,410.7400222,10.125,0.088388348,8.137,1041.536,46,82,128
42,12.08276124,44.87882745,6.095238095,-0.15430335,6.829,286.818,13,29,42
18,6.868285455,7.631428284,3.555555556,-0.23570226,4.9766306,89.5793508,5,13,18
248,39.47308961,1639.724876,7.806451613,0.063500064,7.424,1841.152,102,146,248
120,24.32880798,476.8446365,4.033333333,-0.091287093,8.4662575,1015.9509,49,71,120
49,13.39051828,114.775871,1,0,8.6862805,425.6277445,21,28,49
200,34.19951893,1249.992417,3.92,0.070710678,7.7549111,1550.98222,86,114,200
239,38.51222415,1378.705397,11.75313808,0,7.560568,1806.975752,93,146,239
220,36.44308387,1268.219319,8.8,0.067419986,7.7116879,1696.571338,88,132,220
29,9.439130677,88.53253601,0.862068966,0,7.129,206.741,17,12,29
150,28.23108087,857.4720295,1.306666667,0.081649658,8.1021962,1215.32943,68,82,150
58,14.98368597,209.7716035,0,-0.131306433,8.5709696,497.1162368,29,29,58
192,33.28134117,1151.326396,4.083333333,0.072168784,7.854648198,1508.092454,82,110,192
102,21.83065575,404.9372615,1.921568627,0.099014754,8.6074275,877.957605,44,58,102
122,24.59838269,534.7123844,2.655737705,0.090535746,8.4781315,1034.332043,52,70,122
156,28.97897803,635.6798898,9.256410256,-0.080064077,8.105233699,1264.416457,59,97,156
121,24.463781,668.4071072,0.20661157,0,8.132,983.972,58,63,121
81,18.72075441,229.2714614,3.567901235,0,8.5806587,695.0333547,32,49,81
148,27.97957694,786.4529736,2.189189189,-0.082199494,8.204320703,1214.239464,65,83,148
169,30.56735094,706.4856377,10.9408284,0,7.991,1350.479,63,106,169
164,29.96143192,668.6514684,10.75609756,-0.078086881,8.014,1314.296,61,103,164
154,28.73076218,824.9833139,2.597402597,-0.080582296,8.1506825,1255.205105,67,87,154
37,11.10370247,72.02401601,0.675675676,0,8.4599363,313.0176431,16,21,37
218,36.22188069,1360.812857,5.944954128,-0.067728546,7.6591935,1669.704183,91,127,218
136,26.44595607,495.8616764,8.5,-0.085749293,8.252253301,1122.306449,51,85,136
134,26.18604233,691.7805212,1.462686567,0.086386843,8.285539097,1110.262239,60,74,134
67,16.49617297,244.2418446,0.134328358,0,8.6330884,578.4169228,32,35,67
139,26.83345121,573.3478425,6.050359712,0,8.342339698,1159.585218,55,84,139
186,32.58431755,1107.166059,3.634408602,0.073323558,7.8882605,1467.216453,80,106,186
27,9,44,0.333333333,0,8.2638525,223.1240175,12,15,27
95,20.82008046,395.8006875,0.852631579,0,8.6226911,819.1556545,43,52,95
164,29.96143192,736.6127652,7.902439024,0.078086881,8.129997799,1333.319639,64,100,164
170,30.6878136,846.9836554,6.023529412,-0.076696499,8.1055144,1377.937448,69,101,170
156,28.97897803,821.4425695,3.102564103,-0.080064077,8.155428,1272.246768,67,89,156
76,17.94220144,297.4628133,0.210526316,0.114707867,8.6088077,654.2693852,36,40,76
66,16.3316209,173.7090587,2.181818182,-0.123091491,8.6059419,567.9921654,27,39,66
55,14.46244742,89.93012759,5.254545455,0,7.792,428.56,19,36,55
59,15.15542109,118.6746533,3.813559322,0,8.218,484.862,22,37,59
193,33.3968013,1066.275076,6.347150259,0,7.924164798,1529.363806,79,114,193
143,27.34580368,567.9513073,7.615384615,0,8.243670699,1178.84491,55,88,143
105,22.25663649,298.026961,8.00952381,0,8.152,855.96,38,67,105
136,26.44595607,457.3594756,10.61764706,-0.085749293,8.091,1100.376,49,87,136
154,28.73076218,927.2200521,0.935064935,-0.080582296,7.968,1227.072,71,83,154
140,26.961995,659.028192,3.457142857,-0.084515425,8.3465163,1168.512282,59,81,140
138,26.7045988,780.2387126,0.724637681,0.085125653,8.112,1119.456,64,74,138
240,38.61957538,1436.970034,10.41666667,-0.064549722,7.5470136,1811.283264,95,145,240
97,21.11127629,306.0046852,4.546391753,0,8.4718489,821.7693433,38,59,97
255,40.2124117,1592.726895,11.01568627,0,7.428733302,1894.326992,101,154,255
85,19.33211117,255.1838674,3.4,0,8.6103045,731.8758825,34,51,85
131,25.79373283,697.0214825,0.923664122,0,8.230304504,1078.16989,60,71,131
179,31.7615743,907.0679768,6.843575419,0,8.038547402,1438.899985,72,107,179
43,12.27379797,144.431204,0.209302326,0,8.0695129,346.9890547,23,20,43
139,26.83345121,828.1691058,0.352517986,0,7.971,1107.969,66,73,139
144,27.47314182,843.6543968,0.694444444,-0.083333333,8.017097701,1154.462069,67,77,144
76,17.94220144,205.3909901,3.368421053,0.114707867,8.5822735,652.252786,30,46,76
193,33.3968013,1039.28077,7.093264249,0,7.933787503,1531.220988,78,115,193
195,33.6271252,1062.617156,7.020512821,0,7.9213778,1544.668671,79,116,195
176,31.40569764,812.9793094,9.090909091,0.075377836,8.034,1413.984,68,108,176
137,26.57543476,494.6522529,8.941605839,0,8.218476401,1125.931267,51,86,137
76,17.94220144,314.4606883,0.052631579,-0.114707867,8.4862161,644.9524236,37,39,76
227,37.21207647,1170.459145,14.31277533,0,7.613,1728.151,85,142,227
140,26.961995,851.6138706,0.257142857,-0.084515425,7.906,1106.84,67,73,140
131,25.79373283,502.0917459,6.419847328,0,8.392552504,1099.424378,51,80,131
125,25,396,9.8,0,8.124,1015.5,45,80,125
43,12.27379797,157.5613135,0.581395349,0,7.68,330.24,24,19,43
225,36.99318111,1376.475166,7.471111111,0,7.629771702,1716.698633,92,133,225
60,15.32618865,237.555924,0.066666667,-0.129099445,8.327,499.62,31,29,60
88,19.78434977,267.5383662,3.681818182,-0.106600358,8.5637479,753.6098152,35,53,88
190,33.04981762,1071.857769,5.389473684,-0.072547625,7.9188345,1504.578555,79,111,190
192,33.28134117,1095.510813,5.333333333,0.072168784,7.912066599,1519.116787,80,112,192
136,26.44595607,759.5434149,0.735294118,-0.085749293,8.122,1104.592,63,73,136
110,22.95770425,432.0222526,2.945454545,0.095346259,8.547163,940.18793,46,64,110
144,27.47314182,587.6199778,7.111111111,0.083333333,8.265454903,1190.225506,56,88,144
250,39.6850263,1447.709759,13.456,0.063245553,7.4789385,1869.734625,96,154,250
186,32.58431755,895.5431791,9.483870968,0.073323558,7.964303199,1481.360395,72,114,186
115,23.64822562,545.3486465,1.052173913,0,8.4311504,969.582296,52,63,115
89,19.93394877,367.322202,0.550561798,0,8.6168184,766.8968376,41,48,89
85,19.33211117,337.0610441,0.576470588,0,8.6281486,733.392631,39,46,85
215,35.88880298,1108.713625,12.09767442,0,7.752738102,1666.838692,82,133,215
185,32.46742298,1081.428435,3.940540541,0,7.909441,1463.246585,79,106,185
108,22.6785789,514.467762,0.592592593,0.096225045,8.4690273,914.6549484,50,58,108
8,4,3,0.5,-0.353553391,5.1597124,41.2776992,3,5,8
110,22.95770425,413.2386764,3.636363636,-0.095346259,8.5042551,935.468061,45,65,110
108,22.6785789,415.7739465,3,-0.096225045,8.5326657,921.5278956,45,63,108
92,20.37942306,295.0586034,3.52173913,-0.104257207,8.5694225,788.38687,37,55,92
81,18.72075441,201.0747696,5.444444444,0,8.3519262,676.5060222,30,51,81
155,28.85500355,899.159143,1.451612903,0,8.0438234,1246.792627,70,85,155
131,25.79373283,606.4480696,2.755725191,0,8.398551099,1100.210194,56,75,131
14,5.808785734,23.23514293,0.285714286,0.267261242,7.0522783,98.7318962,8,6,14
137,26.57543476,641.3020972,3.218978102,0,8.367249701,1146.313209,58,79,137
177,31.52454625,1154.118981,1.271186441,0,7.732165503,1368.593294,81,96,177
131,25.79373283,407.5803584,11.61068702,0,7.993,1047.083,46,85,131
109,22.81835497,533.8239008,0.449541284,0,8.4048161,916.1249549,51,58,109
89,19.93394877,236.5196618,5.943820225,0,8.304,739.056,33,56,89
9,4.326748711,9.614997135,0.111111111,0,6.2570713,56.3136417,5,4,9
285,43.30751256,1923.15747,12.21403509,0,7.172,2044.02,113,172,285
236,38.18926811,1267.365881,14.25423729,-0.065094455,7.559242301,1783.981183,89,147,236
45,12.65148998,76.47122832,2.688888889,0,8.1815991,368.1719595,17,28,45
126,25.13315618,450.0031774,7.142857143,0.089087081,8.346739302,1051.689152,48,78,126
117,23.9216193,352.0771661,9.307692308,0,8.096,947.232,42,75,117
203,34.54066479,1021.927255,10.8817734,0,7.867,1597.001,78,125,203
160,29.47225199,839.2223754,3.6,0.079056942,8.1517217,1304.275472,68,92,160
90,20.0829885,297.2282298,2.844444444,-0.105409255,8.6315262,776.837358,37,53,90
214,35.77743342,1137.85613,10.76635514,-0.068358593,7.7734955,1663.528037,83,131,214
130,25.66229944,746.5755114,0.276923077,0.087705802,8.065,1048.45,62,68,130
203,34.54066479,969.8610309,12.81280788,0,7.814,1586.242,76,127,203
286,43.40875753,1886.914943,13.44055944,0.05913124,7.183,2054.338,112,174,286
202,34.42713741,1216.880006,5.069306931,-0.070359754,7.794563698,1574.501867,85,117,202
180,31.87975708,1063.721228,3.2,0.074535599,7.9235781,1426.244058,78,102,180
138,26.7045988,662.1966455,2.898550725,-0.085125653,8.3392195,1150.812291,59,79,138
61,15.49601007,140.2261895,2.770491803,0,8.4601734,516.0705774,24,37,61
30,9.654893846,87.5377042,0.533333333,-0.182574186,7.4721698,224.165094,17,13,30
243,38.9407384,1371.098592,13.37037037,0,7.526,1828.818,93,150,243
100,21.5443469,527.8364991,0,0.1,8.251626,825.1626,50,50,100
128,25.39841683,392.8817604,11.28125,-0.088388348,8.01,1025.28,45,83,128
115,23.64822562,483.6576232,2.513043478,0,8.5165472,979.402928,49,66,115
42,12.08276124,60.41380618,3.428571429,-0.15430335,7.7659122,326.1683124,15,27,42
170,30.6878136,1001.866856,2.352941176,-0.076696499,7.955012,1352.35204,75,95,170
100,21.5443469,465.78878,0.36,-0.1,8.4849947,848.49947,47,53,100
29,9.439130677,78.11694354,0.310344828,0,7.7463826,224.6450954,16,13,29
102,21.83065575,503.3892384,0.156862745,-0.099014754,8.3885719,855.6343338,49,53,102
130,25.66229944,586.284841,3.076923077,-0.087705802,8.4087848,1093.142024,55,75,130
113,23.37324236,614.3232726,0.079646018,0,8.148623,920.794399,55,58,113
119,24.19345952,402.5466373,7.067226891,0,8.3033953,988.1040407,45,74,119
47,13.02362568,84.79211611,2.574468085,0,8.311425,390.636975,18,29,47
174,31.16732279,865.1618912,6.643678161,0.075809804,8.083848098,1406.589569,70,104,174
179,31.7615743,958.5252759,5.368715084,0,8.023282101,1436.167496,74,105,179
145,27.60018553,816.5847996,1.165517241,0,8.1168884,1176.948818,66,79,145
89,19.93394877,314.9115952,1.898876404,0,8.705923,774.827147,38,51,89
72,17.30699484,286.0461648,0.055555556,-0.11785113,8.5113126,612.8145072,35,37,72
125,25,708,0.2,0,8.08,1010,60,65,125
123,24.73261712,664.7644894,0.398373984,0,8.193,1007.739,58,65,123
29,9.439130677,23.43508306,4.172413793,0,6.4440314,186.8769106,9,20,29
237,38.29707136,1412.628683,10.13080169,0,7.570759899,1794.270096,94,143,237
212,35.5541724,1113.91893,10.86792453,0.068680282,7.804320302,1654.515904,82,130,212
230,37.53921823,1426.816721,7.669565217,0.065938047,7.5910016,1745.930368,94,136,230
54,14.28660947,158.7401052,0.296296296,-0.136082763,8.7379768,471.8507472,25,29,54
117,23.9216193,423.2286491,5.341880342,0,8.4169243,984.7801431,46,71,117
99,21.40047747,467.3518413,0.252525253,0,8.4747744,839.0026656,47,52,99
231,37.64794886,1364.452935,9.562770563,0,7.6133879,1758.692605,92,139,231
134,26.18604233,739.071732,0.746268657,0.086386843,8.167,1094.378,62,72,134
99,21.40047747,272.3697132,7.363636364,0,8.175,809.325,36,63,99
30,9.654893846,77.23915077,0.133333333,0.182574186,8.1227081,243.681243,16,14,30
59,15.15542109,180.3238239,0.423728814,0,8.7680379,517.3142361,27,32,59
107,22.53837074,345.4479254,5.841121495,0,8.3670898,895.2786086,41,66,107
177,31.52454625,1042.269179,2.988700565,0,7.934632802,1404.430006,77,100,177
67,16.49617297,172.8404989,2.52238806,0,8.5817422,574.9767274,27,40,67
157,29.10268788,747.4015129,5.356687898,0,8.203507197,1287.95063,64,93,157
61,15.49601007,178.3311323,0.803278689,0,8.756151,534.125211,27,34,61
213,35.66589026,1341.238408,5.112676056,0,7.683847,1636.659411,90,123,213
222,36.66361774,1264.399358,9.531531532,0.067115606,7.696693099,1708.665868,88,134,222
105,22.25663649,540.5183148,0.085714286,0,8.3009923,871.6041915,51,54,105
115,23.64822562,503.8100241,1.956521739,0,8.5140702,979.118073,50,65,115
122,24.59838269,435.9156014,6.426229508,-0.090535746,8.352759098,1019.03661,47,75,122
128,25.39841683,702.4249655,0.5,0.088388348,8.177,1046.656,60,68,128
28,9.220872584,79.03605072,0.571428571,0.188982237,7.4787911,209.4061508,16,12,28
125,25,451.2,6.728,0,8.357681504,1044.710188,48,77,125
114,23.510935,505.2788663,1.719298246,0.093658581,8.5225671,971.5726494,50,64,114
229,37.4303299,1398.488658,8.074235808,0,7.6059921,1741.772191,93,136,229
213,35.66589026,1252.827187,7.14084507,0,7.7684543,1654.680766,87,126,213
67,16.49617297,310.2265365,0.373134328,0,7.883,528.161,36,31,67
209,35.21795959,1260.769252,5.861244019,0,7.763748502,1622.623437,87,122,209
96,20.96593115,358.1679905,2.041666667,-0.102062073,8.6288868,828.3731328,41,55,96
62,15.66490599,191.0107892,0.580645161,0.127000127,8.7945555,545.262441,28,34,62
76,17.94220144,165.7292817,6.368421053,-0.114707867,8.131,617.956,27,49,76
173,31.04779308,769.9134817,9.716763006,0,8.026,1388.498,66,107,173
252,39.89639857,1663.299855,8.396825397,-0.062994079,7.4,1864.8,103,149,252
72,17.30699484,144.224957,6.722222222,-0.11785113,7.955,572.76,25,47,72
120,24.32880798,457.3815901,4.8,0.091287093,8.458024,1014.96288,48,72,120
223,36.77363621,1380.577948,6.820627803,0,7.631761099,1701.882725,92,131,223
203,34.54066479,1273.070216,4.142857143,0,7.731709202,1569.536968,87,116,203
167,30.32571022,827.3289568,5.754491018,0,8.131735198,1357.999778,68,99,167
64,16,162.5,2.25,0.125,8.6123888,551.1928832,26,38,64
144,27.47314182,546.0286937,9,0.083333333,8.1728845,1176.895368,54,90,144
242,38.83383169,1372.984562,12.95867769,-0.064282435,7.533404198,1823.083816,93,149,242
17,6.611489018,11.66733356,1.470588235,0,6.5580262,111.4864454,6,11,17
12,5.241482788,18.34518976,0.333333333,-0.288675135,6.17011,74.04132,7,5,12
223,36.77363621,1177.415975,12.59641256,0,7.6680557,1709.976421,85,138,223
125,25,432.4,7.688,0,8.293315104,1036.664388,47,78,125
247,39.36690772,1423.265125,13.15384615,0,7.499,1852.253,95,152,247
225,36.99318111,1146.295372,14.44,0,7.626,1715.85,84,141,225
142,27.21816837,701.5387059,2.816901408,-0.083918136,8.306658697,1179.545535,61,81,142
158,29.22613535,972.2314394,0.911392405,-0.079555728,7.907,1249.306,73,85,158
243,38.9407384,1400.905083,12.44855967,0,7.5310087,1830.035114,94,149,243
152,28.48146944,641.2078185,7.605263158,-0.081110711,8.187104901,1244.439945,59,93,152
113,23.37324236,391.3466774,5.530973451,0,8.4026857,949.5034841,44,69,113
268,41.56775114,1825.878979,9.328358209,-0.061084722,7.271,1948.628,109,159,268
117,23.9216193,521.3686257,1.923076923,0,8.4878981,993.0840777,51,66,117
88,19.78434977,425.3635201,0,0.106600358,8.298,730.224,44,44,88
67,16.49617297,292.9917289,0.134328358,0,8.148,545.916,35,32,67
176,31.40569764,1099.5563,1.840909091,-0.075377836,7.825383699,1377.267531,79,97,176
128,25.39841683,679.0108,0.78125,-0.088388348,8.228914102,1053.301005,59,69,128
185,32.46742298,1000.347627,5.886486486,0,7.981304703,1476.54137,76,109,185
214,35.77743342,1110.43791,11.68224299,0.068358593,7.7723955,1663.292637,82,132,214
178,31.64317125,834.0997724,8.988764045,-0.074953169,8.017,1427.026,69,109,178
181,31.99772119,1089.336784,2.922651934,0,7.883835901,1426.974298,79,102,181
187,32.70100282,996.768535,6.550802139,0,7.973781401,1491.097122,76,111,187
174,31.16732279,840.44298,7.448275862,-0.075809804,8.070643201,1404.291917,69,105,174
108,22.6785789,493.8890516,0.925925926,-0.096225045,8.4952516,917.4871728,49,59,108
204,34.6540059,1073.594692,9.490196078,0.070014004,7.8855455,1608.651282,80,124,204
166,30.20452836,1037.143444,1.180722892,0.077615053,7.866337102,1305.811959,76,90,166
35,10.69987481,73.3705701,0.257142857,0,8.5378511,298.8247885,16,19,35
135,26.31615964,622.2309747,3.266666667,0,8.3827972,1131.677622,57,78,135
150,28.23108087,782.941976,2.666666667,-0.081649658,8.2063396,1230.95094,65,85,150
235,38.08131249,1298.005588,12.87234043,0,7.5843862,1782.330757,90,145,235
180,31.87975708,830.9990011,9.8,-0.074535599,7.983,1436.94,69,111,180
199,34.08542533,1055.4492,8.447236181,0,7.906937899,1573.480642,79,120,199
195,33.6271252,1202.299061,3.738461538,0,7.791315503,1519.306523,84,111,195
149,28.10546957,760.5453242,2.959731544,0,8.239485597,1227.683354,64,85,149
94,20.6737171,360.6903834,1.531914894,-0.103142125,8.6489014,812.9967316,41,53,94
262,40.94499863,1772.512116,8.79389313,-0.061780206,7.315733099,1916.722072,107,155,262
100,21.5443469,445.9679808,0.64,0.1,8.5635652,856.35652,46,54,100
71,17.14637163,270.9609715,0.126760563,0,8.5860606,609.6103026,34,37,71
128,25.39841683,486.1415722,6.125,0.088388348,8.416974898,1077.372787,50,78,128
206,34.88013418,1180.506289,7.009708738,0.069673301,7.840597301,1615.163044,84,122,206
128,25.39841683,466.6959093,7.03125,-0.088388348,8.351436102,1068.983821,49,79,128
151,28.35641334,687.3143895,5.569536424,0,8.241272298,1244.432117,61,90,151
82,18.87451938,186.9037773,7.024390244,-0.110431526,8.108,664.856,29,53,82
160,29.47225199,790.2247565,4.9,0.079056942,8.1840526,1309.448416,66,94,160
86,19.48343981,428.6356758,0.046511628,0.107832773,8.133,699.438,44,42,86
257,40.42239878,1525.984875,13.54474708,0,7.422,1907.454,99,158,257
209,35.21795959,1349.740939,4.023923445,0,7.656,1600.104,90,119,209
23,8.087579399,63.99736742,1.086956522,0,6.554,150.742,14,9,23
148,27.97957694,669.2412323,5.297297297,0.082199494,8.277177797,1225.022314,60,88,148
99,21.40047747,428.0095494,0.818181818,0,8.5801959,849.4393941,45,54,99
73,17.46687612,222.5232163,1.657534247,0,8.693874,634.652802,31,42,73
46,12.83823205,181.4098006,0.782608696,0.147441956,7.603,349.738,26,20,46
17,6.611489018,7.778222375,2.882352941,0,5.2696677,89.5843509,5,12,17
250,39.6850263,1635.340564,8.464,0.063245553,7.426,1856.5,102,148,250
112,23.23514293,593.7408846,0.142857143,0.094491118,8.2300646,921.7672352,54,58,112
208,35.10553182,1066.668082,11.07692308,0.069337525,7.834191399,1629.511811,80,128,208
102,21.83065575,462.7242914,0.62745098,-0.099014754,8.517165,868.75083,47,55,102
255,40.2124117,1499.05563,13.65098039,0,7.438,1896.69,98,157,255
151,28.35641334,620.8364403,8.112582781,0,8.176277901,1234.617963,58,93,151
175,31.28662373,1046.224697,2.52,0,7.9179112,1385.63446,77,98,175
121,24.463781,600.4746245,1,0,8.352915198,1010.702739,55,66,121
97,21.11127629,356.9329187,2.319587629,0,8.6231384,836.4444248,41,56,97
176,31.40569764,789.0681533,10.02272727,-0.075377836,7.997,1407.472,67,109,176
206,34.88013418,1043.356247,11.18446602,-0.069673301,7.84,1615.04,79,127,206
245,39.15411297,1488.175918,10.61632653,0,7.5092714,1839.771493,97,148,245
240,38.61957538,1498.439525,8.816666667,-0.064549722,7.523,1805.52,97,143,240
63,15.83289626,204.0684407,0.396825397,0,8.7521404,551.3848452,29,34,63
284,43.2061491,1925.412053,11.84507042,-0.059339083,7.173,2037.132,113,171,284
103,21.97310764,441.5954642,1.174757282,0,8.5710173,882.8147819,46,57,103
74,17.62602898,193.4099396,3.459459459,-0.116247639,8.5215633,630.5956842,29,45,74
16,6.349604208,7.93700526,2.25,-0.25,5.5073535,88.117656,5,11,16
156,28.97897803,657.599886,8.307692308,0.080064077,8.1563265,1272.386934,60,96,156
145,27.60018553,651.3643786,5.027586207,0,8.302128503,1203.808633,59,86,145
170,30.6878136,798.2441867,7.623529412,-0.076696499,8.0937902,1375.944334,67,103,170
77,18.09924602,330.4875313,0.012987013,0,8.4359188,649.5657476,38,39,77
57,14.81096096,226.0620357,0.157894737,0,8.231,469.167,30,27,57
159,29.34932266,791.8779511,4.58490566,0,8.181584201,1300.871888,66,93,159
145,27.60018553,893.1039347,0.337931034,0,7.889,1143.905,69,76,145
65,16.16623563,125.8479266,5.553846154,0,7.981,518.765,23,42,65
132,25.9248322,443.0789504,9.818181818,0.087038828,8.169142098,1078.326757,48,84,132
150,28.23108087,711.7996522,4.506666667,0.081649658,8.2616235,1239.243525,62,88,150
176,31.40569764,1017.116344,3.272727273,0.075377836,7.972868102,1403.224786,76,100,176
90,20.0829885,221.3591622,7.511111111,0.105409255,8.109,729.81,32,58,90
232,37.75652271,1274.608129,12.56896552,-0.065653216,7.6024245,1763.762484,89,143,232
157,29.10268788,974.2912579,0.770700637,0,7.896060803,1239.681546,73,84,157
193,33.3968013,986.3304011,8.70984456,0,7.936271601,1531.700419,76,117,193
259,40.63184185,1616.174651,11.67953668,0,7.399971402,1916.592593,102,157,259
14,5.808785734,12.447398,0.285714286,0.267261242,7.5203198,105.2844772,6,8,14
230,37.53921823,1193.094284,14.62608696,0.065938047,7.595,1746.85,86,144,230
218,36.22188069,1214.596091,9.706422018,0.067728546,7.738752702,1687.048089,86,132,218
175,31.28662373,888.5401139,6.222857143,0,8.0691412,1412.09971,71,104,175
51,13.75245135,136.4458899,0.490196078,0,8.7420852,445.8463452,23,28,51
170,30.6878136,727.842732,10.37647059,0.076696499,8.017,1362.89,64,106,170
119,24.19345952,518.4312754,2.428571429,0,8.487921798,1010.062694,51,68,119
122,24.59838269,555.6814975,2.098360656,-0.090535746,8.437013902,1029.315696,53,69,122
34,10.49508462,40.74562265,2.941176471,0.171498585,7.5503919,256.7133246,12,22,34
104,22.11509925,563.935031,0,0.098058068,8.1573256,848.3618624,52,52,104
63,15.83289626,233.7237068,0.015873016,0,8.5839267,540.7873821,31,32,63
43,12.27379797,68.5049189,2.813953488,0,8.0638276,346.7445868,16,27,43
70,16.98499252,145.5856502,5.714285714,-0.119522861,8.084,565.88,25,45,70
37,11.10370247,46.81561041,3.27027027,0,7.531316,278.658692,13,24,37
85,19.33211117,430.3100509,0.105882353,0,8.027,682.295,44,41,85
204,34.6540059,1270.986628,4.411764706,-0.070014004,7.734693098,1577.877392,87,117,204
149,28.10546957,645.4826635,6.44966443,0,8.238304,1227.507296,59,90,149
222,36.66361774,1151.435779,13.13513514,0.067115606,7.674005401,1703.629199,84,138,222
21,7.611662611,20.29776696,1.19047619,0,7.3893747,155.1768687,8,13,21
129,25.5305286,409.6759241,10.6124031,0,8.086,1043.094,46,83,129
119,24.19345952,439.548399,5.25210084,0,8.423212597,1002.362299,47,72,119
194,33.51206219,1119.371974,5.278350515,-0.071795816,7.883521098,1529.403093,81,113,194
277,42.49323999,1805.885997,12.566787,0,7.247,2007.419,109,168,277
112,23.23514293,323.632348,9.142857143,0.094491118,8.081,905.072,40,72,112
194,33.51206219,1010.889629,8.24742268,-0.071795816,7.9284885,1538.126769,77,117,194
54,14.28660947,146.0408968,0.666666667,0.136082763,8.7779672,474.0102288,24,30,54
228,37.32128296,1196.572712,13.75438596,0.066226618,7.621645702,1737.73522,86,142,228
144,27.47314182,652.8686897,4.694444444,-0.083333333,8.311541097,1196.861918,59,85,144
212,35.5541724,1313.491878,5.452830189,-0.068680282,7.708447901,1634.190955,89,123,212
228,37.32128296,1311.155599,10.10526316,0.066226618,7.645080702,1743.0784,90,138,228
114,23.510935,635.2077177,0.035087719,0.093658581,8.0896865,922.224261,56,58,114
78,18.25561221,311.7496854,0.205128205,-0.113227703,8.5583512,667.5513936,37,41,78
257,40.42239878,1588.584544,11.77042802,0,7.417584502,1906.319217,101,156,257
197,33.85666301,1198.21652,4.269035533,0,7.805713599,1537.725579,84,113,197
197,33.85666301,1032.198569,8.532994924,0,7.915971401,1559.446366,78,119,197
71,17.14637163,287.3828485,0.014084507,0,8.4814629,602.1838659,35,36,71
123,24.73261712,533.2593544,2.93495935,0,8.465537,1041.261051,52,71,123
52,13.93163954,72.87319142,6.230769231,-0.138675049,7.386,384.072,17,35,52
26,8.776382955,24.30382972,2.461538462,-0.196116135,7.0822497,184.1384922,9,17,26
128,25.39841683,589.3226405,2.53125,-0.088388348,8.406495297,1076.031398,55,73,128
237,38.29707136,1382.572753,10.97468354,0,7.574989502,1795.272512,93,144,237
147,27.85340046,863.2659352,0.823129252,0,8.026476,1179.891972,68,79,147
244,39.04749856,1398.988657,12.85245902,0.06401844,7.524815402,1836.054958,94,150,244
46,12.83823205,85.40215231,2.173913043,0.147441956,8.4123835,386.969641,18,28,46
184,32.3503176,1167.776138,2.173913043,0.073720978,7.782726402,1432.021658,82,102,184
11,4.946087443,2.697865878,2.272727273,0,4.1553817,45.7091987,3,8,11
244,39.04749856,1429.074435,11.95081967,-0.06401844,7.5213095,1835.199518,95,149,244
8,4,10,0.5,-0.353553391,4.7171551,37.7372408,5,3,8
147,27.85340046,542.2886538,10.34693878,0,8.072,1186.584,54,93,147
161,29.59492548,992.9924684,1.049689441,0,7.901,1272.061,74,87,161
253,40.00187491,1472.321973,13.75889328,0,7.451,1885.103,97,156,253
198,33.97114045,1167.71506,5.171717172,-0.071066905,7.841212298,1552.560035,83,115,198
72,17.30699484,269.7006696,0.222222222,0.11785113,8.6444902,622.4032944,34,38,72
198,33.97114045,1111.782778,6.545454545,-0.071066905,7.890301101,1562.279618,81,117,198
72,17.30699484,223.5486834,1.388888889,-0.11785113,8.6870893,625.4704296,31,41,72
51,13.75245135,102.4692454,2.37254902,0,8.4769135,432.3225885,20,31,51
74,17.62602898,317.2685216,0,-0.116247639,8.3817123,620.2467102,37,37,74
139,26.83345121,660.6048205,3.172661871,0,8.349520799,1160.583391,59,80,139
54,14.28660947,122.229881,1.851851852,0.136082763,8.5996917,464.3833518,22,32,54
12,5.241482788,5.241482788,1.333333333,0.288675135,5.7207223,68.6486676,4,8,12
17,6.611489018,28.00160055,0.058823529,0,7.5423284,128.2195828,9,8,17
111,23.09663188,393.6831308,4.765765766,0,8.4529582,938.2783602,44,67,111
81,18.72075441,360.5478627,0.012345679,0,8.3951519,680.0073039,40,41,81
132,25.9248322,626.9095787,2.454545455,-0.087038828,8.367755902,1104.543779,57,75,132
66,16.3316209,136.5917385,4.909090909,0.123091491,8.168,539.088,24,42,66
40,11.69607095,61.4043725,2.5,-0.158113883,7.9814177,319.256708,15,25,40
149,28.10546957,667.7406864,5.644295302,0,8.255443698,1230.061111,60,89,149
98,21.2561228,355.7147081,2.612244898,-0.101015254,8.5963016,842.4375568,41,57,98
96,20.96593115,492.6993821,0,0.102062073,8.259,792.864,48,48,96
244,39.04749856,1369.222941,13.78688525,-0.06401844,7.514,1833.416,93,151,244
82,18.87451938,258.2586676,2.390243902,0.110431526,8.6931973,712.8421786,34,48,82
54,14.28660947,133.870822,1.185185185,-0.136082763,8.6621382,467.7554628,23,31,54
205,34.76716196,1298.426302,4.102439024,0,7.7071698,1579.969809,88,117,205
62,15.66490599,250.6384959,0.064516129,0.127000127,8.347,517.514,32,30,62
230,37.53921823,1366.427544,9.2,0.065938047,7.6209227,1752.812221,92,138,230
207,34.99292374,1323.983472,4.062801932,0,7.681100101,1589.987721,89,118,207
112,23.23514293,374.6666798,6.035714286,-0.094491118,8.3536217,935.6056304,43,69,112
98,21.2561228,510.1469473,0,-0.101015254,8.23,806.54,49,49,98
195,33.6271252,1145.391619,4.928205128,0,7.864064703,1533.492617,82,113,195
197,33.85666301,953.8298461,11.21319797,0,7.877,1551.769,75,122,197
187,32.70100282,869.1122139,10.82887701,0,7.923,1481.601,71,116,187
175,31.28662373,863.5108149,7,0,8.070925303,1412.411928,70,105,175
270,41.7742995,1787.940019,10.8,0.060858062,7.295,1969.65,108,162,270
265,41.2569624,1732.792421,10.6,0,7.333,1943.245,106,159,265
213,35.66589026,1371.378597,4.511737089,0,7.6448027,1628.342975,91,122,213
293,44.11420058,2008.47589,12.6996587,0,7.111,2083.523,116,177,293
108,22.6785789,327.579473,7.259259259,0.096225045,8.253,891.324,40,68,108
68,16.65990837,243.0386633,0.235294118,0.121267813,8.6881371,590.7933228,32,36,68
134,26.18604233,646.0526563,2.417910448,0.086386843,8.365771597,1121.013394,58,76,134
94,20.6737171,475.4954933,0,-0.103142125,8.238,774.372,47,47,94
120,24.32880798,537.6666564,2.133333333,0.091287093,8.4769857,1017.238284,52,68,120
229,37.4303299,1167.041727,15.20087336,0,7.585,1736.965,85,144,229
262,40.94499863,1739.381049,9.541984733,0.061780206,7.341173599,1923.387483,106,156,262
249,39.57912889,1511.0008,11.2811245,0,7.483395402,1863.365455,98,151,249
97,21.11127629,258.9940081,7.515463918,0,8.14,789.58,35,62,97
251,39.79078261,1569.437242,10.3625498,0,7.457001299,1871.707326,100,151,251
142,27.21816837,633.6849622,4.76056338,0.083918136,8.34707,1185.28394,58,84,142
38,11.30287864,39.26263105,5.157894737,0.162221421,6.928,263.264,12,26,38
60,15.32618865,166.0337104,1.066666667,0.129099445,8.7558539,525.351234,26,34,60
180,31.87975708,930.8889066,6.422222222,-0.074535599,8.0258864,1444.659552,73,107,180
178,31.64317125,960.3169161,5.056179775,0.074953169,8.029258399,1429.207995,74,104,178
75,17.78446652,333.3994657,0.013333333,0,8.2965116,622.23837,38,37,75
86,19.48343981,301.7667654,1.674418605,-0.107832773,8.6969014,747.9335204,37,49,86
234,37.97320364,1449.148327,8.273504274,-0.065372045,7.564,1769.976,95,139,234
165,30.08310292,1039.234464,1.024242424,0,7.843,1294.095,76,89,165
129,25.5305286,654.2940121,1.310077519,0,8.310941101,1072.111402,58,71,129
168,30.44665044,753.9170586,8.595238095,-0.077151675,8.082798,1357.910064,65,103,168
79,18.41131157,231.1901402,2.848101266,0,8.6345089,682.1262031,32,47,79
228,37.32128296,1370.41132,8.49122807,0.066226618,7.627476298,1739.064596,92,136,228
95,20.82008046,414.6483393,0.515789474,0,8.5874706,815.809707,44,51,95
87,19.63418303,426.9870607,0.011494253,0,8.201,713.487,44,43,87
112,23.23514293,529.014415,0.892857143,-0.094491118,8.443633,945.686896,51,61,112
96,20.96593115,259.8901883,7.041666667,-0.102062073,8.184,785.664,35,61,96
159,29.34932266,917.3970669,1.817610063,0,8.034600899,1277.501543,71,88,159
43,12.27379797,51.9495635,5.23255814,0,7.251,311.793,14,29,43
116,23.78511887,353.0859887,8.827586207,0.092847669,8.143,944.588,42,74,116
59,15.15542109,154.1229264,1.372881356,0,8.6809224,512.1744216,25,34,59
63,15.83289626,127.1658017,4.587301587,0,8.1307809,512.2391967,23,40,63
156,28.97897803,976.3686443,0.641025641,-0.080064077,7.872,1228.032,73,83,156
219,36.33256645,1328.876061,6.945205479,0,7.683765502,1682.744645,90,129,219
114,23.510935,465.2690296,2.842105263,0.093658581,8.5315135,972.592539,48,66,114
44,12.46335937,96.87429328,0.818181818,-0.150755672,8.5467023,376.0549012,19,25,44
137,26.57543476,686.6937157,2.109489051,0,8.309589197,1138.41372,60,77,137
267,41.46428436,1728.455,11.32958801,0,7.327,1956.309,106,161,267
174,31.16732279,1020.998505,2.781609195,0.075809804,7.959461799,1384.946353,76,98,174
193,33.3968013,960.3743379,9.580310881,0,7.923937798,1529.319995,75,118,193
191,33.16568041,1239.806064,2.308900524,0,7.702923298,1471.25835,85,106,191
195,33.6271252,1231.270123,3.205128205,0,7.7480914,1510.877823,85,110,195
70,16.98499252,272.2451659,0.057142857,0.119522861,8.5760338,600.322366,34,36,70
209,35.21795959,1290.089467,5.210526316,0,7.733017699,1616.200699,88,121,209
100,21.5443469,286.9707007,6.76,-0.1,8.2445085,824.45085,37,63,100
139,26.83345121,683.3842971,2.597122302,0,8.323664201,1156.989324,60,79,139
215,35.88880298,1248.930344,7.818604651,0,7.753260702,1666.951051,87,128,215
236,38.18926811,1445.043069,8.966101695,-0.065094455,7.561,1784.396,95,141,236
120,24.32880798,383.5842059,8.533333333,0.091287093,8.199,983.88,44,76,120
197,33.85666301,928.3943835,12.18781726,0,7.853,1547.041,74,123,197
153,28.60625159,851.8306028,1.888888889,0,8.118815399,1242.178756,68,85,153
120,24.32880798,624.4394049,0.533333333,0.091287093,8.2802949,993.635388,56,64,120
34,10.49508462,27.78110635,5.764705882,0.171498585,6.287,213.758,10,24,34
211,35.44227874,1345.462809,4.55450237,0,7.671850602,1618.760477,90,121,211
210,35.33020818,1036.689251,12.87619048,-0.069006556,7.764,1630.44,79,131,210
236,38.18926811,1414.621109,9.762711864,0.065094455,7.577919199,1788.388931,94,142,236
98,21.2561228,468.9360969,0.163265306,-0.101015254,8.4416866,827.2852868,47,51,98
80,18.56635533,230.2228061,3.2,0.111803399,8.6275707,690.205656,32,48,80
117,23.9216193,629.7315166,0.213675214,0,8.1879546,957.9906882,56,61,117
58,14.98368597,108.5025536,4.413793103,-0.131306433,8.0549436,467.1867288,21,37,58
151,28.35641334,881.1145124,1.119205298,0,8.050057603,1215.558698,69,82,151
249,39.57912889,1605.418481,8.871485944,0,7.4440169,1853.560208,101,148,249
96,20.96593115,376.0763901,1.5,0.102062073,8.653988,830.782848,42,54,96
200,34.19951893,1027.011554,9.68,0.070710678,7.8991986,1579.83972,78,122,200
237,38.29707136,1294.344057,13.70886076,0,7.5634433,1792.536062,90,147,237
192,33.28134117,911.0767145,11.02083333,-0.072168784,7.894,1515.648,73,119,192
39,11.50031505,38.92414325,5.769230769,0,6.734,262.626,12,27,39
45,12.65148998,118.0805731,0.2,0,8.618941,387.852345,21,24,45
258,40.52718796,1586.529451,12.15503876,-0.062257281,7.4096615,1911.692667,101,157,258
64,16,264,0.0625,-0.125,8.286,530.304,33,31,64
190,33.04981762,1155.352046,3.557894737,0.072547625,7.8411294,1489.814586,82,108,190
177,31.52454625,885.1807619,6.920903955,0,8.053449503,1425.460562,71,106,177
136,26.44595607,711.7073473,1.441176471,-0.085749293,8.243720699,1121.146015,61,75,136
44,12.46335937,118.9684303,0.090909091,-0.150755672,8.5573805,376.524742,21,23,44
117,23.9216193,480.8858854,3.085470085,0,8.5038653,994.9522401,49,68,117
77,18.09924602,263.7318706,1.051948052,0,8.6946908,669.4911916,34,43,77
231,37.64794886,1305.45485,11.25974026,0,7.620118801,1760.247443,90,141,231
163,29.83951337,884.2015311,3.245398773,0,8.099106902,1320.154425,70,93,163
58,14.98368597,224.7552895,0.068965517,0.131306433,8.3959467,486.9649086,30,28,58
225,36.99318111,1316.957248,9,0,7.659222902,1723.325153,90,135,225
206,34.88013418,1097.200337,9.398058252,-0.069673301,7.871721898,1621.574711,81,125,206
57,14.81096096,196.4401138,0.01754386,0,8.6709364,494.2433748,28,29,57
212,35.5541724,1086.750175,11.79245283,-0.068680282,7.78,1649.36,81,131,212
35,10.69987481,40.35381355,3.457142857,0,7.3562338,257.468183,12,23,35
98,21.2561228,391.7199774,1.469387755,-0.101015254,8.6100047,843.7804606,43,55,98
151,28.35641334,733.5109304,4.139072848,0,8.239299801,1244.13427,63,88,151
69,16.82284308,197.9731678,1.753623188,0,8.6952044,599.9691036,29,40,69
32,10.0793684,75.59526299,0,0.176776695,8.4931301,271.7801632,16,16,32
50,13.57208808,205.2099718,0.72,0.141421356,7.702,385.1,28,22,50
88,19.78434977,333.1864359,1.136363636,-0.106600358,8.6825396,764.0634848,39,49,88
153,28.60625159,639.807797,8.006535948,0,8.172037098,1250.321676,59,94,153
42,12.08276124,158.8020048,0.857142857,0.15430335,7.456,313.152,24,18,42
187,32.70100282,919.1255123,8.989304813,0,7.963212299,1489.1207,73,114,187
177,31.52454625,787.5793419,10.44632768,0,7.98,1412.46,67,110,177
159,29.34932266,1024.457489,0.509433962,0,7.795,1239.405,75,84,159
120,24.32880798,401.4253317,7.5,-0.091287093,8.266,991.92,45,75,120
172,30.92803285,795.1381468,8.395348837,-0.076249285,8.066,1387.352,67,105,172
52,13.93163954,91.62732156,3.769230769,-0.138675049,8.1150303,421.9815756,19,33,52
192,33.28134117,1179.754208,3.520833333,-0.072168784,7.803608401,1498.292813,83,109,192
260,40.73636112,1582.450951,12.93846154,-0.062017367,7.396,1922.96,101,159,260
221,36.55343397,1180.957097,11.76923077,0,7.694475398,1700.479063,85,136,221
174,31.16732279,941.4680953,4.505747126,-0.075809804,8.040452799,1399.038787,73,101,174
87,19.63418303,334.4581522,0.931034483,0,8.6748451,754.7115237,39,48,87
198,33.97114045,1139.577348,5.838383838,0.071066905,7.8789695,1560.035961,82,116,198
132,25.9248322,695.2568636,1.090909091,0.087038828,8.256810402,1089.898973,60,72,132
83,19.02766054,322.3239846,0.590361446,0,8.6384076,716.9878308,38,45,83
8,4,15,2,0.353553391,3.1015242,24.8121936,6,2,8
219,36.33256645,1184.541208,10.96347032,0,7.720197,1690.723143,85,134,219
232,37.75652271,1332.870349,10.77586207,-0.065653216,7.609507198,1765.40567,91,141,232
141,27.09023309,657.466508,3.75177305,0,8.353985199,1177.911913,59,82,141
50,13.57208808,103.1478694,2,0.141421356,8.5501639,427.508195,20,30,50
242,38.83383169,1343.458012,13.90082645,0.064282435,7.532,1822.744,92,150,242
242,38.83383169,1525.431422,8.743801653,0.064282435,7.509099099,1817.201982,98,144,242
114,23.510935,568.3871655,0.561403509,-0.093658581,8.344779,951.304806,53,61,114
142,27.21816837,548.5802667,8.14084507,0.083918136,8.2331695,1169.110069,54,88,142
237,38.29707136,1352.840006,11.85232068,0,7.576102599,1795.536316,92,145,237
91,20.23147725,440.201373,0.010989011,0,8.328,757.848,45,46,91
146,27.72693752,584.9244355,7.917808219,0.082760589,8.215529301,1199.467278,56,90,146
31,9.868272403,86.58613205,0.290322581,0,7.8692101,243.9455131,17,14,31
107,22.53837074,455.4014723,1.579439252,0,8.5539012,915.2674284,47,60,107
103,21.97310764,461.2219292,0.786407767,0,8.537652,879.378156,47,56,103
80,18.56635533,309.1298163,0.45,-0.111803399,8.611676,688.93408,37,43,80
258,40.52718796,1555.113026,13.03875969,0.062257281,7.418,1913.844,100,158,258
175,31.28662373,1019.05003,3.022857143,0,7.9607294,1393.127645,76,99,175
38,11.30287864,101.7259077,0,-0.162221421,8.4380593,320.6462534,19,19,38
241,38.72677762,1527.538374,8.402489627,0,7.507,1809.187,98,143,241
33,10.28827648,56.74140361,0.757575758,0,8.3610596,275.9149668,14,19,33
188,32.81748027,917.4929591,9.382978723,-0.072932496,7.948,1494.224,73,115,188
93,20.52683379,293.9972323,3.88172043,0,8.5409209,794.3056437,37,56,93
212,35.5541724,1197.437693,8.320754717,-0.068680282,7.79834,1653.24808,85,127,212
18,6.868285455,27.47314182,0,-0.23570226,7.6316383,137.3694894,9,9,18
268,41.56775114,1792.376613,10.08955224,0.061084722,7.297,1955.596,108,160,268
212,35.5541724,1169.262689,9.132075472,0.068680282,7.810243802,1655.771686,84,128,212
143,27.34580368,527.0282164,9.573426573,0,8.137,1163.591,53,90,143
189,32.93375139,1019.726525,6.481481481,0,7.956021402,1503.688045,77,112,189
121,24.463781,382.5245756,9,0,8.156,986.876,44,77,121
109,22.81835497,599.1388251,0.009174312,0,8.1073071,883.6964739,54,55,109
246,39.26058243,1486.156681,10.99186992,-0.063757671,7.5028035,1845.689661,97,149,246
216,36,1080,13.5,-0.068041382,7.709,1665.144,81,135,216
152,28.48146944,755.5084524,3.789473684,0.081110711,8.233404197,1251.477438,64,88,152
144,27.47314182,505.9636952,11.11111111,0.083333333,8.04,1157.76,52,92,144
20,7.368062997,40.52434649,0.2,-0.223606798,7.2985028,145.970056,11,9,20
183,32.23299987,977.5581929,5.950819672,0,8.001010098,1464.184848,75,108,183
167,30.32571022,1035.069151,1.347305389,0,7.873955701,1314.950602,76,91,167
89,19.93394877,331.9338435,1.359550562,0,8.714011,775.546979,39,50,89
126,25.13315618,431.253045,8.126984127,-0.089087081,8.261,1040.886,47,79,126
106,22.39772511,346.5308413,5.433962264,-0.097128586,8.3932657,889.6861642,41,65,106
148,27.97957694,561.4820508,9.756756757,-0.082199494,8.097546899,1198.436941,55,93,148
194,33.51206219,1064.439831,6.680412371,-0.071795816,7.918774402,1536.242234,79,115,194
54,14.28660947,100.5354,3.62962963,0.136082763,8.2474967,445.3648218,20,34,54
203,34.54066479,1186.293177,6.034482759,0,7.832863202,1590.07123,84,119,203
75,17.78446652,250.4052886,1.08,0,8.7008748,652.56561,33,42,75
32,10.0793684,57.32640777,0.5,0.176776695,8.481469,271.407008,14,18,32
198,33.97114045,1196.195915,4.545454545,0.071066905,7.817561101,1547.877098,84,114,198
150,28.23108087,758.8514537,3.226666667,0.081649658,8.2426103,1236.391545,64,86,150
95,20.82008046,359.4203364,1.778947368,0,8.6472133,821.4852635,41,54,95
193,33.3968013,1206.437817,3.238341969,0,7.773951,1500.372543,84,109,193
152,28.48146944,853.6945707,1.684210526,0.081110711,8.1193485,1234.140972,68,84,152
154,28.73076218,660.4344033,7.506493506,0.080582296,8.192349097,1261.621761,60,94,154
108,22.6785789,578.7237356,0.037037037,-0.096225045,8.176,883.008,53,55,108
97,21.11127629,491.0004052,0.010309278,0,8.3103013,806.0992261,48,49,97
157,29.10268788,844.5340508,2.808917197,0,8.136375701,1277.410985,68,89,157
117,23.9216193,652.6308444,0.076923077,0,8.086,946.062,57,60,117
233,37.86494067,1513.297543,6.527896996,0,7.519,1751.927,97,136,233
132,25.9248322,500.8206221,6.818181818,-0.087038828,8.372345197,1105.149566,51,81,132
200,34.19951893,1108.064413,7.22,-0.070710678,7.8897037,1577.94074,81,119,200
244,39.04749856,1490.206175,10.24590164,-0.06401844,7.511475902,1832.80012,97,147,244
271,41.87738235,1852.803743,9.597785978,0,7.252,1965.292,110,161,271
134,26.18604233,478.7746545,8.626865672,0.086386843,8.275171903,1108.873035,50,84,134
105,22.25663649,365.0088385,4.2,0,8.494863,891.960615,42,63,105
158,29.22613535,919.3284349,1.620253165,-0.079555728,8.0185685,1266.933823,71,87,158
59,15.15542109,254.8165716,0.423728814,0,7.924,467.516,32,27,59
97,21.11127629,374.7795646,1.742268041,0,8.6350926,837.6039822,42,55,97
271,41.87738235,1785.73812,11.16236162,0,7.288,1975.048,108,163,271
205,34.76716196,1268.916614,4.687804878,0,7.745687,1587.865835,87,118,205
133,26.05560093,479.9715962,8.187969925,0,8.310089,1105.241837,50,83,133
167,30.32571022,755.4188894,8.19760479,0,8.101441,1352.940647,65,102,167
257,40.42239878,1684.84333,9.342412451,0,7.3817053,1897.098262,104,153,257
165,30.08310292,906.1395242,3.206060606,0,8.076746,1332.66309,71,94,165
146,27.72693752,606.1944149,7.01369863,-0.082760589,8.239998801,1203.039825,57,89,146
32,10.0793684,49.13692095,1.125,-0.176776695,8.1003449,259.2110368,13,19,32
4,2.5198421,1.25992105,0,0.5,7.0739156,28.2956624,2,2,4
254,40.10721238,1658.922729,9.070866142,-0.062745581,7.401130598,1879.887172,103,151,254
86,19.48343981,285.4550484,2.279069767,0.107832773,8.7120295,749.234537,36,50,86
54,14.28660947,214.8282757,0.296296296,-0.136082763,8.045,434.43,29,25,54
89,19.93394877,423.764394,0.011235955,0,8.340376,742.293464,44,45,89
142,27.21816837,590.3659055,6.338028169,0.083918136,8.310971803,1180.157996,56,86,142
279,42.6975349,1834.922736,12.47670251,0,7.229,2016.891,110,169,279
209,35.21795959,1231.786051,6.550239234,0,7.792175502,1628.56468,86,123,209
105,22.25663649,438.7736908,1.60952381,0,8.5706509,899.9183445,46,59,105
140,26.961995,826.192561,0.457142857,0.084515425,8.008,1121.12,66,74,140
75,17.78446652,235.2292105,1.613333333,0,8.6956096,652.17072,32,43,75
220,36.44308387,1154.914458,12.29090909,0.067419986,7.7032244,1694.709368,84,136,220
262,40.94499863,1674.056585,11.12977099,0.061780206,7.37,1930.94,104,158,262
174,31.16732279,1048.225132,2.298850575,-0.075809804,7.902037701,1374.95456,77,97,174
188,32.81748027,1048.413758,5.446808511,0.072932496,7.947902702,1494.205708,78,110,188
132,25.9248322,520.853447,5.939393939,0.087038828,8.408485902,1109.920139,52,80,132
155,28.85500355,681.3504065,7.025806452,0,8.195297703,1270.271144,61,94,155
59,15.15542109,223.4782433,0.016949153,0,8.4737802,499.9530318,30,29,59
69,16.82284308,184.3198459,2.449275362,0,8.6230998,594.9938862,28,41,69
66,16.3316209,160.841721,2.96969697,0.123091491,8.5217245,562.433817,26,40,66
265,41.2569624,1765.797991,9.81509434,0,7.316,1938.74,107,158,265
172,30.92803285,1108.014758,1.139534884,-0.076249285,7.766158698,1335.779296,79,93,172
231,37.64794886,1276.444742,12.16017316,0,7.615076801,1759.082741,89,142,231
195,33.6271252,1173.672893,4.312820513,0,7.830757903,1526.997791,83,112,195
97,21.11127629,322.545479,3.721649485,0,8.5414616,828.5217752,39,58,97
221,36.55343397,1324.855231,7.606334842,0,7.676064,1696.410144,90,131,221
62,15.66490599,127.8458457,4.129032258,-0.127000127,8.1877565,507.640903,23,39,62
151,28.35641334,933.3203595,0.536423841,0,7.904,1193.504,71,80,151
77,18.09924602,233.174702,2.194805195,0,8.6710293,667.6692561,32,45,77
65,16.16623563,149.2267904,3.461538462,0,8.4006822,546.044343,25,40,65
256,40.3174736,1590.650325,11.390625,-0.0625,7.421,1899.776,101,155,256
229,37.4303299,1251.382558,12.26637555,0,7.628486201,1746.92334,88,141,229
132,25.9248322,718.8248929,0.757575758,-0.087038828,8.177,1079.364,61,71,132
167,30.32571022,802.9957521,6.520958084,0,8.130373198,1357.772324,67,100,167
96,20.96593115,394.4215798,1.041666667,-0.102062073,8.6148673,827.0272608,43,53,96
178,31.64317125,1040.313697,3.235955056,-0.074953169,7.936563,1412.708214,77,101,178
146,27.72693752,543.5239397,9.890410959,0.082760589,8.110415397,1184.120648,54,92,146
24,8.320335292,19.41411568,2.666666667,0.204124145,7.0396855,168.952452,8,16,24
147,27.85340046,837.8757606,1.149659864,0,8.094038102,1189.823601,67,80,147
260,40.73636112,1777.045415,8.138461538,-0.062017367,7.314,1901.64,107,153,260
31,9.868272403,66.84958725,0.032258065,0,8.4811677,262.9161987,15,16,31
81,18.72075441,307.8524058,0.604938272,0,8.6455139,700.2866259,37,44,81
253,40.00187491,1565.290757,11.1027668,0,7.448471202,1884.463214,100,153,253
47,13.02362568,166.2590512,0.191489362,0,8.1353117,382.3596499,25,22,47
24,8.320335292,14.56058676,4.166666667,-0.204124145,5.887,141.288,7,17,24
220,36.44308387,1182.743722,11.36363636,-0.067419986,7.7037033,1694.814726,85,135,220
234,37.97320364,1358.596841,10.68376068,0.065372045,7.600716,1778.567544,92,142,234
252,39.89639857,1536.011345,11.57142857,-0.062994079,7.457242802,1879.225186,99,153,252
218,36.22188069,1158.43556,11.46788991,0.067728546,7.73153,1685.47354,84,134,218
109,22.81835497,326.5746217,7.71559633,0,8.204,894.236,40,69,109
267,41.46428436,1695.842641,12.16853933,0,7.337,1958.979,105,162,267
247,39.36690772,1515.068116,10.53036437,0,7.493263802,1850.836159,98,149,247
100,21.5443469,407.6190434,1.44,0.1,8.6193593,861.93593,44,56,100
294,44.21451718,2041.086487,12.24489796,-0.058321184,7.092,2085.048,117,177,294
156,28.97897803,846.3347685,2.564102564,0.080064077,8.141908397,1270.13771,68,88,156
53,14.10968267,134.7075364,0.924528302,0,8.7101425,461.6375525,23,30,53
148,27.97957694,625.0032525,6.918918919,0.082199494,8.240387601,1219.577365,58,90,148
47,13.02362568,94.76765918,1.723404255,0,8.5148795,400.1993365,19,28,47
238,38.40472309,1292.528706,14.13445378,0.064820372,7.555,1798.09,90,148,238
152,28.48146944,828.5859069,2.131578947,-0.081110711,8.144919303,1238.027734,67,85,152
159,29.34932266,653.4377499,9.566037736,0,8.088822403,1286.122762,60,99,159
97,21.11127629,289.8991754,5.453608247,0,8.3761872,812.4901584,37,60,97
104,22.11509925,331.7264888,5.538461538,0.098058068,8.4023159,873.8408536,40,64,104
144,27.47314182,818.4706834,1,0.083333333,8.105590201,1167.204989,66,78,144
71,17.14637163,182.5726332,3.169014085,0,8.5431564,606.5641044,28,43,71
228,37.32128296,1253.209396,11.85964912,0.066226618,7.642428899,1742.473789,88,140,228
177,31.52454625,1097.481661,2.039548023,0,7.843862299,1388.363627,79,98,177
143,27.34580368,746.9420223,2.020979021,0,8.245817699,1179.151931,63,80,143
251,39.79078261,1538.048498,11.19123506,0,7.465884199,1873.936934,99,152,251
190,33.04981762,1127.172727,4.126315789,-0.072547625,7.8660345,1494.546555,81,109,190
201,34.31342254,973.0672064,11.94527363,0,7.849,1577.649,76,125,201
84,19.1801879,241.1223621,3.857142857,-0.109108945,8.5479385,718.026834,33,51,84
61,15.49601007,221.0086682,0.016393443,0,8.6103098,525.2288978,30,31,61
132,25.9248322,672.0816349,1.484848485,-0.087038828,8.291537697,1094.482976,59,73,132
164,29.96143192,690.9398507,9.756097561,0.078086881,8.067780299,1323.115969,62,102,164
103,21.97310764,501.7548462,0.242718447,0,8.4237199,867.6431497,49,54,103
184,32.3503176,898.776215,8.695652174,0.073720978,7.990722799,1470.292995,72,112,184
109,22.81835497,472.2771452,1.550458716,0,8.5387646,930.7253414,48,61,109
129,25.5305286,587.7958911,2.798449612,0,8.416046504,1085.669999,55,74,129
286,43.40875753,1853.220033,14.32167832,-0.05913124,7.185,2054.91,111,175,286
163,29.83951337,962.1870078,1.773006135,0,7.981890503,1301.048152,73,90,163
271,41.87738235,1752.668895,11.98892989,0,7.298,1977.758,107,164,271
283,43.1046666,1893.559064,12.30035336,0,7.192,2035.336,112,171,283
107,22.53837074,516.0654983,0.457943925,0,8.4394946,903.0259222,50,57,107
133,26.05560093,539.919069,5.481203008,0,8.405099301,1117.878207,53,80,133
218,36.22188069,1301.329218,7.339449541,-0.067728546,7.702145,1679.06761,89,129,218
33,10.28827648,74.82382893,0.03030303,0,8.4976304,280.4218032,16,17,33
107,22.53837074,380.4139959,4.121495327,0,8.4928979,908.7400753,43,64,107
142,27.21816837,528.2624791,9.126760563,-0.083918136,8.165251697,1159.465741,53,89,142
168,30.44665044,685.4120951,11.52380952,0.077151675,7.971,1339.128,62,106,168
244,39.04749856,1552.61816,8.672131148,-0.06401844,7.483,1825.852,99,145,244
30,9.654893846,28.96468154,3.333333333,0.182574186,7.0345317,211.035951,10,20,30
148,27.97957694,861.317247,0.972972973,0.082199494,8.059692399,1192.834475,68,80,148
36,10.90272356,103.5758738,0.111111111,-0.166666667,8.1422233,293.1200388,19,17,36
110,22.95770425,394.872513,4.4,0.095346259,8.4863123,933.494353,44,66,110
185,32.46742298,872.2329308,9.994594595,0,7.955,1471.675,71,114,185
91,20.23147725,264.5654717,4.846153846,0,8.4419242,768.2151022,35,56,91
121,24.463781,495.3410202,3.644628099,0,8.485196397,1026.708764,50,71,121
202,34.42713741,1132.005182,7.148514851,0.070359754,7.8821505,1592.194401,82,120,202
206,34.88013418,1016.942164,12.13592233,0.069673301,7.82,1610.92,78,128,206
173,31.04779308,917.4353656,4.861271676,0,8.066016399,1395.420837,72,101,173
153,28.60625159,730.3007758,4.764705882,0,8.228701098,1258.991268,63,90,153
137,26.57543476,597.4623289,4.562043796,0,8.391828803,1149.680546,56,81,137
138,26.7045988,685.0310126,2.347826087,0.085125653,8.325494601,1148.918255,60,78,138
200,34.19951893,1220.922826,4.5,-0.070710678,7.7837601,1556.75202,85,115,200
165,30.08310292,984.9025573,1.751515152,0,7.9559704,1312.735116,74,91,165
73,17.46687612,301.4830672,0.01369863,0,8.4601847,617.5934831,36,37,73
13,5.528774814,5.103484443,1.923076923,0,5.2414359,68.1386667,4,9,13
228,37.32128296,1430.97656,7.01754386,0.066226618,7.590403899,1730.612089,94,134,228
258,40.52718796,1682.663711,9.689922481,0.062257281,7.382525702,1904.691631,104,154,258
119,24.19345952,581.8628667,1.016806723,0,8.378442,997.034598,54,65,119
34,10.49508462,83.96067698,0,-0.171498585,8.3989706,285.5650004,17,17,34
104,22.11509925,500.1414755,0.346153846,-0.098058068,8.435238,877.264752,49,55,104
243,38.9407384,1431.032074,11.55967078,0,7.530174202,1829.832331,95,148,243
235,38.08131249,1327.174252,11.95319149,0,7.588413902,1783.277267,91,144,235
38,11.30287864,54.13483978,2.631578947,0.162221421,7.8928297,299.9275286,14,24,38
213,35.66589026,1058.255523,13.18779343,0,7.739,1648.407,80,133,213
85,19.33211117,391.6458286,0.011764706,0,8.361332,710.71322,42,43,85
194,33.51206219,1204.361328,3.484536082,0.071795816,7.789294701,1511.123172,84,110,194
178,31.64317125,858.6321186,8.112359551,0.074953169,8.042738601,1431.607471,70,108,178
234,37.97320364,1329.062127,11.55555556,-0.065372045,7.594683701,1777.155986,91,143,234
263,41.04911821,1770.262733,9.129277567,0,7.318,1924.634,107,156,263
49,13.39051828,206.5965677,1,0,7.45,365.05,28,21,49
134,26.18604233,459.6236684,9.671641791,-0.086386843,8.173,1095.182,49,85,134
76,17.94220144,280.9371014,0.473684211,-0.114707867,8.635883,656.327108,35,41,76
209,35.21795959,1174.83069,8.043062201,0,7.835188201,1637.554334,84,125,209
55,14.46244742,170.9198331,0.163636364,0,8.7465981,481.0628955,26,29,55
116,23.78511887,387.9434905,6.75862069,0.092847669,8.326884,965.918544,44,72,116
146,27.72693752,814.716178,1.342465753,0.082760589,8.146112801,1189.332469,66,80,146
126,25.13315618,706.1220071,0.285714286,0.089087081,8.122,1023.372,60,66,126
79,18.41131157,310.4286963,0.316455696,0,8.6011401,679.4900679,37,42,79
215,35.88880298,1307.353976,6.36744186,0,7.719413702,1659.673946,89,126,215
174,31.16732279,994.1301235,3.310344828,-0.075809804,7.985094402,1389.406426,75,99,174
198,33.97114045,1084.331352,7.292929293,0.071066905,7.911553202,1566.487534,80,118,198
128,25.39841683,633.3730197,1.53125,-0.088388348,8.337190398,1067.160371,57,71,128
165,30.08310292,1011.886189,1.363636364,0,7.901520103,1303.750817,75,90,165
111,23.09663188,573.4623195,0.225225225,0,8.2829343,919.4057073,53,58,111
253,40.00187491,1628.851049,9.490118577,0,7.422471901,1877.885391,102,151,253
203,34.54066479,1214.878555,5.36453202,0,7.8036487,1584.140686,85,118,203
180,31.87975708,1091.350351,2.688888889,-0.074535599,7.8703194,1416.657492,79,101,180
248,39.47308961,1575.740271,9.290322581,0.063500064,7.465945101,1851.554385,100,148,248
171,30.80804029,820.8270852,7.16374269,0,8.097740398,1384.713608,68,103,171
67,16.49617297,228.9767293,0.373134328,0,8.707533,583.404711,31,36,67
44,12.46335937,86.67699925,1.454545455,0.150755672,8.4938411,373.7290084,18,26,44
189,32.93375139,1073.744847,5.084656085,0,7.921987598,1497.255656,79,110,189
154,28.73076218,705.5827439,5.844155844,0.080582296,8.226837903,1266.933037,62,92,154
95,20.82008046,276.1400145,5.568421053,0,8.3659963,794.7696485,36,59,95
219,36.33256645,1419.458624,4.97260274,0,7.604673201,1665.423431,93,126,219
160,29.47225199,742.7007501,6.4,0.079056942,8.1830171,1309.282736,64,96,160
87,19.63418303,317.3064521,1.390804598,0,8.7052363,757.3555581,38,49,87
229,37.4303299,1280.149973,11.3580786,0,7.633244598,1748.013013,89,140,229
70,16.98499252,288.7448729,0,-0.119522861,8.4147964,589.035748,35,35,70
250,39.6850263,1603.275062,9.216,-0.063245553,7.4416533,1860.413325,101,149,250
55,14.46244742,213.5183146,0.163636364,0,8.233997,452.869835,29,26,55
68,16.65990837,274.8884881,0,0.121267813,8.4770482,576.4392776,34,34,68
130,25.66229944,445.3395964,8.892307692,0.087705802,8.2525868,1072.836284,48,82,130
116,23.78511887,424.4413453,4.965517241,0.092847669,8.4492755,980.115958,46,70,116
182,32.11546826,1059.810453,3.714285714,0.074124932,7.934754099,1444.125246,78,104,182
182,32.11546826,902.0564492,7.934065934,0.074124932,8.014838099,1458.700534,72,110,182
211,35.44227874,1199.326399,7.966824645,0,7.811354502,1648.1958,85,126,211
164,29.96143192,1041.342451,0.87804878,0.078086881,7.833308,1284.662512,76,88,164
160,29.47225199,674.1777643,9.025,-0.079056942,8.1036398,1296.582368,61,99,160
48,13.207709,74.84368431,4.083333333,-0.144337567,7.883,378.384,17,31,48
69,16.82284308,290.1330907,0.014492754,0,8.3449026,575.7982794,35,34,69
175,31.28662373,766.9692331,10.56571429,0,7.986,1397.55,66,109,175
151,28.35641334,855.5749613,1.490066225,0,8.104872298,1223.835717,68,83,151
193,33.3968013,1235.508608,2.740932642,0,7.727109902,1491.332211,85,108,193
15,6.082201996,8.109602661,1.666666667,0,5.8800438,88.200657,5,10,15
122,24.59838269,474.2245581,4.721311475,-0.090535746,8.442107902,1029.937164,49,73,122
129,25.5305286,446.487384,8.441860465,0,8.269531101,1066.769512,48,81,129
261,40.84074649,1676.191864,10.76245211,0,7.371385801,1923.931694,104,157,261
207,34.99292374,1178.602243,7.347826087,0,7.836673401,1622.191394,84,123,207
204,34.6540059,1128.293663,7.843137255,0.070014004,7.879932598,1607.50625,82,122,204
147,27.85340046,693.4928277,4.25170068,0,8.284371197,1217.802566,61,86,147
134,26.18604233,440.8635186,10.7761194,0.086386843,8.086,1083.524,48,86,134
116,23.78511887,443.3054051,4.172413793,-0.092847669,8.4659073,982.0452468,47,69,116
127,25.26596057,430.1181633,8.57480315,0,8.244,1046.988,47,80,127
162,29.71734524,739.6317038,7.135802469,0.07856742,8.159037302,1321.764043,64,98,162
62,15.66490599,164.2288532,1.612903226,0.127000127,8.6928831,538.9587522,26,36,62
73,17.46687612,208.1668798,2.315068493,0,8.6483455,631.3292215,30,43,73
255,40.2124117,1722.037395,7.941176471,0,7.359,1876.545,105,150,255
50,13.57208808,137.3495314,0.32,-0.141421356,8.6959032,434.79516,23,27,50
99,21.40047747,354.5129601,2.919191919,0,8.5789859,849.3196041,41,58,99
74,17.62602898,154.8232275,6.540540541,0.116247639,8.076,597.624,26,48,74
16,6.349604208,28.57321894,0.25,-0.25,6.964049,111.424784,9,7,16
224,36.88349034,1231.974441,11.16071429,-0.06681531,7.670368,1718.162432,87,137,224
122,24.59838269,364.1367143,10.62295082,-0.090535746,8.011,977.342,43,79,122
249,39.57912889,1573.628016,9.642570281,0,7.4618649,1858.00436,100,149,249
94,20.6737171,397.1992881,0.680851064,-0.103142125,8.6087373,809.2213062,43,51,94
66,16.3316209,215.2804574,0.545454545,0.123091491,8.7596335,578.135811,30,36,66
200,34.19951893,1053.687178,8.82,-0.070710678,7.8984915,1579.6983,79,121,200
64,16,138,4,0.125,8.3035626,531.4280064,24,40,64
162,29.71734524,671.3918739,9.87654321,-0.07856742,8.061,1305.882,61,101,162
222,36.66361774,1207.256963,11.26126126,0.067115606,7.694499099,1708.1788,86,136,222
141,27.09023309,570.6240587,6.815602837,0,8.294355397,1169.504111,55,86,141
93,20.52683379,344.3210829,1.817204301,0,8.6716207,806.4607251,40,53,93
191,33.16568041,1016.154774,7.167539267,0,7.948114398,1518.08985,77,114,191
177,31.52454625,1069.697315,2.491525424,0,7.892489599,1396.970659,78,99,177
234,37.97320364,1511.13877,6.837606838,-0.065372045,7.519,1759.446,97,137,234
282,43.0030645,1795.149203,14.5248227,-0.059549133,7.218,2035.476,109,173,282
146,27.72693752,695.0725434,3.945205479,-0.082760589,8.288655,1210.14363,61,85,146
56,14.63722284,99.32401213,4.571428571,0.133630621,8.0331654,449.8572624,20,36,56
57,14.81096096,168.8969232,0.438596491,0,8.7702829,499.9061253,26,31,57
104,22.11509925,298.9791303,7.538461538,0.098058068,8.206,853.424,38,66,104
68,16.65990837,146.9991915,4.764705882,-0.121267813,8.209,558.212,25,43,68
151,28.35641334,642.6201751,7.21192053,0,8.207882397,1239.390242,59,92,151
75,17.78446652,154.1320432,7.053333333,0,7.996,599.7,26,49,75
230,37.53921823,1278.291988,11.75652174,-0.065938047,7.6214604,1752.935892,89,141,230
244,39.04749856,1459.480274,11.08196721,0.06401844,7.523952701,1835.844459,96,148,244
171,30.80804029,1110.170434,0.988304094,0,7.754106901,1325.95228,79,92,171
228,37.32128296,1282.018808,10.96491228,-0.066226618,7.639197298,1741.736984,89,139,228
153,28.60625159,753.8588654,4.08496732,0,8.220420902,1257.724398,64,89,153
73,17.46687612,167.9691375,4.945205479,0,8.302,606.046,27,46,73
69,16.82284308,171.1541426,3.260869565,0,8.4954062,586.1830278,27,42,69
238,38.40472309,1471.64317,8.890756303,0.064820372,7.547996601,1796.423191,96,142,238
213,35.66589026,1281.962703,6.427230047,0,7.746472601,1649.998664,88,125,213
55,14.46244742,157.7721537,0.454545455,0,8.7650247,482.0763585,25,30,55
149,28.10546957,784.6896202,2.422818792,0,8.209815302,1223.26248,65,84,149
213,35.66589026,1085.046802,12.21126761,0,7.765431099,1654.036824,81,132,213
137,26.57543476,733.6371844,1.233576642,0,8.213552701,1125.25672,62,75,137
174,31.16732279,792.079893,9.195402299,-0.075809804,8.034,1397.916,67,107,174
188,32.81748027,1103.225933,4.170212766,0.072932496,7.899034,1485.018392,80,108,188
151,28.35641334,710.2248691,4.82781457,0,8.243973503,1244.839999,62,89,151
88,19.78434977,223.0235793,6.545454545,0.106600358,8.236,724.768,32,56,88
105,22.25663649,401.0433928,2.752380952,0,8.5619016,898.999668,44,61,105
134,26.18604233,538.5726318,5.850746269,-0.086386843,8.389072201,1124.135675,53,81,134
59,15.15542109,166.9665036,0.830508475,0,8.7547746,516.5317014,26,33,59
261,40.84074649,1741.599649,9.199233716,0,7.339771,1915.680231,106,155,261
13,5.528774814,23.81626074,0.692307692,0,5.8117636,75.5529268,8,5,13
87,19.63418303,407.578558,0.011494253,0,8.3477449,726.2538063,43,44,87
201,34.31342254,1161.876387,6.094527363,0,7.854871299,1578.829131,83,118,201
104,22.11509925,283.2433866,8.653846154,-0.098058068,8.057,837.928,37,67,104
78,18.25561221,365.1122442,0.051282051,0.113227703,8.194,639.132,40,38,78
223,36.77363621,1291.529681,9.080717489,0,7.679147901,1712.449982,89,134,223
163,29.83951337,909.830561,2.705521472,0,8.066684798,1314.869622,71,92,163
185,32.46742298,897.1538717,9.086486486,0,7.973971103,1475.184654,72,113,185
133,26.05560093,581.8431186,3.977443609,0,8.409978602,1118.527154,55,78,133
197,33.85666301,1113.660793,6.218274112,0,7.893572503,1555.033783,81,116,197
210,35.33020818,1117.444013,10.07619048,0.069006556,7.8359656,1645.552776,82,128,210
157,29.10268788,921.2761704,1.433121019,0,8.013312803,1258.09011,71,86,157
183,32.23299987,951.4899744,6.693989071,0,8.008323399,1465.523182,74,109,183
185,32.46742298,1109.157369,3.378378378,0,7.874539103,1456.789734,80,105,185
171,30.80804029,845.3293862,6.368421053,0,8.101893099,1385.42372,69,102,171
180,31.87975708,1119.333693,2.222222222,0.074535599,7.8361111,1410.499998,80,100,180
139,26.83345121,616.2041458,4.496402878,0,8.377998698,1164.541819,57,82,139
110,22.95770425,470.8416435,1.781818182,0.095346259,8.5512755,940.640305,48,62,110
179,31.7615743,808.4119136,10.32960894,0,7.976,1427.704,68,111,179
106,22.39772511,381.606524,3.773584906,-0.097128586,8.506557,901.695042,43,63,106
125,25,414,8.712,0,8.215,1026.875,46,79,125
220,36.44308387,1100.249832,14.25454545,0.067419986,7.67,1687.4,82,138,220
148,27.97957694,603.4514162,7.810810811,-0.082199494,8.1937165,1212.670042,57,91,148
43,12.27379797,59.94180404,3.930232558,0,7.681,330.283,15,28,43
127,25.26596057,448.818953,7.566929134,0,8.316897102,1056.245932,48,79,127
150,28.23108087,832.2522639,1.706666667,-0.081649658,8.1348423,1220.226345,67,83,150
91,20.23147725,296.1354691,3.175824176,0,8.6075621,783.2881511,37,54,91
262,40.94499863,1641.863189,11.96946565,-0.061780206,7.374,1931.988,103,159,262
222,36.66361774,1413.035646,5.837837838,-0.067115606,7.602701302,1687.799689,93,129,222
125,25,510,4.232,0,8.4581612,1057.27015,51,74,125
162,29.71734524,1045.610295,0.617283951,0.07856742,7.794,1262.628,76,86,162
47,13.02362568,75.37076987,3.595744681,0,7.992,375.624,17,30,47
131,25.79373283,463.1057986,8.312977099,0,8.297954397,1087.032026,49,82,131
69,16.82284308,257.4626419,0.130434783,0,8.6118214,594.2156766,33,36,69
119,24.19345952,367.1713268,9.151260504,0,8.126,966.994,43,76,119
158,29.22613535,793.5450675,4.278481013,0.079555728,8.190129797,1294.040508,66,92,158
70,16.98499252,211.0991928,1.428571429,0.119522861,8.7298086,611.086602,30,40,70
163,29.83951337,809.5112155,5.159509202,0,8.156967,1329.585621,67,96,163
203,34.54066479,1158.048101,6.743842365,0,7.857476202,1595.067669,83,120,203
227,37.21207647,1198.32722,13.32599119,0,7.630050802,1732.021532,86,141,227
105,22.25663649,478.1997326,0.771428571,0,8.5168532,894.269586,48,57,105
161,29.59492548,887.8477643,2.739130435,0,8.090386099,1302.552162,70,91,161
173,31.04779308,866.8256682,6.294797688,0,8.087427601,1399.124975,70,103,173
195,33.6271252,982.9467368,9.482051282,0,7.917744903,1543.960256,76,119,195
153,28.60625159,929.2357542,0.790849673,0,7.959088203,1217.740495,71,82,153
176,31.40569764,937.8883341,5.113636364,-0.075377836,8.038670602,1414.806026,73,103,176
80,18.56635533,215.8338808,4.05,-0.111803399,8.5084545,680.67636,31,49,80
227,37.21207647,1402.583816,7.405286344,0,7.607277101,1726.851902,93,134,227
23,8.087579399,38.67972756,0.043478261,0,8.1114936,186.5643528,11,12,23
82,18.87451938,377.4903876,0,-0.110431526,8.312,681.584,41,41,82
222,36.66361774,1322.862965,7.945945946,0.067115606,7.676659198,1704.218342,90,132,222
169,30.56735094,799.8155376,7.24852071,0,8.109062201,1370.431512,67,102,169
73,17.46687612,237.3580974,1.109589041,0,8.70505,635.46865,32,41,73
134,26.18604233,601.8881371,3.611940299,0.086386843,8.408173097,1126.695195,56,78,134
151,28.35641334,757.1725733,3.503311258,0,8.231044603,1242.887735,64,87,151
176,31.40569764,990.3501245,3.840909091,-0.075377836,7.993970699,1406.938843,75,101,176
218,36.22188069,1330.904882,6.623853211,0.067728546,7.691602601,1676.769367,90,128,218
143,27.34580368,654.3869944,4.370629371,0,8.329428,1191.108204,59,84,143
267,41.46428436,1663.540877,13.03745318,0,7.342,1960.314,104,163,267
66,16.3316209,187.071294,1.515151515,0.123091491,8.7395086,576.8075676,28,38,66
49,13.39051828,103.8448356,1.653061224,0,8.59485,421.14765,20,29,49
197,33.85666301,1285.865749,2.685279188,0,7.673764,1511.731508,87,110,197
123,24.73261712,597.2022182,1.37398374,0,8.380379602,1030.786691,55,68,123
258,40.52718796,1715.336793,8.930232558,-0.062257281,7.359480298,1898.745917,105,153,258
229,37.4303299,1368.413633,8.84279476,0,7.620721799,1745.145292,92,137,229
160,29.47225199,968.1634778,1.225,-0.079056942,7.9382704,1270.123264,73,87,160
57,14.81096096,143.432464,1.421052632,0,8.6633998,493.8137886,24,33,57
43,12.27379797,119.8836081,0.023255814,0,8.5308265,366.8255395,21,22,43
168,30.44665044,1005.826845,1.928571429,-0.077151675,7.935120798,1333.100294,75,93,168
187,32.70100282,1050.279267,5.139037433,0,7.941169898,1484.998771,78,109,187
78,18.25561221,247.1529038,1.846153846,-0.113227703,8.673876,676.562328,33,45,78
145,27.60018553,696.6667521,3.648275862,0,8.302658303,1203.885454,61,84,145
45,12.65148998,59.04028657,5,0,7.456,335.52,15,30,45
208,35.10553182,1351.900528,3.769230769,0.069337525,7.652571601,1591.734893,90,118,208
164,29.96143192,1013.938702,1.195121951,-0.078086881,7.881052299,1292.492577,75,89,164
74,17.62602898,334.8945506,0.054054054,0.116247639,8.221,608.354,38,36,74
106,22.39772511,517.683269,0.339622642,0.097128586,8.4320383,893.7960598,50,56,106
110,22.95770425,532.2013257,0.581818182,-0.095346259,8.4126821,925.395031,51,59,110
230,37.53921823,1307.344078,10.86956522,0.065938047,7.6309974,1755.129402,90,140,230
233,37.86494067,1272.78204,12.98283262,0,7.595193901,1769.680179,89,144,233
143,27.34580368,699.8995908,3.083916084,0,8.317734098,1189.435976,61,82,143
195,33.6271252,1260.586078,2.712820513,0,7.700384103,1501.5749,86,109,195
17,6.611489018,16.33426699,0.529411765,0,7.2862294,123.8658998,7,10,17
187,32.70100282,1161.497651,2.828877005,0,7.808401,1460.170987,82,105,187
90,20.0829885,384.2545133,0.4,0.105409255,8.5970285,773.732565,42,48,90
93,20.52683379,437.0229129,0.096774194,0,8.4348255,784.4387715,45,48,93
83,19.02766054,242.0868618,3.481927711,0,8.599654,713.771282,33,50,83
211,35.44227874,1088.464295,11.37914692,0,7.799791502,1645.756007,81,130,211
216,36,1134.333333,11.57407407,-0.068041382,7.743499602,1672.595914,83,133,216
127,25.26596057,411.8152628,9.645669291,0,8.16,1036.32,46,81,127
147,27.85340046,626.4172919,6.537414966,0,8.252527401,1213.121528,58,89,147
181,31.99772119,1007.663043,4.64640884,0,7.983426298,1445.00016,76,105,181
40,11.69607095,122.808745,0.1,-0.158113883,8.1736697,326.946788,21,19,40
163,29.83951337,715.0499339,8.398773006,0,8.116017202,1322.910804,63,100,163
136,26.44595607,515.6961434,7.529411765,0.085749293,8.319430103,1131.442494,52,84,136
65,16.16623563,188.0257559,1.246153846,0,8.7362424,567.855756,28,37,65
170,30.6878136,774.4160021,8.494117647,0.076696499,8.084,1374.28,66,104,170
93,20.52683379,477.1937059,0.010752688,0,8.175,760.275,47,46,93
180,31.87975708,956.7469318,5.688888889,0.074535599,8.0254434,1444.579812,74,106,180
184,32.3503176,1028.880753,4.891304348,-0.073720978,7.959199201,1464.492653,77,107,184
99,21.40047747,390.396589,1.707070707,0,8.6136105,852.7474395,43,56,99
103,21.97310764,543.9944124,0.009708738,0,8.234,848.102,51,52,103
174,31.16732279,890.2390475,5.885057471,-0.075809804,8.071454,1404.432996,71,103,174
231,37.64794886,1334.790914,10.39393939,0,7.618426701,1759.856568,91,140,231
85,19.33211117,211.5160398,6.223529412,0,8.2535687,701.5533395,31,54,85
208,35.10553182,1321.858294,4.326923077,-0.069337525,7.684828899,1598.444411,89,119,208
112,23.23514293,429.435231,3.571428571,0.094491118,8.5207205,954.320696,46,66,112
94,20.6737171,416.1135399,0.382978723,0.103142125,8.583662,806.864228,44,50,94
162,29.71734524,860.7023695,3.555555556,-0.07856742,8.117586802,1315.049062,69,93,162
6,3.301927249,3.301927249,0,-0.40824829,5.3323312,31.9939872,3,3,6
56,14.63722284,156.8273876,0.642857143,-0.133630621,8.7383358,489.3468048,25,31,56
101,21.68773756,425.1655481,1.198019802,0,8.5882172,867.4099372,45,56,101
233,37.86494067,1360.537697,10.30472103,0,7.603957399,1771.722074,92,141,233
176,31.40569764,912.1927633,5.818181818,0.075377836,8.061360398,1418.79943,72,104,176
158,29.22613535,632.9862986,10.12658228,-0.079555728,8.059,1273.322,59,99,158
133,26.05560093,717.0187926,0.909774436,0,8.204284098,1091.169785,61,72,133
154,28.73076218,875.3554295,1.662337662,-0.080582296,8.074209,1243.428186,69,85,154
185,32.46742298,1194.450166,1.951351351,0,7.732,1430.42,83,102,185
157,29.10268788,678.4448257,7.802547771,0,8.164145803,1281.770891,61,96,157
147,27.85340046,648.396846,5.721088435,0,8.27054,1215.76938,59,88,147
241,38.72677762,1434.979768,10.79253112,0,7.543279502,1817.93036,95,146,241
168,30.44665044,825.6841632,6.095238095,0.077151675,8.129589702,1365.77107,68,100,168
140,26.961995,530.7661301,8.257142857,-0.084515425,8.229474,1152.12636,53,87,140
95,20.82008046,308.1371908,3.8,0,8.5490875,812.1633125,38,57,95
199,34.08542533,1137.665302,6.155778894,0,7.875736598,1567.271583,82,117,199
51,13.75245135,73.34640722,5.666666667,0,7.53,384.03,17,34,51
211,35.44227874,1171.106955,8.763033175,0,7.818784199,1649.763466,84,127,211
231,37.64794886,1219.402396,14.06493506,0,7.5945009,1754.329708,87,144,231
168,30.44665044,1033.011354,1.523809524,0.077151675,7.895940798,1326.518054,76,92,168
117,23.9216193,369.251662,8.213675214,0,8.195,958.815,43,74,117
126,25.13315618,508.6472085,4.571428571,-0.089087081,8.440313603,1063.479514,51,75,126
120,24.32880798,419.6719377,6.533333333,0.091287093,8.3570817,1002.849804,46,74,120
130,25.66229944,503.3758736,6.030769231,-0.087705802,8.3973641,1091.657333,51,79,130
245,39.15411297,1614.108331,7.546938776,0,7.441,1823.045,101,144,245
43,12.27379797,97.61950943,0.581395349,0,8.5762204,368.7774772,19,24,43
92,20.37942306,345.5641301,1.565217391,0.104257207,8.6926783,799.7264036,40,52,92
243,38.9407384,1492.247555,9.880658436,0,7.517502099,1826.75301,97,146,243
81,18.72075441,397.9893715,0.111111111,0,8.054,652.374,42,39,81
245,39.15411297,1550.502874,9.016326531,0,7.485,1833.825,99,146,245
121,24.463781,515.559021,2.983471074,0,8.482057397,1026.328945,51,70,121
22,7.851424411,19.98544395,1.636363636,0.213200716,7.3648722,162.0271884,8,14,22
195,33.6271252,1089.86375,6.282051282,0,7.909398,1542.33261,80,115,195
108,22.6785789,473.7303148,1.333333333,0.096225045,8.5500196,923.4021168,48,60,108
103,21.97310764,481.2750566,0.475728155,0,8.4897547,874.4447341,48,55,103
199,34.08542533,950.6236712,12.06532663,0,7.85,1562.15,75,124,199
107,22.53837074,475.2015364,1.130841121,0,8.5333524,913.0687068,48,59,107
108,22.6785789,535.4664462,0.333333333,-0.096225045,8.3726666,904.2479928,51,57,108
18,6.868285455,16.0259994,0.888888889,-0.23570226,7.0385627,126.6941286,7,11,18
173,31.04779308,969.4807991,3.612716763,0,8.018333699,1387.17173,74,99,173
70,16.98499252,240.7016083,0.514285714,0.119522861,8.7217028,610.519196,32,38,70
94,20.6737171,343.0957306,2.085106383,0.103142125,8.6668016,814.6793504,40,54,94
23,8.087579399,25.31763986,1.086956522,0,7.6223447,175.3139281,9,14,23
196,33.7419917,1143.440351,5.224489796,0.071428571,7.873337398,1543.17413,82,114,196
126,25.13315618,412.9018516,9.174603175,0.089087081,8.197,1032.822,46,80,126
92,20.37942306,478.9164418,0.043478261,-0.104257207,8.08,743.36,47,45,92
280,42.79949922,1832.735699,12.85714286,0.05976143,7.227,2023.56,110,170,280
117,23.9216193,563.4870324,1.034188034,0,8.4044307,983.3183919,53,64,117
40,11.69607095,100.0014066,0.1,-0.158113883,8.5380907,341.523628,19,21,40
50,13.57208808,83.06117907,3.92,0.141421356,8.054,402.7,18,32,50
31,9.868272403,108.8693278,1.580645161,0,6.487,201.097,19,12,31
113,23.37324236,447.1942476,3.194690265,0,8.516066,962.315458,47,66,113
186,32.58431755,1079.486907,4.215053763,-0.073323558,7.909540898,1471.174607,79,107,186
219,36.33256645,1358.738444,6.251141553,0,7.661378301,1677.841848,91,128,219
53,14.10968267,201.2626433,0.169811321,0,8.2170749,435.5049697,28,25,53
58,14.98368597,130.7197431,2.482758621,-0.131306433,8.458156,490.573048,23,35,58
112,23.23514293,616.146201,0.035714286,-0.094491118,8.102,907.424,55,57,112
140,26.961995,614.7334859,4.828571429,-0.084515425,8.3550201,1169.702814,57,83,140
217,36.11102555,1216.458971,9.331797235,0,7.7444037,1680.535603,86,131,217
106,22.39772511,399.7782633,3.056603774,0.097128586,8.5609406,907.4597036,44,62,106
188,32.81748027,968.8139123,7.680851064,-0.072932496,7.966748101,1497.748643,75,113,188
200,34.19951893,1135.766024,6.48,0.070710678,7.8818101,1576.36202,82,118,200
183,32.23299987,1057.876488,3.983606557,0,7.933340601,1451.80133,78,105,183
120,24.32880798,438.3240238,5.633333333,-0.091287093,8.3953281,1007.439372,47,73,120
114,23.510935,338.227486,8.98245614,-0.093658581,8.097,923.058,41,73,114
133,26.05560093,460.7727323,9.210526316,0,8.217,1092.861,49,84,133
135,26.31615964,690.0681862,1.666666667,0,8.2881536,1118.900736,60,75,135
38,11.30287864,113.0287864,0.105263158,0.162221421,8.2400434,313.1216492,20,18,38
56,14.63722284,183.4880435,0.071428571,-0.133630621,8.6948386,486.9109616,27,29,56
186,32.58431755,1135.195579,3.096774194,-0.073323558,7.837516102,1457.777995,81,105,186
110,22.95770425,359.3924247,6.145454545,0.095346259,8.359293,919.52223,42,68,110
289,43.71178704,1948.426438,12.87543253,0,7.149,2066.061,114,175,289
134,26.18604233,559.2869638,5.044776119,0.086386843,8.413699403,1127.43572,54,80,134
155,28.85500355,823.2053272,2.84516129,0,8.159205503,1264.676853,67,88,155
126,25.13315618,682.5846069,0.507936508,-0.089087081,8.184,1031.184,59,67,126
129,25.5305286,700.6052035,0.627906977,0,8.191,1056.639,60,69,129
182,32.11546826,979.3453234,5.626373626,-0.074124932,7.998626401,1455.750005,75,107,182
225,36.99318111,1173.916947,13.44444444,0,7.641,1719.225,85,140,225
99,21.40047747,487.6714866,0.090909091,0,8.3983734,831.4389666,48,51,99
22,7.851424411,25.6955708,0.727272727,-0.213200716,7.6242954,167.7344988,9,13,22
98,21.2561228,489.3246229,0.040816327,0.101015254,8.3782953,821.0729394,48,50,98
238,38.40472309,1502.625132,8.134453782,-0.064820372,7.525,1790.95,97,141,238
37,11.10370247,81.62721815,0.243243243,0,8.5702816,317.1004192,17,20,37
148,27.97957694,738.4339699,3.27027027,-0.082199494,8.2538155,1221.564694,63,85,148
118,24.05773139,368.2056177,8.677966102,-0.092057462,8.153,962.054,43,75,118
197,33.85666301,1256.305617,3.172588832,0,7.722119,1521.257443,86,111,197
91,20.23147725,364.6112383,0.89010989,0,8.6708983,789.0517453,41,50,91
130,25.66229944,771.053397,0.123076923,-0.087705802,7.95,1033.5,63,67,130
125,25,470.4,5.832,0,8.407936504,1050.992063,49,76,125
150,28.23108087,883.0682095,0.96,-0.081649658,8.021,1203.15,69,81,150
163,29.83951337,1043.467645,0.742331288,0,7.807,1272.541,76,87,163
207,34.99292374,1294.231035,4.642512077,0,7.7217503,1598.402312,88,119,207
30,9.654893846,98.47991723,1.2,0.182574186,6.866,205.98,18,12,30
46,12.83823205,58.60932021,5.565217391,-0.147441956,7.32,336.72,15,31,46
164,29.96143192,759.9972975,7.048780488,-0.078086881,8.139930402,1334.948586,65,99,164
212,35.5541724,1254.793952,6.811320755,-0.068680282,7.7668455,1646.571246,87,125,212
142,27.21816837,508.3280459,10.16901408,0.083918136,8.113,1152.046,52,90,142
155,28.85500355,798.6320338,3.412903226,0,8.184357,1268.575335,66,89,155
234,37.97320364,1299.851971,12.46153846,0.065372045,7.596855701,1777.664234,90,144,234
113,23.37324236,527.4492745,1.07079646,0,8.4652762,956.5762106,51,62,113
138,26.7045988,639.7493016,3.507246377,0.085125653,8.377040797,1156.03163,58,80,138
63,15.83289626,218.6447579,0.142857143,0,8.6862866,547.2360558,30,33,63
165,30.08310292,735.1216422,8.296969697,0,8.1104428,1338.223062,64,101,165
213,35.66589026,1112.172972,11.27230047,0,7.785173202,1658.241892,82,131,213
218,36.22188069,1243.174823,8.880733945,-0.067728546,7.726714298,1684.423717,87,131,218
112,23.23514293,448.5212413,2.892857143,-0.094491118,8.5160807,953.8010384,47,65,112
144,27.47314182,566.6335501,8.027777778,-0.083333333,8.211889403,1182.512074,55,89,144
146,27.72693752,718.2416282,3.315068493,0.082760589,8.293858103,1210.903283,62,84,146
254,40.10721238,1691.450626,8.330708661,0.062745581,7.384,1875.536,104,150,254
127,25.26596057,657.710753,0.952755906,0,8.280792197,1051.660609,58,69,127
82,18.87451938,290.0231027,1.219512195,0.110431526,8.7106754,714.2753828,36,46,82
131,25.79373283,482.4018735,7.335877863,0,8.362518298,1095.489897,50,81,131
36,10.90272356,72.68482371,0.444444444,0.166666667,8.57539,308.71404,16,20,36
67,16.49617297,199.923768,1.208955224,0,8.7374597,585.4097999,29,38,67
97,21.11127629,450.5189888,0.257731959,0,8.5024303,824.7357391,46,51,97
185,32.46742298,1137.237302,2.859459459,0,7.8355756,1449.581486,81,104,185
41,11.89020214,60.90103534,2.951219512,0,7.9065513,324.1686033,15,26,41
114,23.510935,426.909083,4.245614035,0.093658581,8.4880056,967.6326384,46,68,114
182,32.11546826,953.2294481,6.351648352,0.074124932,8.018309599,1459.332347,74,108,182
40,11.69607095,70.17642572,1.6,0.158113883,8.3293255,333.17302,16,24,40
139,26.83345121,532.0359104,7.834532374,0,8.26561,1148.91979,53,86,139
176,31.40569764,861.8722705,7.363636364,0.075377836,8.064085301,1419.279013,70,106,176
161,29.59492548,650.7207216,10.44099379,0,8.042,1294.762,60,101,161
138,26.7045988,493.454543,9.391304348,-0.085125653,8.178,1128.564,51,87,138
16,6.349604208,35.71652367,1,0.25,6.0831777,97.3308432,10,6,16
281,42.90134223,1864.147291,12.38790036,0,7.209,2025.729,111,170,281
86,19.48343981,335.7495093,0.744186047,-0.107832773,8.6384293,742.9049198,39,47,86
152,28.48146944,905.0361669,0.947368421,0.081110711,8.015437099,1218.346439,70,82,152
217,36.11102555,1105.29692,12.94470046,0,7.719,1675.023,82,135,217
177,31.52454625,1125.622216,1.632768362,0,7.789894701,1378.811362,80,97,177
232,37.75652271,1303.576495,11.65517241,0.065653216,7.615033802,1766.687842,90,142,232
36,10.90272356,47.24513541,2.777777778,-0.166666667,7.6235154,274.4465544,13,23,36
57,14.81096096,155.9048522,0.859649123,0,8.7367146,497.9927322,25,32,57
130,25.66229944,698.8041539,0.769230769,0.087705802,8.2225136,1068.926768,60,70,130
192,33.28134117,1237.649875,2.520833333,-0.072168784,7.709728302,1480.267834,85,107,192
144,27.47314182,698.275688,3.361111111,-0.083333333,8.305296903,1195.962754,61,83,144
242,38.83383169,1463.489855,10.33057851,0.064282435,7.534504,1823.349968,96,146,242
99,21.40047747,529.6077758,0.01010101,0,8.161,807.939,50,49,99
83,19.02766054,339.7469027,0.301204819,0,8.5736571,711.6135393,39,44,83
153,28.60625159,618.1193971,8.947712418,0,8.134,1244.502,58,95,153
46,12.83823205,117.2186404,0.347826087,-0.147441956,8.6220215,396.612989,21,25,46
208,35.10553182,1013.672231,13,0.069337525,7.78,1618.24,78,130,208
245,39.15411297,1457.491879,11.46530612,0,7.515767702,1841.363087,96,149,245
277,42.49323999,1772.750474,13.433213,0,7.256,2009.912,108,169,277
90,20.0829885,281.161839,3.6,0.105409255,8.5912599,773.213391,36,54,90
114,23.510935,525.9024935,1.263157895,-0.093658581,8.4625191,964.7271774,51,63,114
180,31.87975708,1176.363036,1.422222222,0.074535599,7.7256993,1390.625874,82,98,180
77,18.09924602,313.0934507,0.116883117,0,8.5373396,657.3751492,37,40,77
22,7.851424411,14.98908297,2.909090909,-0.213200716,6.3785347,140.3277634,7,15,22
161,29.59492548,695.2050196,8.50310559,0,8.122041801,1307.64873,62,99,161
84,19.1801879,321.0398117,0.761904762,0.109108945,8.6775132,728.9111088,38,46,84
90,20.0829885,422.1890472,0.044444444,0.105409255,8.4097684,756.879156,44,46,90
212,35.5541724,1225.948114,7.547169811,0.068680282,7.794796302,1652.496816,86,126,212
63,15.83289626,265.3894993,0.142857143,0,8.193,516.159,33,30,63
115,23.64822562,633.3611732,0.07826087,0,8.116,933.34,56,59,115
263,41.04911821,1704.396847,10.68060837,0,7.352,1933.576,105,158,263
72,17.30699484,320.1794046,0.055555556,-0.11785113,8.202,590.544,37,35,72
110,22.95770425,451.2232416,2.327272727,-0.095346259,8.5321089,938.531979,47,63,110
33,10.28827648,34.29425493,3.666666667,0,7.0899262,233.9675646,11,22,33
160,29.47225199,766.2785517,5.625,-0.079056942,8.1774676,1308.394816,65,95,160
125,25,551.2,2.888,0,8.450291104,1056.286388,53,72,125
141,27.09023309,591.758283,5.964539007,0,8.326077397,1173.976913,56,85,141
91,20.23147725,420.6368676,0.098901099,0,8.4429287,768.3065117,44,47,91
123,24.73261712,619.3208189,0.983739837,0,8.330208602,1024.615658,56,67,123
248,39.47308961,1513.028991,10.90322581,0.063500064,7.491044,1857.778912,98,150,248
244,39.04749856,1521.252137,9.442622951,0.06401844,7.505137299,1831.253501,98,146,244
224,36.88349034,1378.520451,7.142857143,0.06681531,7.635074201,1710.256621,92,132,224
197,33.85666301,1086.162996,6.949238579,0,7.908640198,1558.002119,80,117,197
112,23.23514293,550.1749916,0.571428571,0.094491118,8.4006527,940.8731024,52,60,112
172,30.92803285,893.676298,5.23255814,-0.076249285,8.078233401,1389.456145,71,101,172
66,16.3316209,245.4692112,0.060606061,0.123091491,8.6254383,569.2789278,32,34,66
140,26.961995,510.7372195,9.257142857,0.084515425,8.1833567,1145.669938,52,88,140
26,8.776382955,30.37978715,1.384615385,0.196116135,7.751911,201.549686,10,16,26
179,31.7615743,857.0301893,8.497206704,0,8.026,1436.654,70,109,179
182,32.11546826,1115.218458,2.659340659,0.074124932,7.856972599,1429.969013,80,102,182
135,26.31615964,578.9555122,4.62962963,0,8.401339304,1134.180806,55,80,135
192,33.28134117,936.384401,10.08333333,0.072168784,7.924,1521.408,74,118,192
80,18.56635533,175.4520579,7.2,0.111803399,8.088,647.04,28,52,80
136,26.44595607,556.5318109,5.764705882,0.085749293,8.396188897,1141.88169,54,82,136
155,28.85500355,774.4310631,4.032258065,0,8.202917303,1271.452182,65,90,155
230,37.53921823,1396.458918,8.417391304,-0.065938047,7.6017751,1748.408273,93,137,230
9,4.326748711,14.4224957,1,0,4.3374233,39.0368097,6,3,9
210,35.33020818,1258.764846,6.171428571,-0.069006556,7.7631243,1630.256103,87,123,210
27,9,70,0.333333333,0,7.6610894,206.8494138,15,12,27
84,19.1801879,256.1925098,3.047619048,0.109108945,8.6587935,727.338654,34,50,84
146,27.72693752,649.8738371,5.369863014,-0.082760589,8.280325,1208.92745,59,87,146
87,19.63418303,352.0612129,0.563218391,0,8.6236545,750.2579415,40,47,87
143,27.34580368,632.2043844,5.097902098,0,8.324676503,1190.42874,58,85,143
113,23.37324236,339.2222785,8.504424779,0,8.143,920.159,41,72,113
185,32.46742298,948.048751,7.4,0,7.992908303,1478.688036,74,111,185
52,13.93163954,123.777259,1.230769231,0.138675049,8.6918193,451.9746036,22,30,52
259,40.63184185,1713.126305,9.27027027,0,7.360362598,1906.333913,105,154,259
76,17.94220144,234.1929451,1.894736842,0.114707867,8.7052364,661.5979664,32,44,76
90,20.0829885,265.5417369,4.444444444,-0.105409255,8.4781865,763.036785,35,55,90
269,41.67108931,1790.152818,10.44237918,0,7.294,1962.086,108,161,269
175,31.28662373,939.6713961,4.805714286,0,8.0444456,1407.77798,73,102,175
42,12.08276124,69.04434992,2.380952381,0.15430335,8.1932275,344.115555,16,26,42
122,24.59838269,381.4765578,9.475409836,0.090535746,8.132,992.104,44,78,122
62,15.66490599,151.5958645,2.322580645,-0.127000127,8.5385002,529.3870124,25,37,62
173,31.04779308,1077.878874,1.670520231,0,7.845385601,1357.251709,78,95,173
149,28.10546957,560.2231182,10.20805369,0,8.073,1202.877,55,94,149
41,11.89020214,69.60118324,1.975609756,0,8.2296358,337.4150678,16,25,41
39,11.50031505,70.77116955,1.256410256,0,8.3442698,325.4265222,16,23,39
290,43.81256355,1912.040704,14.12413793,-0.058722022,7.152,2074.08,113,177,290
40,11.69607095,111.1126741,0,0.158113883,8.5513046,342.052184,20,20,40
232,37.75652271,1362.48969,9.931034483,0.065653216,7.611898401,1765.960429,92,140,232
286,43.40875753,1955.215435,11.76223776,0.05913124,7.159,2047.474,114,172,286
77,18.09924602,204.4979745,3.753246753,0,8.5300037,656.8102849,30,47,77
204,34.6540059,1184.351613,6.352941176,0.070014004,7.839082299,1599.172789,84,120,204
163,29.83951337,648.0483272,11.34355828,0,7.992,1302.696,60,103,163
151,28.35641334,830.4109919,1.913907285,0,8.145526702,1229.974532,67,84,151
137,26.57543476,456.2439603,11.10218978,0,8.053,1103.261,49,88,137
87,19.63418303,284.3571335,2.586206897,0,8.675284,754.749708,36,51,87
16,6.349604208,22.22361473,0,0.25,7.9762072,127.6193152,8,8,16
195,33.6271252,1035.715456,7.8,0,7.926553,1545.677835,78,117,195
136,26.44595607,665.4269242,2.382352941,-0.085749293,8.330008897,1132.88121,59,77,136
208,35.10553182,1262.786486,5.557692308,-0.069337525,7.7568985,1613.434888,87,121,208
95,20.82008046,473.8211995,0.010526316,0,8.315,789.925,47,48,95
7,3.65930571,1.045515917,1.285714286,0,4.1230578,28.8614046,2,5,7
84,19.1801879,287.7028184,1.714285714,0.109108945,8.7174473,732.2655732,36,48,84
83,19.02766054,213.2014976,5.313253012,0,8.3725756,694.9237748,31,52,83
213,35.66589026,1167.429985,9.507042254,0,7.794024,1660.127112,84,129,213
61,15.49601007,128.5406737,3.68852459,0,8.2710417,504.5335437,23,38,61
200,34.19951893,1192.19523,5.12,0.070710678,7.8274407,1565.48814,84,116,200
53,14.10968267,91.04738627,4.245283019,0,8.0228488,425.2109864,19,34,53
183,32.23299987,1085.353799,3.415300546,0,7.898564399,1445.437285,79,104,183
116,23.78511887,565.1016172,0.862068966,-0.092847669,8.3812858,972.2291528,53,63,116
124,24.86648825,397.0616673,9.322580645,-0.089802651,8.148,1010.352,45,79,124
191,33.16568041,1210.634156,2.769633508,0,7.753787099,1480.973336,84,107,191
140,26.961995,471.8349125,11.42857143,0.084515425,8.038,1125.32,50,90,140
128,25.39841683,505.9840853,5.28125,-0.088388348,8.420772398,1077.858867,51,77,128
144,27.47314182,869.2196815,0.444444444,0.083333333,7.956,1145.664,68,76,144
162,29.71734524,964.1627567,1.580246914,-0.07856742,7.964343198,1290.223598,73,89,162
51,13.75245135,203.8598671,0.490196078,0,7.87,401.37,28,23,51
159,29.34932266,970.1889304,1.062893082,0,7.928725799,1260.667402,73,86,159
220,36.44308387,1127.416495,13.25454545,-0.067419986,7.681,1689.82,83,137,220
171,30.80804029,1054.319601,1.69005848,0,7.873489503,1346.366705,77,94,171
141,27.09023309,489.9297473,10.78723404,0,8.069,1137.729,51,90,141
178,31.64317125,1151.95365,1.438202247,-0.074953169,7.741,1377.898,81,97,178
164,29.96143192,832.3431941,4.780487805,0.078086881,8.149019098,1336.439132,68,96,164
167,30.32571022,877.0849124,4.365269461,0,8.106202,1353.735734,70,97,167
122,24.59838269,399.2196535,8.393442623,-0.090535746,8.208,1001.376,45,77,122
65,16.16623563,279.054098,0.138461538,0,8.17,531.05,34,31,65
233,37.86494067,1330.96079,11.16309013,0,7.604867502,1771.934128,91,142,233
40,11.69607095,38.59703414,6.4,0.158113883,6.598,263.92,12,28,40
152,28.48146944,663.3184329,6.736842105,0.081110711,8.224007803,1250.049186,60,92,152
99,21.40047747,372.2386081,2.272727273,0,8.6077982,852.1720218,42,57,99
215,35.88880298,1163.798764,10.2744186,0,7.7681768,1670.158012,84,131,215
7,3.65930571,10.45515917,1.285714286,0,3.5587055,24.9109385,5,2,7
149,28.10546957,834.1099761,1.510067114,0,8.133255,1211.854995,67,82,149
48,13.207709,208.0214167,1.333333333,0.144337567,7.236,347.328,28,20,48
114,23.510935,445.88282,3.50877193,-0.093658581,8.4937786,968.2907604,47,67,114
50,13.57208808,125.4060939,0.72,0.141421356,8.7557227,437.786135,22,28,50
229,37.4303299,1338.66551,9.64628821,0,7.629875201,1747.241421,91,138,229
19,7.120367359,26.98244473,0.052631579,0,7.7790192,147.8013648,9,10,19
140,26.961995,571.9794653,6.428571429,-0.084515425,8.3143227,1164.005178,55,85,140
25,8.549879733,62.24312446,0.36,0,7.4801109,187.0027725,14,11,25
23,8.087579399,54.85488636,0.391304348,0,7.3357275,168.7217325,13,10,23
201,34.31342254,1306.9829,3.109452736,0,7.669410801,1541.551571,88,113,201
264,41.15310591,1637.706556,12.74242424,-0.061545745,7.363,1943.832,103,161,264
106,22.39772511,363.8573834,4.566037736,0.097128586,8.4795202,898.8291412,42,64,106
166,30.20452836,756.932759,7.807228916,-0.077615053,8.113223,1346.795018,65,101,166
216,36,1107,12.51851852,0.068041382,7.74,1671.84,82,134,216
141,27.09023309,529.5083857,8.687943262,0,8.202256199,1156.518124,53,88,141
21,7.611662611,39.87061368,0.047619048,0,7.7655581,163.0767201,11,10,21
147,27.85340046,522.2038888,11.43537415,0,8.001,1176.147,53,94,147
132,25.9248322,649.2992066,1.939393939,0.087038828,8.352322303,1102.506544,58,74,132
178,31.64317125,934.3624049,5.752808989,-0.074953169,8.035,1430.23,73,105,178
238,38.40472309,1440.983938,9.680672269,-0.064820372,7.555585298,1798.229301,95,143,238
265,41.2569624,1799.114934,9.060377358,0,7.2962474,1933.505561,108,157,265
164,29.96143192,1069.111583,0.609756098,-0.078086881,7.75,1271,77,87,164
182,32.11546826,1005.814116,4.945054945,0.074124932,7.989728698,1454.130623,76,106,182
72,17.30699484,181.7234459,3.555555556,0.11785113,8.5202118,613.4552496,28,44,72
221,36.55343397,1266.303577,9.162895928,0,7.701135199,1701.950879,88,133,221
104,22.11509925,542.2452221,0.038461538,-0.098058068,8.258,858.832,51,53,104
199,34.08542533,1165.755803,5.472361809,0,7.849523201,1562.055117,83,116,199
64,16,217.5,0.25,0.125,8.7359057,559.0979648,30,34,64
148,27.97957694,582.2776823,8.756756757,0.082199494,8.164111797,1208.288546,56,92,148
140,26.961995,636.6882533,4.114285714,0.084515425,8.3763045,1172.68263,58,82,140
86,19.48343981,269.5964346,2.976744186,-0.107832773,8.6323659,742.3834674,35,51,86
161,29.59492548,741.1598728,6.763975155,0,8.167193398,1314.918137,64,97,161
145,27.60018553,867.2168641,0.55862069,0,7.975,1156.375,68,77,145
129,25.5305286,524.8601694,4.84496124,0,8.430409798,1087.522864,52,77,129
179,31.7615743,1011.402087,4.072625698,0,7.979484402,1428.327708,76,103,179
34,10.49508462,105.5682041,0.470588235,-0.171498585,7.67,260.78,19,15,34
79,18.41131157,216.7407565,3.658227848,0,8.5560725,675.9297275,31,48,79
179,31.7615743,832.5436125,9.391061453,0,8.004,1432.716,69,110,179
122,24.59838269,454.8684537,5.540983607,0.090535746,8.424266697,1027.760537,48,74,122
261,40.84074649,1643.957405,11.59003831,0,7.381,1926.441,103,158,261
85,19.33211117,197.8698437,7.352941176,0,8.09,687.65,30,55,85
207,34.99292374,1264.816693,5.260869565,0,7.756268899,1605.547662,87,120,207
144,27.47314182,630.7375476,5.444444444,0.083333333,8.314761201,1197.325613,58,86,144
249,39.57912889,1542.155456,10.44578313,0,7.474,1861.026,99,150,249
129,25.5305286,484.8821324,6.519379845,0,8.392816101,1082.673277,50,79,129
219,36.33256645,1129.129896,12.82648402,0,7.7,1686.3,83,136,219
223,36.77363621,1149.71207,13.56502242,0,7.655,1707.065,84,139,223
130,25.66229944,426.7837799,9.969230769,-0.087705802,8.142,1058.46,47,83,130
157,29.10268788,1001.354904,0.515923567,0,7.828,1228.996,74,83,157
229,37.4303299,1428.890585,7.340611354,0,7.586883402,1737.396299,94,135,229
117,23.9216193,585.1596105,0.692307692,0,8.3442976,976.2828192,54,63,117
39,11.50031505,123.8495467,0.230769231,0,8.0134575,312.5248425,21,18,39
16,6.349604208,11.90550789,1,0.25,6.9220546,110.7528736,6,10,16
74,17.62602898,207.2249353,2.648648649,0.116247639,8.6427547,639.5638478,30,44,74
98,21.2561228,373.5004435,2,0.101015254,8.6351691,846.2465718,42,56,98
49,13.39051828,163.96553,0.020408163,0,8.439915,413.555835,25,24,49
70,16.98499252,133.9387982,6.914285714,0.119522861,7.884,551.88,24,46,70
208,35.10553182,1148.693508,8.480769231,-0.069337525,7.849853399,1632.769507,83,125,208
168,30.44665044,850.3314517,5.357142857,-0.077151675,8.114951601,1363.311869,69,99,168
206,34.88013418,1208.952223,6.291262136,-0.069673301,7.808890398,1608.631422,85,121,206
59,15.15542109,129.9770012,2.86440678,0,8.4038034,495.8244006,23,36,59
225,36.99318111,1230.146583,11.56,0,7.6629412,1724.16177,87,138,225
189,32.93375139,1214.889496,2.333333333,0,7.731132101,1461.183967,84,105,189
276,42.39090822,1808.06439,12.1884058,-0.060192927,7.25,2001,109,167,276
250,39.6850263,1540.096501,10.816,-0.063245553,7.469,1867.25,99,151,250
147,27.85340046,604.8166956,7.408163265,0,8.221553599,1208.568379,57,90,147
113,23.37324236,591.9842445,0.221238938,0,8.2479277,932.0158301,54,59,113
156,28.97897803,679.8914076,7.41025641,-0.080064077,8.176726301,1275.569303,61,95,156
162,29.71734524,886.0171451,2.987654321,0.07856742,8.102533302,1312.610395,70,92,162
33,10.28827648,41.15310591,2.454545455,0,7.6364382,252.0024606,12,21,33
77,18.09924602,190.8647762,4.688311688,0,8.4112501,647.6662577,29,48,77
153,28.60625159,877.258382,1.470588235,0,8.071257098,1234.902336,69,84,153
61,15.49601007,236.2506454,0.016393443,0,8.4464313,515.2323093,31,30,61
194,33.51206219,1091.73316,5.958762887,0.071795816,7.914597402,1535.431896,80,114,194
145,27.60018553,504.7978761,11.59310345,0,7.998,1159.71,52,93,145
87,19.63418303,268.5595149,3.32183908,0,8.6059105,748.7142135,35,52,87
49,13.39051828,83.62242028,3.448979592,0,8.132,398.468,18,31,49
128,25.39841683,546.8596624,3.78125,-0.088388348,8.432830898,1079.402355,53,75,128
163,29.83951337,935.8257199,2.214723926,0,8.028007202,1308.565174,72,91,163
238,38.40472309,1380.633659,11.36134454,-0.064820372,7.566222,1800.760836,93,145,238
144,27.47314182,721.5515442,2.777777778,0.083333333,8.30368,1195.72992,62,82,144
48,13.207709,94.10492659,2.083333333,-0.144337567,8.4342324,404.8431552,19,29,48
31,9.868272403,42.01974056,1.580645161,0,7.8691886,243.9448466,12,19,31
256,40.3174736,1497.101188,14.0625,0.0625,7.432,1902.592,98,158,256
271,41.87738235,1719.908729,12.84501845,0,7.305,1979.655,106,165,271
66,16.3316209,261.3059345,0,-0.123091491,8.4684034,558.9146244,33,33,66
59,15.15542109,208.5796937,0.016949153,0,8.6420027,509.8781593,29,30,59
169,30.56735094,898.9333383,4.313609467,0,8.086323302,1366.588638,71,98,169
135,26.31615964,477.5895639,9.074074074,0,8.230687704,1111.14284,50,85,135
184,32.3503176,1002.156578,5.565217391,0.073720978,7.988677799,1469.916715,76,108,184
51,13.75245135,113.2554817,1.588235294,0,8.5972213,438.4582863,21,30,51
99,21.40047747,447.4645289,0.494949495,0,8.5379332,845.2553868,46,53,99
152,28.48146944,598.1108581,9.5,-0.081110711,8.102,1231.504,57,95,152
223,36.77363621,1410.92032,6.139013453,0,7.607565399,1696.487084,93,130,223
30,9.654893846,58.57302267,0.133333333,0.182574186,8.5206549,255.619647,14,16,30
56,14.63722284,144.2811966,1.142857143,0.133630621,8.7232609,488.5026104,24,32,56
136,26.44595607,577.5330113,4.970588235,-0.085749293,8.389772301,1141.009033,55,81,136
141,27.09023309,680.1377669,3.127659574,0,8.335507397,1175.306543,60,81,141
253,40.00187491,1502.995347,12.84189723,0,7.4548297,1886.071914,98,155,253
83,19.02766054,394.766644,0.012048193,0,8.234,683.422,42,41,83
245,39.15411297,1397.082676,13.26122449,0,7.5132822,1840.754139,94,151,245
105,22.25663649,458.2747438,1.152380952,0,8.5503708,897.788934,47,58,105
110,22.95770425,597.3177232,0.036363636,0.095346259,8.1592808,897.520888,54,56,110
157,29.10268788,634.3273753,9.687898089,0,8.085817,1269.473269,59,98,157
165,30.08310292,932.0292249,2.672727273,0,8.0428728,1327.074012,72,93,165
161,29.59492548,717.9986267,7.608695652,0,8.148981,1311.985941,63,98,161
203,34.54066479,1048.47082,9.975369458,0,7.880865,1599.815595,79,124,203
129,25.5305286,677.2516968,0.937984496,0,8.254380798,1064.815123,59,70,129
119,24.19345952,478.1766116,3.705882353,0,8.486138697,1009.850505,49,70,119
123,24.73261712,492.6415605,4.300813008,0,8.467231301,1041.46945,50,73,123
22,7.851424411,10.70648783,4.545454545,0.213200716,5.4210778,119.2637116,6,16,22
199,34.08542533,1252.082709,3.663316583,0,7.741056799,1540.470303,86,113,199
184,32.3503176,1055.956562,4.260869565,0.073720978,7.942564902,1461.431942,78,106,184
10,4.641588834,19.4946731,1.6,-0.316227766,3.6436724,36.436724,7,3,10
140,26.961995,551.180212,7.314285714,0.084515425,8.2908875,1160.72425,54,86,140
133,26.05560093,647.6677946,2.172932331,0,8.349830098,1110.527403,58,75,133
241,38.72677762,1590.851031,6.975103734,0,7.459,1797.619,100,141,241
189,32.93375139,1046.561433,5.761904762,0,7.941404503,1500.925451,78,111,189
119,24.19345952,539.1685264,1.890756303,0,8.462078504,1006.987342,52,67,119
167,30.32571022,852.0253435,5.035928144,0,8.122582599,1356.471294,69,98,167
130,25.66229944,464.2902175,7.876923077,-0.087705802,8.314176,1080.84288,49,81,130
285,43.30751256,1889.119285,13.05614035,0,7.185,2047.725,112,173,285
225,36.99318111,1258.754643,10.67111111,0,7.6675866,1725.206985,88,137,225
167,30.32571022,779.0257297,7.335329341,0,8.120878198,1356.186659,66,101,167
98,21.2561228,258.1100626,8,-0.101015254,8.078,791.644,35,63,98
237,38.29707136,1323.430441,12.76371308,0,7.5703847,1794.181174,91,146,237
85,19.33211117,286.5701185,1.988235294,0,8.6985633,739.3778805,36,49,85
99,21.40047747,408.9869027,1.222222222,0,8.6087132,852.2626068,44,55,99
26,8.776382955,61.43468069,0.153846154,0.196116135,7.9247083,206.0424158,14,12,26
191,33.16568041,1181.809533,3.272251309,0,7.800661298,1489.926308,83,108,191
87,19.63418303,253.213257,4.149425287,0,8.529092,742.031004,34,53,87
294,44.21451718,2076.277633,11.44217687,0.058321184,7.079,2081.226,118,176,294
159,29.34932266,943.6084117,1.41509434,0,7.986561,1269.863199,72,87,159
130,25.66229944,722.4924304,0.492307692,-0.087705802,8.131,1057.03,61,69,130
206,34.88013418,1237.7368,5.611650485,0.069673301,7.789041699,1604.54259,86,120,206
221,36.55343397,1153.169872,12.71040724,0,7.684481398,1698.270389,84,137,221
210,35.33020818,1229.827723,6.876190476,0.069006556,7.7966653,1637.299713,86,124,210
163,29.83951337,761.5483167,6.680981595,0,8.155632202,1329.368049,65,98,163
157,29.10268788,819.694814,3.369426752,0,8.163137299,1281.612556,67,90,157
124,24.86648825,433.5592549,7.258064516,-0.089802651,8.308895798,1030.303079,47,77,124
125,25,490,5,0,8.445528504,1055.691063,50,75,125
158,29.22613535,677.0104772,8.202531646,-0.079555728,8.143362203,1286.651228,61,97,158
221,36.55343397,1295.414004,8.366515837,0,7.6905039,1699.601362,89,132,221
53,14.10968267,159.7322566,0.169811321,0,8.7341798,462.9115294,25,28,53
167,30.32571022,928.2935968,3.167664671,0,8.054185,1345.048895,72,95,167
15,6.082201996,17.03016559,0.066666667,0,7.6994603,115.4919045,7,8,15
254,40.10721238,1594.814351,10.64566929,-0.062745581,7.432,1887.728,101,153,254
174,31.16732279,768.4357171,10.13793103,0.075809804,8.011,1393.914,66,108,174
97,21.11127629,430.9312067,0.505154639,0,8.5598949,830.3098053,45,52,97
88,19.78434977,368.7083367,0.409090909,-0.106600358,8.5724013,754.3713144,41,47,88
153,28.60625159,661.8701348,7.117647059,0,8.204583203,1255.30123,60,93,153
277,42.49323999,1839.32833,11.72924188,0,7.237,2004.649,110,167,277
226,37.10270951,1200.092064,12.90265487,0.066519011,7.646410801,1728.088841,86,140,226
50,13.57208808,190.5521167,0.32,-0.141421356,8.0006387,400.031935,27,23,50
95,20.82008046,494.4221212,0.010526316,0,8.171,776.245,48,47,95
162,29.71734524,911.6988015,2.469135802,-0.07856742,8.054559599,1304.838655,71,91,162
259,40.63184185,1584.484952,12.54440154,0,7.405,1917.895,101,158,259
196,33.7419917,1088.007079,6.612244898,0.071428571,7.91437,1551.21652,80,116,196
77,18.09924602,177.7016882,5.727272727,0,8.272,636.944,28,49,77
175,31.28662373,1129.894068,1.285714286,0,7.7592134,1357.862345,80,95,175
77,18.09924602,165.0087105,6.87012987,0,8.082,622.314,27,50,77
215,35.88880298,1220.219301,8.6,0,7.7638164,1669.220526,86,129,215
113,23.37324236,548.5472454,0.716814159,0,8.4046366,949.7239358,52,61,113
40,11.69607095,79.53328248,0.9,-0.158113883,8.427766,337.11064,17,23,40
31,9.868272403,76.39952828,0.032258065,0,8.2818013,256.7358403,16,15,31
147,27.85340046,716.6092553,3.598639456,0,8.280573401,1217.24429,62,85,147
217,36.11102555,1303.325125,7.00921659,0,7.710344802,1673.144822,89,128,217
275,42.28845279,1810.253332,11.81454545,0,7.257,1995.675,109,166,275
155,28.85500355,594.2269119,10.84516129,0,8.028,1244.34,57,98,155
90,20.0829885,235.6403984,6.4,-0.105409255,8.24,741.6,33,57,90
167,30.32571022,980.9550097,2.161676647,0,7.976704503,1332.109652,74,93,167
89,19.93394877,385.6883121,0.280898876,0,8.5449851,760.5036739,42,47,89
184,32.3503176,949.7631286,7.043478261,0.073720978,8.005077701,1472.934297,74,110,184
171,30.80804029,1138.636343,0.707602339,0,7.686,1314.306,80,91,171
37,11.10370247,33.01100734,6.081081081,0,6.403,236.911,11,26,37
209,35.21795959,1146.858531,8.846889952,0,7.8479869,1640.229262,83,126,209
171,30.80804029,749.4821498,9.830409357,0,8.03,1373.13,65,106,171
110,22.95770425,490.8774581,1.309090909,-0.095346259,8.5089087,935.979957,49,61,110
56,14.63722284,197.6025083,0,0.133630621,8.6427811,483.9957416,28,28,56
89,19.93394877,266.5325734,4.056179775,0,8.5307802,759.2394378,35,54,89
216,36,1276,7.407407407,0.068041382,7.737345801,1671.266693,88,128,216
40,11.69607095,135.0896195,0.4,0.158113883,7.8658632,314.634528,22,18,40
93,20.52683379,398.617869,0.52688172,0,8.6085782,800.5977726,43,50,93
145,27.60018553,629.2842302,5.8,0,8.2898762,1202.032049,58,87,145
109,22.81835497,396.0764001,4.04587156,0,8.496228,926.088852,44,65,109
162,29.71734524,990.9450555,1.209876543,0.07856742,7.923821401,1283.659067,74,88,162
64,16,248,0,0.125,8.5288243,545.8447552,32,32,64
121,24.463781,557.2081027,1.859504132,0,8.441411099,1021.410743,53,68,121
95,20.82008046,291.9194439,4.642105263,0,8.4601967,803.7186865,37,58,95
144,27.47314182,793.6685415,1.361111111,-0.083333333,8.151287701,1173.785429,65,79,144
256,40.3174736,1559.152299,12.25,0.0625,7.431788801,1902.537933,100,156,256
67,16.49617297,147.7269221,4.313432836,0,8.281,554.827,25,42,67
257,40.42239878,1557.127424,12.64202335,0,7.422194198,1907.503909,100,157,257
158,29.22613535,945.5949616,1.240506329,0.079555728,7.981276399,1261.041671,72,86,158
287,43.50988457,1952.941927,12.12891986,0,7.155,2053.485,114,173,287
115,23.64822562,463.9164957,3.139130435,0,8.5107252,978.733398,48,67,115
95,20.82008046,433.9343085,0.263157895,0,8.5253707,809.9102165,45,50,95
71,17.14637163,255.0220908,0.352112676,0,8.663935,615.139385,33,38,71
171,30.80804029,796.6851121,8.005847953,0,8.083602099,1382.295959,67,104,171
85,19.33211117,240.1730517,4.247058824,0,8.5109851,723.4337335,33,52,85
54,14.28660947,200.0125325,0.074074074,0.136082763,8.3930328,453.2237712,28,26,54
144,27.47314182,769.247971,1.777777778,0.083333333,8.221938201,1183.959101,64,80,144
89,19.93394877,443.4743659,0.011235955,0,8.189,728.821,45,44,89
183,32.23299987,1169.899372,1.972677596,0,7.762179,1420.478757,82,101,183
187,32.70100282,1077.559248,4.497326203,0,7.917432299,1480.55984,79,108,187
224,36.88349034,1175.661254,13.01785714,-0.06681531,7.650735402,1713.76473,85,139,224
197,33.85666301,1141.502313,5.527918782,0,7.871282198,1550.642593,82,115,197
166,30.20452836,982.9208567,1.951807229,0.077615053,7.974895102,1323.832587,74,92,166
194,33.51206219,1147.356274,4.639175258,0.071795816,7.865418098,1525.891111,82,112,194
224,36.88349034,1147.998637,14,0.06681531,7.644,1712.256,84,140,224
211,35.44227874,1375.697929,3.985781991,0,7.629394801,1609.802303,91,120,211
109,22.81835497,492.3740449,1.110091743,0,8.5131027,927.9281943,49,60,109
42,12.08276124,145.5685044,0.380952381,-0.15430335,7.824,328.608,23,19,42
134,26.18604233,787.9262886,0.268656716,0.086386843,8.008,1073.072,64,70,134
65,16.16623563,246.7216268,0.015384615,0,8.5550584,556.078796,32,33,65
138,26.7045988,596.0156833,4.898550725,0.085125653,8.393422203,1158.292264,56,82,138
114,23.510935,372.4627072,6.877192982,-0.093658581,8.2902599,945.0896286,43,71,114
270,41.7742995,1855.088337,9.259259259,0.060858062,7.2537634,1958.516118,110,160,270
166,30.20452836,956.3554281,2.409638554,-0.077615053,8.004971398,1328.825252,73,93,166
190,33.04981762,1044.72213,6.084210526,0.072547625,7.9464941,1509.833879,78,112,190
152,28.48146944,779.4928477,3.184210526,-0.081110711,8.202007197,1246.705094,65,87,152
181,31.99772119,853.8618418,9.287292818,0,7.996,1447.276,70,111,181
143,27.34580368,610.4042332,5.881118881,0,8.306127098,1187.776175,57,86,143
185,32.46742298,974.0226893,6.621621622,0,7.991010103,1478.336869,75,110,185
122,24.59838269,417.3660014,7.37704918,0.090535746,8.3059755,1013.329011,46,76,122
50,13.57208808,149.8358524,0.08,0.141421356,8.7010188,435.05094,24,26,50
60,15.32618865,153.2618865,1.666666667,-0.129099445,8.6281392,517.688352,25,35,60
101,21.68773756,286.0204596,7.217821782,0,8.2061753,828.8237053,37,64,101
264,41.15310591,1768.024724,9.46969697,-0.061545745,7.315,1931.16,107,157,264
235,38.08131249,1416.624825,9.4,0,7.578879902,1781.036777,94,141,235
145,27.60018553,565.3279382,8.448275862,0,8.1887342,1187.366459,55,90,145
145,27.60018553,524.5938713,10.48965517,0,8.069,1170.005,53,92,145
23,8.087579399,31.64704982,0.391304348,0,7.9552561,182.9708903,10,13,23
3,2.080083823,0,0.333333333,0,2.8272654,8.4817962,1,2,3
223,36.77363621,1350.565384,7.538116592,0,7.6518957,1706.372741,91,132,223
52,13.93163954,188.0771337,0.076923077,-0.138675049,8.3255606,432.9291512,27,25,52
139,26.83345121,754.0392837,1.215827338,0,8.187218698,1138.023399,63,76,139
222,36.66361774,1179.181219,12.18018018,-0.067115606,7.677387802,1704.380092,85,137,222
170,30.6878136,897.1672565,4.611764706,-0.076696499,8.0816686,1373.883662,71,99,170
179,31.7615743,1065.698409,2.955307263,0,7.910675899,1416.010986,78,101,179
137,26.57543476,619.1882318,3.861313869,0,8.381880701,1148.317656,57,80,137
116,23.78511887,502.358114,2.206896552,0.092847669,8.5231166,988.6815256,50,66,116
65,16.16623563,137.2886472,4.446153846,0,8.218,534.17,24,41,65
172,30.92803285,748.026841,10.25581395,-0.076249285,8.006,1377.032,65,107,172
199,34.08542533,1109.917367,6.879396985,0,7.893877302,1570.881583,81,118,199
227,37.21207647,1255.046949,11.45814978,0,7.648304802,1736.16519,88,139,227
224,36.88349034,1318.914096,8.642857143,0.06681531,7.667716201,1717.568429,90,134,224
154,28.73076218,574.6152435,11.45454545,0.080582296,8.001,1232.154,56,98,154
68,16.65990837,135.2392562,5.882352941,0.121267813,8.026,545.768,24,44,68
45,12.65148998,142.2589762,0.022222222,0,8.3800394,377.101773,23,22,45
18,6.868285455,34.34142728,0.222222222,0.23570226,7.3412577,132.1426386,10,8,18
176,31.40569764,886.8540755,6.568181818,-0.075377836,8.059020898,1418.387678,71,105,176
209,35.21795959,1091.925254,10.56937799,0,7.8333979,1637.180161,81,128,209
105,22.25663649,498.5486574,0.466666667,0,8.4647045,888.7939725,49,56,105
149,28.10546957,602.0983816,8.22147651,0,8.176191503,1218.252534,57,92,149
111,23.09663188,489.3989026,1.522522523,0,8.5222824,945.9733464,49,62,111
160,29.47225199,696.6503564,8.1,0.079056942,8.1446159,1303.138544,62,98,160
168,30.44665044,801.3993349,6.880952381,-0.077151675,8.116806101,1363.623425,67,101,168
164,29.96143192,783.747213,6.243902439,0.078086881,8.158712902,1338.028916,66,98,164
170,30.6878136,822.4334045,6.8,0.076696499,8.1119529,1379.031993,68,102,170
130,25.66229944,544.0407481,4.430769231,-0.087705802,8.4211011,1094.743143,53,77,130
179,31.7615743,932.6191874,6.083798883,0,8.033586899,1438.012055,73,106,179
78,18.25561221,164.3005099,7.384615385,-0.113227703,7.997,623.766,27,51,78
207,34.99292374,1041.673411,11.59903382,0,7.824,1619.568,79,128,207
44,12.46335937,130.8652734,0,0.150755672,8.5335215,375.474946,22,22,44
155,28.85500355,873.4688817,1.864516129,0,8.088376,1253.69828,69,86,155
245,39.15411297,1582.14579,8.265306122,0,7.465,1828.925,100,145,245
200,34.19951893,1000.677924,10.58,-0.070710678,7.878,1575.6,77,123,200
282,43.0030645,1861.941197,12.76595745,-0.059549133,7.204,2031.528,111,171,282
106,22.39772511,560.3657263,0.037735849,0.097128586,8.2367682,873.0974292,52,54,106
246,39.26058243,1425.191061,12.74796748,-0.063757671,7.505,1846.23,95,151,246
144,27.47314182,675.3814031,4,0.083333333,8.326923701,1199.077013,60,84,144
243,38.9407384,1523.336046,9.090534979,0,7.505,1823.715,98,145,243
243,38.9407384,1586.474527,7.609053498,0,7.464,1813.752,100,143,243
139,26.83345121,730.1015287,1.618705036,0,8.243078597,1145.787925,62,77,139
115,23.64822562,425.6680612,4.6,0,8.4577342,972.639433,46,69,115
210,35.33020818,1347.595083,4.285714286,0.069006556,7.6690764,1610.506044,90,120,210
55,14.46244742,110.4405076,3.072727273,0,8.3333694,458.335317,21,34,55
87,19.63418303,300.6061125,1.942528736,0,8.7109843,757.8556341,37,50,87
169,30.56735094,752.4271001,9,0,8.069,1363.661,65,104,169
109,22.81835497,343.3220381,6.688073394,0,8.2971307,904.3872463,41,68,109
113,23.37324236,373.558192,6.451327434,0,8.3294652,941.2295676,43,70,113
173,31.04779308,842.0592205,7.080924855,0,8.084463301,1398.612151,69,104,173
10,4.641588834,9.283177667,0,-0.316227766,6.4750835,64.750835,5,5,10
94,20.6737171,277.1157824,5.14893617,0.103142125,8.4243318,791.8871892,36,58,94
237,38.29707136,1536.084221,7.092827004,0,7.5033507,1778.294116,98,139,237
92,20.37942306,328.2859236,2.130434783,-0.104257207,8.6615894,796.8662248,39,53,92
111,23.09663188,551.822232,0.441441441,0,8.3677635,928.8217485,52,59,111
171,30.80804029,999.9100796,2.578947368,0,7.969413099,1362.76964,75,96,171
121,24.463781,437.1131778,6.024793388,0,8.382330603,1014.262003,47,74,121
111,23.09663188,430.7209729,3.252252252,0,8.5217498,945.9142278,46,65,111
133,26.05560093,441.965682,10.29323308,0,8.121,1080.093,48,85,133
11,4.946087443,5.395731756,0.818181818,0,5.9525402,65.4779422,4,7,11
124,24.86648825,573.9345918,2.064516129,0.089802651,8.437613798,1046.264111,54,70,124
225,36.99318111,1406.727367,6.76,0,7.607423102,1711.670198,93,132,225
27,9,36.66666667,0.925925926,0,7.9569467,214.8375609,11,16,27
120,24.32880798,647.1462923,0.3,-0.091287093,8.179,981.48,57,63,120
82,18.87451938,174.0138616,8.243902439,0.110431526,7.935,650.67,28,54,82
161,29.59492548,1047.770653,0.50310559,0,7.765,1250.165,76,85,161
226,37.10270951,1315.011961,9.362831858,0.066519011,7.6571195,1730.509007,90,136,226
144,27.47314182,895.1665377,0.25,-0.083333333,7.85,1130.4,69,75,144
134,26.18604233,763.3035921,0.47761194,-0.086386843,8.075,1082.05,63,71,134
166,30.20452836,878.8426023,4.072289157,0.077615053,8.112459102,1346.668211,70,96,166
70,16.98499252,170.3352107,3.657142857,-0.119522861,8.434198,590.39386,27,43,70
222,36.66361774,1352.590222,7.207207207,-0.067115606,7.651237302,1698.574681,91,131,222
166,30.20452836,804.6049664,6.168674699,-0.077615053,8.135493301,1350.491888,67,99,166
133,26.05560093,603.3928637,3.315789474,0,8.400205902,1117.227385,56,77,133
111,23.09663188,469.4234371,2.027027027,0,8.5370801,947.6158911,48,63,111
205,34.76716196,1239.746117,5.312195122,0,7.7807226,1595.048133,86,119,205
123,24.73261712,380.4399316,9.959349593,0,8.089,994.947,44,79,123
66,16.3316209,148.4692809,3.878787879,-0.123091491,8.3317986,549.8987076,25,41,66
46,12.83823205,66.98208024,4.260869565,0.147441956,7.785,358.11,16,30,46
171,30.80804029,895.4149722,4.918128655,0,8.084662099,1382.477219,71,100,171
87,19.63418303,370.115634,0.287356322,0,8.5517579,744.0029373,41,46,87
102,21.83065575,423.7715527,1.411764706,-0.099014754,8.5769818,874.8521436,45,57,102
78,18.25561221,232.1739399,2.512820513,0.113227703,8.6716636,676.3897608,32,46,78
191,33.16568041,1125.202142,4.403141361,0,7.877144503,1504.5346,81,110,191
28,9.220872584,29.63851902,2.285714286,0.188982237,7.3883463,206.8736964,10,18,28
156,28.97897803,592.9544735,11.30769231,-0.080064077,7.997,1247.532,57,99,156
158,29.22613535,699.5774931,7.316455696,0.079555728,8.1773075,1292.014585,62,96,158
193,33.3968013,1149.334478,4.357512953,0,7.854099399,1515.841184,82,111,193
12,5.241482788,13.10370697,0,0.288675135,7.6801446,92.1617352,6,6,12
83,19.02766054,305.3595644,0.975903614,0,8.6752193,720.0432019,37,46,83
178,31.64317125,1013.292562,3.797752809,0.074953169,7.981912798,1420.780478,76,102,178
252,39.89639857,1631.00277,9.142857143,0.062994079,7.425799198,1871.301398,102,150,252
157,29.10268788,656.2007331,8.719745223,0,8.132167102,1276.750235,60,97,157
136,26.44595607,784.0448154,0.470588235,0.085749293,8.064,1096.704,64,72,136
142,27.21816837,569.2814088,7.211267606,-0.083918136,8.264877697,1173.612633,55,87,142
269,41.67108931,1724.160684,12.07806691,0,7.318,1968.542,106,163,269
205,34.76716196,1126.456047,8.2,0,7.874331302,1614.237917,82,123,205
127,25.26596057,548.2912387,3.472440945,0,8.445482,1072.576214,53,74,127
172,30.92803285,1052.272373,1.88372093,-0.076249285,7.880263698,1355.405356,77,95,172
161,29.59492548,966.1548342,1.397515528,0,7.95745,1281.14945,73,88,161
100,21.5443469,302.9135174,5.76,0.1,8.3722012,837.22012,38,62,100
14,5.808785734,8.298265334,1.142857143,-0.267261242,6.1016451,85.4230314,5,9,14
250,39.6850263,1478.18786,12.544,-0.063245553,7.4759594,1868.98985,97,153,250
201,34.31342254,999.0156652,10.99004975,0,7.87,1581.87,77,124,201
142,27.21816837,611.8337566,5.521126761,-0.083918136,8.320826303,1181.557335,57,85,142
35,10.69987481,83.15331278,0.028571429,0,8.520279,298.209765,17,18,35
63,15.83289626,281.976343,0.396825397,0,7.917,498.771,34,29,63
80,18.56635533,188.4485066,6.05,-0.111803399,8.246,659.68,29,51,80
214,35.77743342,1369.239158,4.785046729,-0.068358593,7.647703701,1636.608592,91,123,214
35,10.69987481,116.1700693,0.714285714,0,7.476,261.66,20,15,35
81,18.72075441,259.3171166,2.086419753,0,8.6859998,703.5659838,34,47,81
151,28.35641334,805.622604,2.390728477,0,8.184678901,1235.886514,66,85,151
293,44.11420058,2043.405906,11.88054608,0,7.095,2078.835,117,176,293
195,33.6271252,1117.455238,5.584615385,0,7.890729303,1538.692214,81,114,195
118,24.05773139,540.687319,1.661016949,0.092057462,8.469697,999.424246,52,66,118
226,37.10270951,1374.441965,7.805309735,0.066519011,7.631916602,1724.813152,92,134,226
111,23.09663188,530.5983,0.72972973,0,8.4401203,936.8533533,51,60,111
204,34.6540059,994.094326,12.25490196,-0.070014004,7.823,1595.892,77,127,204
167,30.32571022,1062.670995,1.011976048,0,7.812825401,1304.741842,77,90,167
135,26.31615964,458.4859814,10.14074074,0,8.136,1098.36,49,86,135
230,37.53921823,1457.500951,6.956521739,-0.065938047,7.562,1739.26,95,135,230
184,32.3503176,924.0938548,7.847826087,-0.073720978,7.9937535,1470.850644,73,111,184
132,25.9248322,481.1805977,7.757575758,0.087038828,8.354872598,1102.843183,50,82,132
130,25.66229944,523.5109086,5.2,0.087705802,8.4303251,1095.942263,52,78,130
82,18.87451938,396.364907,0.048780488,0.110431526,8.163,669.366,42,40,82
240,38.61957538,1529.657015,8.066666667,0.064549722,7.51024,1802.4576,98,142,240
233,37.86494067,1390.439624,9.480686695,0,7.596181601,1769.910313,93,140,233
104,22.11509925,402.3246903,2.461538462,0.098058068,8.5873998,893.0895792,44,60,104
260,40.73636112,1743.829613,8.861538462,0.062017367,7.3425632,1909.066432,106,154,260
147,27.85340046,763.9789839,2.455782313,0,8.243336599,1211.77048,64,83,147
101,21.68773756,505.045136,0.089108911,0,8.370426,845.413026,49,52,101
179,31.7615743,1178.54959,1.25698324,0,7.701463,1378.561877,82,97,179
204,34.6540059,1241.768545,5.019607843,0.070014004,7.780574299,1587.237157,86,118,204
115,23.64822562,407.1607542,5.434782609,0,8.4106538,967.225187,45,70,115
178,31.64317125,786.1017036,10.87640449,-0.074953169,7.957,1416.346,67,111,178
157,29.10268788,591.6928644,11.77707006,0,7.972,1251.604,57,100,157
82,18.87451938,359.0762224,0.048780488,0.110431526,8.4654666,694.1682612,40,42,82
158,29.22613535,817.9618388,3.64556962,-0.079555728,8.158470899,1289.038402,67,91,158
121,24.463781,418.512617,6.950413223,0,8.320858397,1006.823866,46,75,121
227,37.21207647,1142.91893,15.33480176,0,7.596,1724.292,84,143,227
160,29.47225199,864.2737896,3.025,-0.079056942,8.1108124,1297.729984,69,91,160
177,31.52454625,860.2460926,7.734463277,0,8.049974102,1424.845416,70,107,177
201,34.31342254,1133.879366,6.810945274,0,7.877878199,1583.453518,82,119,201
103,21.97310764,403.6225209,2.184466019,0,8.5843656,884.1896568,44,59,103
93,20.52683379,278.10549,4.741935484,0,8.4581085,786.6040905,36,57,93
252,39.89639857,1567.358515,10.73015873,0.062994079,7.456035099,1878.920845,100,152,252
155,28.85500355,951.6566333,0.780645161,0,7.929,1228.995,72,83,155
84,19.1801879,393.1938519,0,0.109108945,8.325,699.3,42,42,84
48,13.207709,104.5610295,1.333333333,0.144337567,8.6666916,416.0011968,20,28,48
63,15.83289626,189.9947552,0.777777778,0,8.7634955,552.1002165,28,35,63
91,20.23147725,401.5170099,0.274725275,0,8.5366558,776.8356778,43,48,91
72,17.30699484,238.451929,0.888888889,0.11785113,8.7317459,628.6857048,32,40,72
53,14.10968267,101.1637625,3.188679245,0,8.3305778,441.5206234,20,33,53
138,26.7045988,731.8608163,1.420289855,0.085125653,8.237928601,1136.834147,62,76,138
44,12.46335937,169.9549005,0.818181818,-0.150755672,7.457,328.108,25,19,44
24,8.320335292,31.20125735,0.666666667,0.204124145,7.9933252,191.8398048,10,14,24
41,11.89020214,99.18168612,0.219512195,0,8.5760731,351.6189971,19,22,41
218,36.22188069,1391.053143,5.302752294,0.067728546,7.640719101,1665.676764,92,126,218
175,31.28662373,838.8390773,7.822857143,0,8.061767303,1410.809278,69,106,175
104,22.11509925,479.7275377,0.615384615,0.098058068,8.5176232,885.8328128,48,56,104
125,25,661.2,0.648,0,8.242,1030.25,58,67,125
7,3.65930571,0,3.571428571,0,0.94,6.58,1,6,7
137,26.57543476,555.1744109,6.138686131,0,8.364286504,1145.907251,54,83,137
69,16.82284308,134.5827446,6.391304348,0,7.939,547.791,24,45,69
190,33.04981762,1099.341302,4.736842105,0.072547625,7.9070174,1502.333306,80,110,190
43,12.27379797,87.3437716,1.139534884,0,8.4882382,364.9942426,18,25,43
118,24.05773139,440.78657,4.881355932,-0.092057462,8.43389,995.19902,47,71,118
173,31.04779308,891.9510499,5.554913295,0,8.079031202,1397.672398,71,102,173
88,19.78434977,299.4631125,2.227272727,-0.106600358,8.6811154,763.9381552,37,51,88
36,10.90272356,92.67315023,0,0.166666667,8.5199096,306.7167456,18,18,36
46,12.83823205,128.9405045,0.086956522,0.147441956,8.6564623,398.1972658,22,24,46
192,33.28134117,988.0398159,8.333333333,0.072168784,7.948526,1526.116992,76,116,192
141,27.09023309,703.1932844,2.560283688,0,8.303940504,1170.855611,61,80,141
129,25.5305286,748.4996836,0.19379845,0,8.023,1034.967,62,67,129
42,12.08276124,52.35863202,4.666666667,0.15430335,7.41,311.22,14,28,42
72,17.30699484,253.8359244,0.5,-0.11785113,8.6603786,623.5472592,33,39,72
274,42.1858731,1812.452913,11.44525547,-0.060412209,7.259,1988.966,109,165,274
35,10.69987481,55.63934899,1.4,0,8.1695644,285.934754,14,21,35
240,38.61957538,1467.543865,9.6,0.064549722,7.5428617,1810.286808,96,144,240
55,14.46244742,184.5934198,0.018181818,0,8.6696204,476.829122,27,28,55
216,36,1395.333333,4.740740741,0.068041382,7.631307199,1648.362355,92,124,216
161,29.59492548,862.4806853,3.285714286,0,8.120490602,1307.398987,69,92,161
80,18.56635533,260.3931336,1.8,0.111803399,8.7108142,696.865136,34,46,80
208,35.10553182,1040.00138,12.01923077,-0.069337525,7.803,1623.024,79,129,208
149,28.10546957,736.7782828,3.55033557,0,8.253556,1229.779844,63,86,149
159,29.34932266,767.8816496,5.289308176,0,8.188802503,1302.019598,65,94,159
214,35.77743342,1250.872696,7.476635514,-0.068358593,7.757739299,1660.15621,87,127,214
236,38.18926811,1384.522788,10.59322034,-0.065094455,7.579214801,1788.694693,93,143,236
263,41.04911821,1671.932145,11.50190114,0,7.364,1936.732,104,159,263
105,22.25663649,347.6274652,5.038095238,0,8.4316925,885.3277125,41,64,105
143,27.34580368,723.2295771,2.524475524,0,8.288182503,1185.210098,62,81,143
267,41.46428436,1862.010373,8.27340824,0,7.248,1935.216,110,157,267
34,10.49508462,74.08295028,0.117647059,0.171498585,8.5834986,291.8389524,16,18,34
50,13.57208808,162.865057,0,-0.141421356,8.5326823,426.634115,25,25,50
60,15.32618865,193.109977,0.266666667,0.129099445,8.7807769,526.846614,28,32,60
105,22.25663649,419.6965738,2.142857143,0,8.5727053,900.1340565,45,60,105
75,17.78446652,266.0556192,0.653333333,0,8.6789139,650.9185425,34,41,75
40,11.69607095,89.47494279,0.4,0.158113883,8.5952594,343.810376,18,22,40
186,32.58431755,946.3466849,7.76344086,0.073323558,7.988602602,1485.880084,74,112,186
91,20.23147725,460.2105263,0.010989011,0,8.183,744.653,46,45,91
101,21.68773756,406.2693015,1.673267327,0,8.601366,868.737966,44,57,101
122,24.59838269,577.0538628,1.606557377,0.090535746,8.424664402,1027.809057,54,68,122
256,40.3174736,1719.792233,8.265625,-0.0625,7.359,1883.904,105,151,256
10,4.641588834,0.928317767,3.6,0.316227766,2.995134,29.95134,2,8,10
172,30.92803285,919.2099065,4.558139535,0.076249285,8.071743901,1388.339951,72,100,172
74,17.62602898,221.5163101,1.945945946,-0.116247639,8.6631676,641.0744024,31,43,74
122,24.59838269,621.0083499,0.819672131,0.090535746,8.323756697,1015.498317,56,66,122
220,36.44308387,1326.859554,7.272727273,0.067419986,7.6844964,1690.589208,90,130,220
94,20.6737171,435.4676581,0.170212766,-0.103142125,8.4724033,796.4059102,45,49,94
217,36.11102555,1132.588202,11.98617512,0,7.731849101,1677.811255,83,134,217
127,25.26596057,569.3793633,2.842519685,0,8.434106598,1071.131538,54,73,127
208,35.10553182,1121.014146,9.307692308,0.069337525,7.867453,1636.430224,82,126,208
150,28.23108087,807.4089128,2.16,0.081649658,8.1891495,1228.372425,66,84,150
131,25.79373283,444.2035211,9.351145038,0,8.206120397,1075.001772,48,83,131
199,34.08542533,1002.351302,10.1758794,0,7.891206598,1570.350113,77,122,199
45,12.65148998,129.8886305,0.022222222,0,8.5557321,385.0079445,22,23,45
92,20.37942306,381.4496359,0.695652174,0.104257207,8.6577312,796.5112704,42,50,92
32,10.0793684,34.64782887,3.125,-0.176776695,7.2198815,231.036208,11,21,32
94,20.6737171,292.95097,4.255319149,-0.103142125,8.4927644,798.3198536,37,57,94
169,30.56735094,775.9404469,8.100591716,0,8.094756598,1368.013865,66,103,169
111,23.09663188,324.6013129,8.657657658,0,8.118,901.098,40,71,111
165,30.08310292,667.2979193,11.20606061,0,7.992,1318.68,61,104,165
181,31.99772119,903.7146449,7.563535912,0,8.022003,1451.982543,72,109,181
102,21.83065575,333.8806173,4.745098039,0.099014754,8.466294,863.561988,40,62,102
188,32.81748027,1159.434596,3.063829787,0.072932496,7.824821101,1471.066367,82,106,188
29,9.439130677,42.96431895,0.862068966,0,8.1135317,235.2924193,12,17,29
70,16.98499252,305.7298654,0.057142857,0.119522861,8.256,577.92,36,34,70
180,31.87975708,905.3851009,7.2,0.074535599,8.0349319,1446.287742,72,108,180
104,22.11509925,440.1755332,1.384615385,0.098058068,8.5848485,892.824244,46,58,104
109,22.81835497,576.9484982,0.082568807,0,8.2200164,895.9817876,53,56,109
199,34.08542533,1222.964507,4.226130653,0,7.781488302,1548.516172,85,114,199
181,31.99772119,929.1713955,6.767955801,0,8.023405,1452.236305,73,108,181
69,16.82284308,158.476058,4.188405797,0,8.345,575.805,26,43,69
125,25,530.4,3.528,0,8.458036104,1057.254513,52,73,125
124,24.86648825,617.6514824,1.161290323,0.089802651,8.355820903,1036.121792,56,68,124
54,14.28660947,230.1731525,0.666666667,0.136082763,7.742,418.068,30,24,54
93,20.52683379,327.1050287,2.419354839,0,8.6489054,804.3482022,39,54,93
92,20.37942306,438.6006266,0.043478261,-0.104257207,8.3734211,770.3547412,45,47,92
46,12.83823205,95.44946434,1.391304348,-0.147441956,8.5180428,391.8299688,19,27,46
166,30.20452836,780.5869077,6.963855422,0.077615053,8.137279301,1350.788364,66,100,166
180,31.87975708,982.9591765,5,-0.074535599,7.9999922,1439.998596,75,105,180
68,16.65990837,291.5483965,0.058823529,-0.121267813,8.239,560.252,35,33,68
174,31.16732279,1132.054483,1.126436782,0.075809804,7.749785098,1348.462607,80,94,174
74,17.62602898,267.2487097,0.486486486,0.116247639,8.6877155,642.890947,34,40,74
81,18.72075441,275.0333055,1.49382716,0,8.6959465,704.3716665,35,46,81
128,25.39841683,447.6470967,8,0.088388348,8.303236703,1062.814298,48,80,128
170,30.6878136,922.8006067,3.976470588,0.076696499,8.0708762,1372.048954,72,98,170
288,43.61089423,1950.678956,12.5,0.058925565,7.154,2060.352,114,174,288
226,37.10270951,1172.182946,13.87610619,-0.066519011,7.624,1723.024,85,141,226
28,9.220872584,23.71081522,3.571428571,-0.188982237,6.6268567,185.5519876,9,19,28
67,16.49617297,214.2040371,0.731343284,0,8.7341534,585.1882778,30,37,67
44,12.46335937,77.04622155,2.272727273,-0.150755672,8.2344788,362.3170672,17,27,44
47,13.02362568,128.0194694,0.191489362,0,8.6612325,407.0779275,22,25,47
193,33.3968013,1177.713107,3.777202073,0,7.817171798,1508.714157,83,110,193
148,27.97957694,541.0645217,10.81081081,0.082199494,8.047,1190.956,54,94,148
226,37.10270951,1285.789473,10.19469027,-0.066519011,7.655662801,1730.179793,89,137,226
76,17.94220144,178.477688,5.263157895,0.114707867,8.338,633.688,28,48,76
270,41.7742995,1821.359458,10.01481481,-0.060858062,7.271,1963.17,109,161,270
241,38.72677762,1374.880952,12.55186722,0,7.544042602,1818.114267,93,148,241
273,42.08316853,1781.36665,11.9010989,0,7.279,1987.167,108,165,273
128,25.39841683,567.8927263,3.125,0.088388348,8.443300797,1080.742502,54,74,128
233,37.86494067,1244.180196,13.94420601,0,7.585564399,1767.436505,88,145,233
212,35.5541724,1343.343967,4.830188679,0.068680282,7.682062802,1628.597314,90,122,212
100,21.5443469,389.090905,1.96,-0.1,8.5951184,859.51184,43,57,100
112,23.23514293,340.2288787,8.035714286,-0.094491118,8.178,915.936,41,71,112
170,30.6878136,975.1504063,2.847058824,0.076696499,8.0089482,1361.521194,74,96,170
129,25.5305286,427.883743,9.496124031,0,8.188,1056.252,47,82,129
142,27.21816837,772.8426399,1.38028169,0.083918136,8.190256901,1163.01648,64,78,142
266,41.36068833,1730.618275,10.96240602,0.061313934,7.332,1950.312,106,160,266
48,13.207709,193.1627441,0.75,-0.144337567,7.595,364.56,27,21,48
37,11.10370247,39.61320881,4.567567568,0,7.0551115,261.0391255,12,25,37
118,24.05773139,385.7392185,7.627118644,0.092057462,8.263,975.034,44,74,118
207,34.99292374,1150.540285,8.120772947,0,7.8545053,1625.882597,83,124,207
241,38.72677762,1559.03401,7.67219917,0,7.485,1803.885,99,142,241
166,30.20452836,688.1537727,10.62650602,0.077615053,8.023,1331.818,62,104,166
174,31.16732279,816.082314,8.298850575,0.075809804,8.064,1403.136,68,106,174
171,30.80804029,973.2458108,3.093567251,0,8.008115801,1369.387802,74,97,171
23,8.087579399,14.76862325,3.52173913,0,6.2366721,143.4434583,7,16,23
179,31.7615743,984.7862424,4.698324022,0,8.003766598,1432.674221,75,104,179
28,9.220872584,36.22485658,1.285714286,-0.188982237,7.7992644,218.3794032,11,17,28
21,7.611662611,47.84473641,0.428571429,0,7.1050317,149.2056657,12,9,21
178,31.64317125,1067.690374,2.719101124,0.074953169,7.908253,1407.669034,78,100,178
285,43.30751256,1957.499568,11.4,0,7.159,2040.315,114,171,285
184,32.3503176,1083.384006,3.673913043,-0.073720978,7.900194701,1453.635825,79,105,184
259,40.63184185,1648.17811,10.84555985,0,7.39,1914.01,103,156,259
173,31.04779308,1022.961969,2.549132948,0,7.944034098,1374.317899,76,97,173
231,37.64794886,1191.370157,15.06926407,0,7.579,1750.749,86,145,231
185,32.46742298,922.4258117,8.221621622,0,7.986361503,1477.476878,73,112,185
192,33.28134117,1014.387544,7.520833333,-0.072168784,7.938999901,1524.287981,77,115,192
213,35.66589026,1139.634033,10.37089202,0,7.7910217,1659.487622,83,130,213
268,41.56775114,1693.730755,12.55223881,-0.061084722,7.328,1963.904,105,163,268
126,25.13315618,549.7379242,3.174603175,-0.089087081,8.439937897,1063.432175,53,73,126
214,35.77743342,1056.604576,13.62616822,0.068358593,7.724,1652.936,80,134,214
58,14.98368597,119.3528089,3.379310345,0.131306433,8.307629,481.842482,22,36,58
218,36.22188069,1272.085865,8.091743119,0.067728546,7.725024101,1684.055254,88,130,218
278,42.59544868,1803.718064,12.94964029,-0.059976014,7.24,2012.72,109,169,278
142,27.21816837,748.6913074,1.802816901,-0.083918136,8.226396,1168.148232,63,79,142
201,34.31342254,1078.909604,8.36318408,0,7.897560701,1587.409701,80,121,201
211,35.44227874,1061.588633,12.32701422,0,7.777,1640.947,80,131,211
173,31.04779308,943.2786153,4.213872832,0,8.044065,1391.623245,73,100,173
52,13.93163954,202.5446056,0.307692308,0.138675049,8.0838977,420.3626804,28,24,52
78,18.25561221,329.0691124,0.051282051,0.113227703,8.5000971,663.0075738,38,40,78
229,37.4303299,1309.24429,10.48471616,0,7.634651,1748.335079,90,139,229
21,7.611662611,15.22332522,2.333333333,0,6.6090159,138.7893339,7,14,21
118,24.05773139,627.947565,0.305084746,0.092057462,8.227,970.786,56,62,118
196,33.7419917,1007.439466,9,-0.071428571,7.914148699,1551.173145,77,119,196
250,39.6850263,1571.527041,10,0.063245553,7.4620905,1865.522625,100,150,250
170,30.6878136,1028.944338,1.905882353,0.076696499,7.9211258,1346.591386,76,94,170
160,29.47225199,915.4818274,2.025,-0.079056942,8.0383387,1286.134192,71,89,160
266,41.36068833,1830.443696,8.661654135,-0.061313934,7.270759801,1934.022107,109,157,266
24,8.320335292,45.76184411,0,0.204124145,8.2607103,198.2570472,12,12,24
12,5.241482788,2.620741394,3,-0.288675135,3.7915999,45.4991988,3,9,12
171,30.80804029,920.9982571,4.263157895,0,8.066068702,1379.297748,72,99,171
205,34.76716196,1154.269777,7.419512195,0,7.8573218,1610.750969,83,122,205
291,43.91322429,2013.066708,11.96219931,0,7.116,2070.756,116,175,291
122,24.59838269,666.5758457,0.295081967,0.090535746,8.174,997.228,58,64,122
147,27.85340046,583.5950572,8.333333333,0,8.183240503,1202.936354,56,91,147
173,31.04779308,746.5827701,10.68786127,0,7.988,1381.924,65,108,173
133,26.05560093,693.5099797,1.270676692,0,8.262232,1098.876856,60,73,133
73,17.46687612,194.2890878,3.082191781,0,8.5685699,625.5056027,29,44,73
142,27.21816837,822.2953683,0.704225352,0.083918136,8.061,1144.662,66,76,142
53,14.10968267,173.043278,0.018867925,0,8.6487985,458.3863205,26,27,53
158,29.22613535,867.9052347,2.53164557,-0.079555728,8.101199399,1279.989505,69,89,158
175,31.28662373,790.5682864,9.605714286,0,8.019,1403.325,67,108,175
66,16.3316209,230.1273855,0.242424242,-0.123091491,8.6693631,572.1779646,31,35,66
32,10.0793684,28.34822362,4.5,0.176776695,6.671,213.472,10,22,32
74,17.62602898,236.2840642,1.351351351,0.116247639,8.7252011,645.6648814,32,42,74
180,31.87975708,1009.525641,4.355555556,0.074535599,7.9874171,1437.735078,76,104,180
226,37.10270951,1144.602171,14.88495575,0.066519011,7.614,1720.764,84,142,226
168,30.44665044,926.4480778,3.428571429,0.077151675,8.065553601,1355.013005,72,96,168
132,25.9248322,583.3087246,3.666666667,-0.087038828,8.405587803,1109.53759,55,77,132
65,16.16623563,161.6623563,2.6,0,8.546347,555.512555,26,39,65
118,24.05773139,499.5037449,2.745762712,0.092057462,8.516534102,1004.951024,50,68,118
140,26.961995,776.5054559,1.028571429,0.084515425,8.1549757,1141.696598,64,76,140
260,40.73636112,1710.927167,9.615384615,-0.062017367,7.357,1912.82,105,155,260
200,34.19951893,1279.404003,3.38,-0.070710678,7.7003292,1540.06584,87,113,200
121,24.463781,645.3585863,0.404958678,0,8.217,994.257,57,64,121
159,29.34932266,720.9965681,6.849056604,0,8.176698698,1300.095093,63,96,159
179,31.7615743,881.8716441,7.648044693,0,8.035074402,1438.278318,71,108,179
238,38.40472309,1321.574294,13.17647059,-0.064820372,7.558344899,1798.886086,91,147,238
200,34.19951893,1080.704798,8,0.070710678,7.9058956,1581.17912,80,120,200
53,14.10968267,111.8125796,2.283018868,0,8.4928325,450.1201225,21,32,53
166,30.20452836,1092.821671,0.602409639,0.077615053,7.733,1283.678,78,88,166
119,24.19345952,350.0935907,10.29411765,0,8.019,954.261,42,77,119
210,35.33020818,1201.227078,7.619047619,-0.069006556,7.8116638,1640.449398,85,125,210
116,23.78511887,608.9810606,0.310344828,-0.092847669,8.235,955.26,55,61,116
38,11.30287864,46.40129124,3.789473684,-0.162221421,7.37,280.06,13,25,38
58,14.98368597,167.9206186,0.620689655,0.131306433,8.7922534,509.9506972,26,32,58
75,17.78446652,220.5273849,2.253333333,0,8.6607565,649.5567375,31,44,75
221,36.55343397,1237.52395,9.995475113,0,7.703257199,1702.419841,87,134,221
160,29.47225199,719.4913517,7.225,-0.079056942,8.160103,1305.61648,63,97,160
64,16,203,0.5625,-0.125,8.7390736,559.3007104,29,35,64
115,23.64822562,588.5323629,0.426086957,0,8.3009704,954.611596,54,61,115
121,24.463781,400.3164163,7.94214876,0,8.2452397,997.6740037,45,76,121
170,30.6878136,1056.382854,1.505882353,-0.076696499,7.853,1335.01,77,93,170
183,32.23299987,900.4103571,8.31147541,0,8.000031503,1464.005765,72,111,183
239,38.51222415,1531.787459,7.736401674,0,7.507,1794.173,98,141,239
89,19.93394877,404.5023761,0.101123596,0,8.4505758,752.1012462,43,46,89
211,35.44227874,1227.88179,7.208530806,0,7.793941199,1644.521593,86,125,211
115,23.64822562,610.7411313,0.217391304,0,8.216,944.84,55,60,115
197,33.85666301,1005.731939,9.385786802,0,7.909000299,1558.073059,77,120,197
248,39.47308961,1482.150849,11.75806452,-0.063500064,7.4905975,1857.66818,97,151,248
196,33.7419917,981.2722076,9.87755102,0.071428571,7.912230102,1550.7971,76,120,196
206,34.88013418,1266.860019,4.970873786,-0.069673301,7.746962102,1595.874193,87,119,206
196,33.7419917,1115.551562,5.897959184,-0.071428571,7.88829,1546.10484,81,115,196
73,17.46687612,268.4634932,0.342465753,0,8.6415591,630.8338143,34,39,73
222,36.66361774,1382.647783,6.504504505,0.067115606,7.637765099,1695.583852,92,130,222
79,18.41131157,363.5651399,0.012658228,0,8.267,653.093,40,39,79
151,28.35641334,781.2097979,2.920529801,0,8.208874298,1239.540019,65,86,151
166,30.20452836,733.6425202,8.698795181,0.077615053,8.097226,1344.139516,64,102,166
58,14.98368597,155.0036479,1.103448276,-0.131306433,8.6966438,504.4053404,25,33,58
16,6.349604208,16.66771105,0.25,-0.25,7.3737971,117.9807536,7,9,16
112,23.23514293,468.0221648,2.285714286,0.094491118,8.5447306,957.0098272,48,64,112
207,34.99292374,1015.301932,12.56521739,0,7.797,1613.979,78,129,207
91,20.23147725,249.4474447,5.813186813,0,8.3348382,758.4702762,34,57,91
233,37.86494067,1301.708905,12.05579399,0,7.6028937,1771.474232,90,143,233
79,18.41131157,327.674735,0.113924051,0,8.5238558,673.3846082,38,41,79
42,12.08276124,98.38819864,0.380952381,-0.15430335,8.5512571,359.1527982,19,23,42
157,29.10268788,795.2263121,3.98089172,0,8.184628701,1284.986706,66,91,157
154,28.73076218,682.8220102,6.649350649,-0.080582296,8.204717,1263.526418,61,93,154
96,20.96593115,513.6653133,0.041666667,-0.102062073,8.069,774.624,49,47,96
82,18.87451938,228.3356491,3.951219512,0.110431526,8.5637567,702.2280494,32,50,82
90,20.0829885,250.3679233,5.377777778,0.105409255,8.3957672,755.619048,34,56,90
31,9.868272403,35.01645046,2.612903226,0,7.3986778,229.3590118,11,20,31
31,9.868272403,28.64982311,3.903225806,0,6.8130902,211.2057962,10,21,31
128,25.39841683,655.9934847,1.125,0.088388348,8.306925898,1063.286515,58,70,128
52,13.93163954,147.889712,0.307692308,0.138675049,8.7759946,456.3517192,24,28,52
113,23.37324236,428.1647052,3.902654867,0,8.4925795,959.6614835,46,67,113
103,21.97310764,522.6612982,0.087378641,0,8.343,859.329,50,53,103
205,34.76716196,1045.05001,10.77560976,0,7.86,1611.3,79,126,205
116,23.78511887,631.5359147,0.137931034,0.092847669,8.162,946.792,56,60,116
43,12.27379797,77.63890809,1.88372093,0,8.3238672,357.9262896,17,26,43
148,27.97957694,887.0282096,0.675675676,-0.082199494,7.968501101,1179.338163,69,79,148
224,36.88349034,1408.817604,6.446428571,-0.06681531,7.603503201,1703.184717,93,131,224
155,28.85500355,659.0110489,7.903225806,0,8.170305,1266.397275,60,95,155
147,27.85340046,788.232285,1.965986395,0,8.206625,1206.373875,65,82,147
41,11.89020214,78.88134101,1.195121951,0,8.4129593,344.9313313,17,24,41
82,18.87451938,323.6289543,0.43902439,0.110431526,8.635719,708.128958,38,44,82
106,22.39772511,476.6912061,0.943396226,0.097128586,8.5390492,905.1392152,48,58,106
190,33.04981762,965.4025674,8.421052632,-0.072547625,7.9497759,1510.457421,75,115,190
224,36.88349034,1348.552615,7.875,-0.06681531,7.646961201,1712.919309,91,133,224
161,29.59492548,788.5852813,5.223602484,0,8.173309298,1315.902797,66,95,161
191,33.16568041,938.015736,9.680628272,0,7.931435901,1514.904257,74,117,191
124,24.86648825,471.661132,5.451612903,-0.089802651,8.414324298,1043.376213,49,75,124
78,18.25561221,278.5151094,0.820512821,-0.113227703,8.6619594,675.6328332,35,43,78
81,18.72075441,214.941995,4.456790123,0,8.4833576,687.1519656,31,50,81
21,7.611662611,7.249202487,5.761904762,0,4.1525265,87.2030565,5,16,21
149,28.10546957,713.388496,4.194630872,0,8.263468302,1231.256777,62,87,149
214,35.77743342,1222.117002,8.242990654,0.068358593,7.777102299,1664.299892,86,128,214
182,32.11546826,1087.337997,3.164835165,-0.074124932,7.887244198,1435.478444,79,103,182
141,27.09023309,799.2579407,0.858156028,0,8.097476099,1141.74413,65,76,141
278,42.59544868,1737.833018,14.73381295,-0.059976014,7.251,2015.778,107,171,278
239,38.51222415,1438.971388,10.0460251,0,7.5536891,1805.331695,95,144,239
96,20.96593115,275.1778464,6,0.102062073,8.3308721,799.7637216,36,60,96
178,31.64317125,908.7634349,6.494382022,0.074953169,8.049443798,1432.800996,72,106,178
118,24.05773139,459.9512035,4.101694915,0.092057462,8.487835,1001.56453,48,70,118
81,18.72075441,379.0374966,0.012345679,0,8.248,668.088,41,40,81
221,36.55343397,1209.075123,10.86425339,0,7.7013941,1702.008096,86,135,221
38,11.30287864,80.9048155,0.421052632,-0.162221421,8.5054817,323.2083046,17,21,38
221,36.55343397,1125.713446,13.68778281,0,7.668,1694.628,83,138,221
52,13.93163954,101.8081351,2.769230769,0.138675049,8.4293821,438.3278692,20,32,52
159,29.34932266,840.9780759,3.327044025,0,8.142774201,1294.701098,68,91,159
75,17.78446652,298.7790376,0.12,0,8.5534399,641.5079925,36,39,75
91,20.23147725,280.1281465,3.967032967,0,8.5417519,777.2994229,36,55,91
95,20.82008046,453.6585953,0.094736842,0,8.4289807,800.7531665,46,49,95
240,38.61957538,1561.196335,7.35,-0.064549722,7.481,1795.44,99,141,240
169,30.56735094,873.6112724,4.976331361,0,8.104520598,1369.663981,70,99,169
42,12.08276124,120.8276124,0,-0.15430335,8.4449303,354.6870726,21,21,42
117,23.9216193,500.9227973,2.47008547,0,8.509612,995.624604,50,67,117
139,26.83345121,706.5498665,2.079136691,0,8.285547302,1151.691075,61,78,139
102,21.83065575,300.9206076,6.62745098,0.099014754,8.2912213,845.7045726,38,64,102
47,13.02362568,180.1139721,0.531914894,0,7.79,366.13,26,21,47
25,8.549879733,30.77956704,1,0,7.8397994,195.994985,10,15,25
192,33.28134117,962.0387682,9.1875,-0.072168784,7.930238901,1522.605869,75,117,192
101,21.68773756,334.9789167,4.366336634,0,8.4858439,857.0702339,40,61,101
83,19.02766054,257.2172907,2.710843373,0,8.658556,718.660148,34,49,83
91,20.23147725,312.5874396,2.472527473,0,8.6638759,788.4127069,38,53,91
202,34.42713741,1077.126279,8.732673267,0.070359754,7.8968505,1595.163801,80,122,202
165,30.08310292,830.6582842,5.096969697,0,8.1399348,1343.089242,68,97,165
73,17.46687612,318.7106711,0.01369863,0,8.3050821,606.2709933,37,36,73
96,20.96593115,290.9022948,5.041666667,-0.102062073,8.4088963,807.2540448,37,59,96
192,33.28134117,1041.081953,6.75,0.072168784,7.942492302,1524.958522,78,114,192
246,39.26058243,1455.514275,11.85365854,0.063757671,7.511471602,1847.822014,96,150,246
193,33.3968013,934.7643556,10.49222798,0,7.907,1526.051,74,119,193
223,36.77363621,1122.337973,14.56950673,0,7.636,1702.828,83,140,223
150,28.23108087,579.6781938,9.626666667,0.081649658,8.1118405,1216.776075,56,94,150
240,38.61957538,1347.179521,13.06666667,0.064549722,7.5517705,1812.42492,92,148,240
106,22.39772511,418.3726011,2.41509434,-0.097128586,8.5539317,906.7167602,45,61,106
155,28.85500355,637.0440139,8.832258065,0,8.1310398,1260.311169,59,96,155
7,3.65930571,3.136547751,0.142857143,0,5.6064401,39.2450807,3,4,7
239,38.51222415,1408.677253,10.88284519,0,7.560318699,1806.916169,94,145,239
174,31.16732279,1075.810004,1.862068966,0.075809804,7.866114299,1368.703888,78,96,174
173,31.04779308,793.6031273,8.791907514,0,8.054,1393.342,67,106,173
190,33.04981762,889.2140405,11.13684211,0.072547625,7.905,1501.95,72,118,190
88,19.78434977,237.4121973,5.5,-0.106600358,8.351,734.888,33,55,88
226,37.10270951,1344.562791,8.566371681,-0.066519011,7.641109301,1726.890702,91,135,226
89,19.93394877,349.4040458,0.91011236,0,8.6733865,771.9313985,40,49,89
206,34.88013418,1070.108971,10.27184466,0.069673301,7.869172301,1621.049494,80,126,206
272,41.98033849,1750.518379,12.36764706,-0.060633906,7.29,1982.88,107,165,272
51,13.75245135,82.51470812,4.411764706,0,7.922,404.022,18,33,51
188,32.81748027,994.9980721,6.893617021,0.072932496,7.973865601,1499.086733,76,112,188
208,35.10553182,1233.756912,6.230769231,0.069337525,7.794267798,1621.207702,86,122,208
186,32.58431755,1163.575469,2.602150538,0.073323558,7.805342,1451.793612,82,104,186
180,31.87975708,1147.671255,1.8,-0.074535599,7.771431,1398.85758,81,99,180
89,19.93394877,298.3373007,2.528089888,0,8.6641895,771.1128655,37,52,89
216,36,1335,6,0.068041382,7.697661699,1662.694927,90,126,216
255,40.2124117,1529.963993,12.74117647,0,7.4378216,1896.644508,99,156,255
114,23.510935,485.0677117,2.245614035,-0.093658581,8.5119742,970.3650588,49,65,114
155,28.85500355,925.2217268,1.090322581,0,7.987436903,1238.05272,71,84,155
95,20.82008046,245.8961082,7.673684211,0,8.112,770.64,34,61,95
67,16.49617297,135.9087684,5.388059701,0,8.079,541.293,24,43,67
151,28.35641334,907.0296451,0.801324503,0,7.983755603,1205.547096,70,81,151
201,34.31342254,1190.214836,5.417910448,0,7.8265619,1573.138942,84,117,201
139,26.83345121,803.0730723,0.582733813,0,8.052,1119.228,65,74,139
177,31.52454625,988.4815349,4.118644068,0,8.001222898,1416.216453,75,102,177
145,27.60018553,544.7705586,9.44137931,0,8.135087703,1179.587717,54,91,145
122,24.59838269,598.8294803,1.180327869,-0.090535746,8.3591515,1019.816483,55,67,122
190,33.04981762,991.4945287,7.6,0.072547625,7.9621047,1512.799893,76,114,190
94,20.6737171,378.7249026,1.063829787,0.103142125,8.6623341,814.2594054,42,52,94
150,28.23108087,735.1373458,3.84,-0.081649658,8.2413481,1236.202215,63,87,150
201,34.31342254,1218.894711,4.781094527,0,7.794153602,1566.624874,85,116,201
24,8.320335292,63.09587597,0.666666667,0.204124145,7.1672329,172.0135896,14,10,24
181,31.99772119,1174.19262,1.596685083,0,7.734070398,1399.866742,82,99,181
117,23.9216193,404.8274035,6.230769231,0,8.3592766,978.0353622,45,72,117
44,12.46335937,107.6381036,0.363636364,0.150755672,8.6581769,380.9597836,20,24,44
83,19.02766054,357.6283186,0.108433735,0,8.4883997,704.5371751,40,43,83
137,26.57543476,475.2541253,9.99270073,0,8.152,1116.824,50,87,137
92,20.37942306,363.2853675,1.086956522,-0.104257207,8.6623731,796.9383252,41,51,92
173,31.04779308,1134.231516,0.976878613,0,7.725,1336.425,80,93,173
284,43.2061491,1959.794411,11.04225352,0.059339083,7.163,2034.292,114,170,284
45,12.65148998,96.15132384,1.088888889,0,8.5546747,384.9603615,19,26,45
43,12.27379797,108.4661216,0.209302326,0,8.6006653,369.8286079,20,23,43
171,30.80804029,870.1920152,5.619883041,0,8.097882602,1384.737925,70,101,171
212,35.5541724,1283.975207,6.113207547,0.068680282,7.747507802,1642.471654,88,124,212
73,17.46687612,252.671523,0.671232877,0,8.6896099,634.3415227,33,40,73
220,36.44308387,1417.304662,5.254545455,-0.067419986,7.6020758,1672.456676,93,127,220
6,3.301927249,6.603854498,0.666666667,0.40824829,4.4872478,26.9234868,4,2,6
199,34.08542533,976.3162028,11.10050251,0,7.874,1566.926,76,123,199
164,29.96143192,960.2273547,1.975609756,-0.078086881,7.986997799,1309.867639,73,91,164
150,28.23108087,538.6490229,11.76,0.081649658,7.983,1197.45,54,96,150
79,18.41131157,293.6487668,0.620253165,0,8.657113,683.911927,36,43,79
234,37.97320364,1270.966371,13.4017094,-0.065372045,7.582129701,1774.21835,89,145,234
20,7.368062997,15.47293229,1.8,-0.223606798,6.7091717,134.183434,7,13,20
22,7.851424411,32.1194635,0.181818182,0.213200716,8.0804656,177.7702432,10,12,22
184,32.3503176,975.7840362,6.282608696,-0.073720978,7.992751701,1470.666313,75,109,184
252,39.89639857,1504.980813,12.44444444,0.062994079,7.465347401,1881.267545,98,154,252
172,30.92803285,1024.940623,2.325581395,0.076249285,7.942162599,1366.051967,76,96,172
152,28.48146944,879.1779907,1.289473684,-0.081110711,8.056438697,1224.578682,69,83,152
260,40.73636112,1646.062346,11.21538462,-0.062017367,7.383,1919.58,103,157,260
196,33.7419917,1033.951031,8.163265306,0.071428571,7.926529699,1553.599821,78,118,196
150,28.23108087,666.2535084,6,0.081649658,8.2495789,1237.436835,60,90,150
180,31.87975708,1036.446324,3.755555556,-0.074535599,7.9476337,1430.574066,77,103,180
148,27.97957694,811.029629,1.72972973,0.082199494,8.180943,1210.779564,66,82,148
135,26.31615964,667.0659133,2.140740741,0,8.3289284,1124.405334,59,76,135
58,14.98368597,195.3045964,0.068965517,0.131306433,8.7320621,506.4596018,28,30,58
146,27.72693752,741.7905341,2.739726027,-0.082760589,8.261932699,1206.242174,63,83,146
169,30.56735094,729.275497,9.946745562,0,8.035,1357.915,64,105,169
111,23.09663188,411.9939741,3.972972973,0,8.4956267,943.0145637,45,66,111
90,20.0829885,365.9566794,0.711111111,-0.105409255,8.633377,777.00393,41,49,90
104,22.11509925,315.1401644,6.5,-0.098058068,8.298,862.992,39,65,104
165,30.08310292,782.1606759,6.6,0,8.143908303,1343.74487,66,99,165
50,13.57208808,114.0055399,1.28,-0.141421356,8.6334747,431.673735,21,29,50
92,20.37942306,248.5403551,6.260869565,0.104257207,8.29,762.68,34,58,92
188,32.81748027,1217.039747,2.127659574,0.072932496,7.724654399,1452.235027,84,104,188
57,14.81096096,120.0467362,2.964912281,0,8.3729008,477.2553456,22,35,57
159,29.34932266,631.6564916,10.57232704,0,8.037,1277.883,59,100,159
211,35.44227874,1315.563636,5.161137441,0,7.707468,1626.275748,89,122,211
136,26.44595607,642.8700793,2.941176471,0.085749293,8.373762397,1138.831686,58,78,136
188,32.81748027,1021.531354,6.14893617,-0.072932496,7.954851202,1495.512026,77,111,188
123,24.73261712,554.171486,2.349593496,0,8.449189602,1039.250321,53,70,123
106,22.39772511,456.8290725,1.358490566,-0.097128586,8.5446397,905.7318082,47,59,106
139,26.83345121,778.3631316,0.870503597,0,8.126,1129.514,64,75,139
235,38.08131249,1386.483871,10.21702128,0,7.587057102,1782.958419,93,142,235
159,29.34932266,997.1386229,0.761006289,0,7.867,1250.853,74,85,159
167,30.32571022,1007.830489,1.730538922,0,7.929,1324.143,75,92,167
81,18.72075441,244.0631686,2.777777778,0,8.6480571,700.4926251,33,48,81
156,28.97897803,871.598493,2.076923077,-0.080064077,8.089603199,1261.978099,69,87,156
249,39.57912889,1637.526851,8.13253012,0,7.422,1848.078,102,147,249
112,23.23514293,357.2403226,7,0.094491118,8.291,928.592,42,70,112
181,31.99772119,954.981712,6.016574586,0,8.017949398,1451.248841,74,107,181
251,39.79078261,1633.165906,8.800796813,0,7.423,1863.173,102,149,251
171,30.80804029,1082.064854,1.315789474,0,7.816601702,1336.638891,78,93,171
217,36.11102555,1245.081535,8.520737327,0,7.737775,1679.097175,87,130,217
270,41.7742995,1689.538335,13.33333333,-0.060858062,7.314,1974.78,105,165,270
154,28.73076218,953.7120536,0.649350649,0.080582296,7.918,1219.372,72,82,154
66,16.3316209,200.9284269,0.96969697,-0.123091491,8.731473,576.277218,29,37,66
115,23.64822562,566.734868,0.704347826,0,8.3745651,963.0749865,53,62,115
249,39.57912889,1449.645203,13.04819277,0,7.485551,1863.902199,96,153,249
254,40.10721238,1563.233868,11.48031496,0.062745581,7.444793598,1890.977574,100,154,254
162,29.71734524,716.518213,8,-0.07856742,8.129559302,1316.988607,63,99,162
203,34.54066479,995.7239917,11.82758621,0,7.845,1592.535,77,126,203
143,27.34580368,547.2985324,8.566433566,0,8.196885503,1172.154627,54,89,143
262,40.94499863,1609.982351,12.83969466,0.061780206,7.385,1934.87,102,160,262
23,8.087579399,46.41567307,0.043478261,0,7.9011229,181.7258267,12,11,23
17,6.611489018,35.00200069,0.529411765,0,6.6404991,112.8884847,10,7,17
159,29.34932266,891.554896,2.270440252,0,8.078042799,1284.408805,70,89,159
74,17.62602898,251.5281973,0.864864865,-0.116247639,8.680002,642.320148,33,41,74
113,23.37324236,506.7649892,1.495575221,0,8.5068117,961.2697221,50,63,113
146,27.72693752,765.719261,2.219178082,0.082760589,8.249507199,1204.428051,64,82,146
258,40.52718796,1748.324039,8.201550388,0.062257281,7.342,1894.236,106,152,258
189,32.93375139,915.8719434,9.783068783,0,7.938,1500.282,73,116,189
209,35.21795959,1319.746696,4.598086124,0,7.695845502,1608.43171,89,120,209
118,24.05773139,422.0296947,5.728813559,0.092057462,8.4052197,991.8159246,46,72,118
150,28.23108087,558.9754012,10.66666667,-0.081649658,8.039,1205.85,55,95,150
113,23.37324236,486.4943896,1.991150442,0,8.5229297,963.0910561,49,64,113
247,39.36690772,1453.547362,12.24696356,0,7.501931802,1852.977155,96,151,247
180,31.87975708,880.2355148,8.022222222,-0.074535599,8.0220394,1443.967092,71,109,180
48,13.207709,165.0963624,0.083333333,-0.144337567,8.2741924,397.1612352,25,23,48
153,28.60625159,575.8644111,10.9869281,0,8.023,1227.519,56,97,153
42,12.08276124,109.3202207,0.095238095,0.15430335,8.6165646,361.8957132,20,22,42
186,32.58431755,1052.158125,4.838709677,0.073323558,7.946809398,1478.106548,78,108,186
189,32.93375139,941.3128307,8.894179894,0,7.954,1503.306,74,115,189
175,31.28662373,913.9269743,5.491428571,0,8.060762503,1410.633438,72,103,175
131,25.79373283,522.1754157,5.564885496,0,8.411233901,1101.871641,52,79,131
101,21.68773756,352.1573227,3.574257426,0,8.5348355,862.0183855,41,60,101
243,38.9407384,1554.745037,8.333333333,0,7.486,1819.098,99,144,243
156,28.97897803,949.6188184,0.923076923,0.080064077,7.952667603,1240.616146,72,84,156
220,36.44308387,1239.396152,9.618181818,-0.067419986,7.709743,1696.14346,87,133,220
176,31.40569764,837.2473485,8.204545455,-0.075377836,8.045121398,1415.941366,69,107,176
207,34.99292374,1122.816423,8.93236715,0,7.869866401,1629.062345,82,125,207
115,23.64822562,524.3736986,1.469565217,0,8.4809156,975.305294,51,64,115
41,11.89020214,88.74150863,0.609756098,0,8.5343733,349.9093053,18,23,41
137,26.57543476,782.1325033,0.591240876,0,8.08,1106.96,64,73,137
222,36.66361774,1124.020641,14.12612613,-0.067115606,7.648,1697.856,83,139,222
157,29.10268788,771.1285451,4.643312102,0,8.198141599,1287.108231,65,92,157
167,30.32571022,732.1752313,9.107784431,0,8.075542802,1348.615648,64,103,167
142,27.21816837,847.5967643,0.450704225,-0.083918136,7.965,1131.03,67,75,142
152,28.48146944,619.4719602,8.526315789,0.081110711,8.161,1240.472,58,94,152
36,10.90272356,63.59922075,1,-0.166666667,8.3078692,299.0832912,15,21,36
199,34.08542533,1281.543479,3.140703518,0,7.695259899,1531.35672,87,112,199
156,28.97897803,702.5544545,6.564102564,0.080064077,8.205005397,1279.980842,62,94,156
290,43.81256355,2015.377923,11.6,0.058722022,7.12,2064.8,116,174,290
88,19.78434977,387.1437535,0.181818182,0.106600358,8.5239087,750.1039656,42,46,88
172,30.92803285,771.4026798,9.302325581,0.076249285,8.049,1384.428,66,106,172
155,28.85500355,704.0620867,6.2,0,8.2112258,1272.739999,62,93,155
30,9.654893846,23.17174523,4.8,-0.182574186,6.205,186.15,9,21,30
150,28.23108087,622.2130223,7.706666667,0.081649658,8.201123,1230.16845,58,92,150
146,27.72693752,790.0278089,1.753424658,-0.082760589,8.187147397,1195.32352,65,81,146
129,25.5305286,504.6732398,5.651162791,0,8.418059798,1085.929714,51,78,129
44,12.46335937,156.3585084,0.363636364,0.150755672,7.9496265,349.783566,24,20,44
69,16.82284308,212.1141083,1.173913043,0,8.7227311,601.8684459,30,39,69
163,29.83951337,692.349936,9.331288344,0,8.084165301,1317.718944,62,101,163
191,33.16568041,1069.983888,5.701570681,0,7.924681901,1513.614243,79,112,191
63,15.83289626,150.7894882,2.682539683,0,8.505102,535.821426,25,38,63
164,29.96143192,807.8625119,5.487804878,-0.078086881,8.147923402,1336.259438,67,97,164
20,7.368062997,33.15628349,0,0.223606798,8.0322412,160.644824,10,10,20
64,16,280.5,0.25,0.125,8.075,516.8,34,30,64
34,10.49508462,48.15391768,1.882352941,-0.171498585,7.8603506,267.2519204,13,21,34
76,17.94220144,191.6982575,4.263157895,-0.114707867,8.4436018,641.7137368,29,47,76
200,34.19951893,974.6862896,11.52,0.070710678,7.867,1573.4,76,124,200
232,37.75652271,1453.300637,7.603448276,-0.065653216,7.564,1754.848,95,137,232
120,24.32880798,496.713163,3.333333333,0.091287093,8.504488,1020.53856,50,70,120
176,31.40569764,963.9407879,4.454545455,0.075377836,8.030113102,1413.299906,74,102,176
191,33.16568041,989.7611432,7.963350785,0,7.950568702,1518.558622,76,115,191
197,33.85666301,979.6090311,10.27918782,0,7.897,1555.709,76,121,197
122,24.59838269,514.1465234,3.278688525,-0.090535746,8.468322197,1033.135308,51,71,122
227,37.21207647,1372.420724,8.145374449,0,7.626291802,1731.168239,92,135,227
84,19.1801879,356.2034895,0.19047619,0.109108945,8.5490301,718.1185284,40,44,84
30,9.654893846,42.48153292,1.2,0.182574186,8.054425,241.63275,12,18,30
122,24.59838269,493.9839147,3.967213115,0.090535746,8.487896803,1035.52341,50,72,122
93,20.52683379,262.655185,5.688172043,0,8.3455986,776.1406698,35,58,93
157,29.10268788,869.7440225,2.299363057,0,8.101428503,1271.924275,69,88,157
135,26.31615964,713.4603281,1.251851852,0,8.236793304,1111.967096,61,74,135
21,7.611662611,32.62141119,0.047619048,0,7.9717136,167.4059856,10,11,21
68,16.65990837,213.1488277,0.941176471,0.121267813,8.755682,595.386376,30,38,68
146,27.72693752,672.2832797,4.630136986,0.082760589,8.304092699,1212.397534,60,86,146
5,2.924017738,0,1.8,0,1.3363592,6.681796,1,4,5
18,6.868285455,41.97285556,0.888888889,-0.23570226,6.2022176,111.6399168,11,7,18
141,27.09023309,549.8740929,7.723404255,0,8.255364702,1164.006423,54,87,141
55,14.46244742,121.4845583,2.2,0,8.5189696,468.543328,22,33,55
3,2.080083823,1.386722549,0.333333333,0,2.57268044,7.71804132,2,1,3
115,23.64822562,337.244261,9.469565217,0,8.061,927.015,41,74,115
94,20.6737171,496.1692104,0.042553191,0.103142125,8.102,761.588,48,46,94
35,10.69987481,47.69087056,2.314285714,0,7.7871243,272.5493505,13,22,35
97,21.11127629,339.5215568,2.979381443,0,8.6037182,834.5606654,40,57,97
40,11.69607095,45.61467672,4.9,-0.158113883,7.097,283.88,13,27,40
187,32.70100282,944.6567765,8.13368984,0,7.975116802,1491.346842,74,113,187
107,22.53837074,558.614572,0.08411215,0,8.258,883.606,52,55,107
236,38.18926811,1506.857901,7.474576271,-0.065094455,7.523,1775.428,97,139,236
187,32.70100282,1133.16844,3.342245989,0,7.852465,1468.410955,81,106,187
127,25.26596057,467.9176319,6.622047244,0,8.374821197,1063.602292,49,78,127
131,25.79373283,584.7892099,3.366412214,0,8.415031702,1102.369153,55,76,131
236,38.18926811,1354.748104,11.45762712,0.065094455,7.586485398,1790.410554,92,144,236
275,42.28845279,1777.037674,12.65818182,0,7.268,1998.7,108,167,275
191,33.16568041,963.7147973,8.80104712,0,7.943958801,1517.296131,75,116,191
210,35.33020818,1145.035223,9.219047619,-0.069006556,7.8325424,1644.833904,83,127,210
155,28.85500355,848.1509431,2.329032258,0,8.1294444,1260.063882,68,87,155
197,33.85666301,1227.089207,3.700507614,0,7.766017401,1529.905428,85,112,197
179,31.7615743,1093.378887,2.463687151,0,7.865637402,1407.949095,79,100,179
152,28.48146944,708.6639303,5.157894737,0.081110711,8.2440645,1253.097804,62,90,152
140,26.961995,681.7533021,2.857142857,0.084515425,8.337864,1167.30096,60,80,140
113,23.37324236,409.5488484,4.681415929,0,8.4568165,955.6202645,45,68,113
127,25.26596057,507.308657,4.921259843,0,8.439811,1071.855997,51,76,127
68,16.65990837,171.9890541,2.882352941,-0.121267813,8.5201301,579.3688468,27,41,68
190,33.04981762,1017.934383,6.821052632,-0.072547625,7.9477017,1510.063323,77,113,190
131,25.79373283,769.0864155,0.190839695,0,7.996,1047.476,63,68,131
20,7.368062997,26.52502679,0.2,-0.223606798,7.7201351,154.402702,9,11,20
176,31.40569764,1127.750052,1.454545455,0.075377836,7.782664,1369.748864,80,96,176
186,32.58431755,972.2739913,6.967741935,-0.073323558,7.981271301,1484.516462,75,111,186
104,22.11509925,384.0372044,3.115384615,-0.098058068,8.541107,888.275128,43,61,104
202,34.42713741,1050.198122,9.584158416,-0.070359754,7.88591,1592.95382,79,123,202
38,11.30287864,137.4192087,0.947368421,0.162221421,7.319,278.122,22,16,38
15,6.082201996,29.19456958,0.6,0,6.4974597,97.4618955,9,6,15
227,37.21207647,1226.523155,12.37444934,0,7.640716198,1734.442577,87,140,227
163,29.83951337,988.9144247,1.380368098,0,7.930304301,1292.639601,74,89,163
165,30.08310292,880.6144672,3.787878788,0,8.104839903,1337.298584,70,95,165
60,15.32618865,207.4144197,0.066666667,-0.129099445,8.6656047,519.936282,29,31,60
25,8.549879733,71.81898976,1,0,6.794,169.85,15,10,25
169,30.56735094,1086.316626,1,0,7.784,1315.496,78,91,169
111,23.09663188,375.788443,5.630630631,0,8.3900906,931.3000566,43,68,111
204,34.6540059,1100.774305,8.647058824,-0.070014004,7.880023799,1607.524855,81,123,204
155,28.85500355,615.4493016,9.812903226,0,8.087,1253.485,58,97,155
202,34.42713741,1104.395299,7.920792079,-0.070359754,7.886220599,1593.016561,81,121,202
194,33.51206219,1175.686058,4.041237113,-0.071795816,7.8191955,1516.923927,83,111,194
167,30.32571022,1090.636022,0.724550898,0,7.746,1293.582,78,89,167
57,14.81096096,210.9912333,0.01754386,0,8.5032646,484.6860822,29,28,57
134,26.18604233,623.7749785,2.985074627,-0.086386843,8.374488799,1122.181499,57,77,134
223,36.77363621,1262.506542,9.905829596,0,7.685310099,1713.824152,88,135,223
186,32.58431755,998.5516668,6.215053763,0.073323558,7.982832398,1484.806826,76,110,186
197,33.85666301,1059.008921,7.720812183,0,7.915654802,1559.383996,79,118,197
146,27.72693752,523.3934234,10.95890411,-0.082760589,8.031,1172.526,53,93,146
186,32.58431755,1221.386355,1.741935484,0.073323558,7.695948801,1431.446477,84,102,186
92,20.37942306,458.5370187,0,0.104257207,8.2755695,761.352394,46,46,92
135,26.31615964,497.0830155,8.066666667,0,8.2919894,1119.418569,51,84,135
99,21.40047747,287.9336969,6.313131313,0,8.295301,821.234799,37,62,99
99,21.40047747,508.4234647,0.01010101,0,8.304,822.096,49,50,99
85,19.33211117,302.9455538,1.423529412,0,8.6974416,739.282536,37,48,85
116,23.78511887,405.9873738,5.827586207,-0.092847669,8.3776123,971.8030268,45,71,116
199,34.08542533,1082.512,7.64321608,0,7.905279402,1573.150601,80,119,199
48,13.207709,178.8543926,0.333333333,0.144337567,8.0227254,385.0908192,26,22,48
161,29.59492548,812.8494438,4.527950311,0,8.163113398,1314.261257,67,94,161
9,4.326748711,2.884499141,1,0,5.0377685,45.3399165,3,6,9
56,14.63722284,120.7570884,2.571428571,0.133630621,8.4679495,474.205172,22,34,56
60,15.32618865,222.2297354,0,0.129099445,8.5830524,514.983144,30,30,60
78,18.25561221,176.9390107,6.205128205,0.113227703,8.238,642.564,28,50,78
20,7.368062997,7.368062997,5,-0.223606798,4.4056529,88.113058,5,15,20
71,17.14637163,304.287722,0.014084507,0,8.327131,591.226301,36,35,71
39,11.50031505,90.23324117,0.230769231,0,8.5625988,333.9413532,18,21,39
216,36,1162,10.66666667,0.068041382,7.7588205,1675.905228,84,132,216
111,23.09663188,509.7905235,1.09009009,0,8.493131,942.737541,50,61,111
219,36.33256645,1241.279736,9.246575342,0,7.7211759,1690.937522,87,132,219
68,16.65990837,258.7185771,0.058823529,-0.121267813,8.5577457,581.9267076,33,35,68
157,29.10268788,701.0596532,6.936305732,0,8.187064197,1285.369079,62,95,157
114,23.510935,590.2482104,0.315789474,0.093658581,8.2892054,944.9694156,54,60,114
273,42.08316853,1848.268098,10.28937729,0,7.25,1979.25,110,163,273
45,12.65148998,155.1916104,0.2,0,8.0877286,363.947787,24,21,45
14,5.808785734,29.8737552,1.142857143,-0.267261242,5.2852091,73.9929274,9,5,14
22,7.851424411,55.67373673,0.727272727,-0.213200716,6.782,149.204,13,9,22
177,31.52454625,910.4716408,6.152542373,0,8.051836503,1425.175061,72,105,177
100,21.5443469,486.0404661,0.16,0.1,8.4377375,843.77375,48,52,100
171,30.80804029,946.94187,3.65497076,0,8.039791398,1374.804329,73,98,171
170,30.6878136,948.7949899,3.388235294,-0.076696499,8.0302965,1365.150405,73,97,170
107,22.53837074,312.1669667,7.859813084,0,8.178,875.046,39,68,107
201,34.31342254,1277.278744,3.626865672,0,7.714836701,1550.682177,87,114,201
171,30.80804029,772.903467,8.894736842,0,8.062,1378.602,66,105,171
145,27.60018553,607.584774,6.627586207,0,8.266087303,1198.582659,57,88,145
143,27.34580368,795.5142889,1.181818182,0,8.138217601,1163.765117,65,78,143
101,21.68773756,484.4310488,0.247524752,0,8.4503657,853.4869357,48,53,101
152,28.48146944,685.8038035,5.921052632,-0.081110711,8.226129303,1250.371654,61,91,152
232,37.75652271,1217.647857,14.5,-0.065653216,7.579348099,1758.408759,87,145,232
60,15.32618865,141.0009356,2.4,0.129099445,8.5401876,512.411256,24,36,60
169,30.56735094,824.0523721,6.443786982,0,8.117007799,1371.774318,68,101,169
126,25.13315618,394.9495972,10.28571429,-0.089087081,8.087,1018.962,45,81,126
216,36,1218.333333,8.962962963,0.068041382,7.758655301,1675.869545,86,130,216
65,16.16623563,216.3788461,0.384615385,0,8.724266,567.07729,30,35,65
124,24.86648825,552.6777551,2.612903226,-0.089802651,8.441480702,1046.743607,53,71,124
196,33.7419917,1200.250848,4,0.071428571,7.8047445,1529.729922,84,112,196
19,7.120367359,7.495123536,4.263157895,0,4.7196346,89.6730574,5,14,19
232,37.75652271,1392.434519,9.120689655,-0.065653216,7.597,1762.504,93,139,232
71,17.14637163,196.0965319,2.38028169,0,8.6350233,613.0866543,29,42,71
21,7.611662611,56.5437794,1.19047619,0,6.297,132.237,13,8,21
70,16.98499252,225.6577578,0.914285714,-0.119522861,8.7092808,609.649656,31,39,70
149,28.10546957,809.2111708,1.939597315,0,8.179097201,1218.685483,66,83,149
39,11.50031505,61.92477335,2.076923077,0,8.0979701,315.8208339,15,24,39
137,26.57543476,576.1243886,5.321167883,0,8.388958102,1149.28726,55,82,137
50,13.57208808,73.83215917,5.12,-0.141421356,7.651,382.55,17,33,50
86,19.48343981,318.5315857,1.162790698,0.107832773,8.7084566,748.9272676,38,48,86
154,28.73076218,901.1011774,1.272727273,0.080582296,8.039940201,1238.150791,70,84,154
161,29.59492548,1020.197742,0.751552795,0,7.836329199,1261.649001,75,86,161
190,33.04981762,939.658499,9.284210526,0.072547625,7.9475031,1510.025589,74,116,190
78,18.25561221,203.62029,4.153846154,0.113227703,8.50738,663.57564,30,48,78
163,29.83951337,738.1160608,7.515337423,0,8.140756,1326.943228,64,99,163
220,36.44308387,1356.676622,6.563636364,-0.067419986,7.6555364,1684.218008,91,129,220
16,6.349604208,4.762203156,4,0.25,4.2852851,68.5645616,4,12,16
164,29.96143192,882.4007084,3.512195122,0.078086881,8.109414902,1329.944044,70,94,164
30,9.654893846,67.58425692,0,-0.182574186,8.3535064,250.605192,15,15,30
124,24.86648825,452.4096573,6.322580645,0.089802651,8.387017903,1039.99022,48,76,124
164,29.96143192,986.9003368,1.56097561,0.078086881,7.9514515,1304.038046,74,90,164
14,5.808785734,17.4263572,0,-0.267261242,7.4756148,104.6586072,7,7,14
147,27.85340046,740.1046407,3,0,8.263540898,1214.740512,63,84,147
196,33.7419917,955.4492547,10.79591837,-0.071428571,7.886,1545.656,75,121,196
171,30.80804029,1026.934676,2.111111111,0,7.924176901,1355.03425,76,95,171
27,9,24,3,0,6.8796662,185.7509874,9,18,27
79,18.41131157,277.3349464,1.025316456,0,8.6875956,686.3200524,35,44,79
165,30.08310292,712.1490909,9.218181818,0,8.080052903,1333.208729,63,102,165
168,30.44665044,1060.558324,1.166666667,-0.077151675,7.823850899,1314.406951,77,91,168
77,18.09924602,218.6012831,2.922077922,0,8.6133907,663.2310839,31,46,77
60,15.32618865,179.3164072,0.6,-0.129099445,8.7467692,524.806152,27,33,60
97,21.11127629,470.542055,0.092783505,0,8.4232121,817.0515737,47,50,97
223,36.77363621,1205.449689,11.66367713,0,7.678172,1712.232356,86,137,223
26,8.776382955,52.65829773,0,-0.196116135,8.1497653,211.8938978,13,13,26
43,12.27379797,44.52819728,6.720930233,0,6.712,288.616,13,30,43
120,24.32880798,366.1485601,9.633333333,-0.091287093,8.083,969.96,43,77,120
165,30.08310292,1095.024946,0.490909091,0,7.703,1270.995,78,87,165
52,13.93163954,135.5655693,0.692307692,-0.138675049,8.714569,453.157588,23,29,52
188,32.81748027,1188.06261,2.574468085,-0.072932496,7.764190399,1459.667795,83,105,188
116,23.78511887,522.8625268,1.689655172,-0.092847669,8.4758208,983.1952128,51,65,116
162,29.71734524,763.1120753,6.320987654,-0.07856742,8.164077302,1322.580523,65,97,162
117,23.9216193,386.8350745,7.188034188,0,8.2855625,969.4108125,44,73,117
253,40.00187491,1533.984942,11.95652174,0,7.452887901,1885.580639,99,154,253
162,29.71734524,786.9593277,5.555555556,0.07856742,8.1734555,1324.099791,66,96,162
51,13.75245135,148.8500617,0.176470588,0,8.7119923,444.3116073,24,27,51
166,30.20452836,1009.850195,1.542168675,-0.077615053,7.909639199,1313.000107,75,91,166
66,16.3316209,277.6375554,0.060606061,0.123091491,8.3,547.8,34,32,66
196,33.7419917,1060.806902,7.367346939,-0.071428571,7.914855301,1551.311639,79,117,196
233,37.86494067,1482.095532,7.214592275,0,7.546002,1758.218466,96,137,233
181,31.99772119,878.6114604,8.403314917,0,8.011930099,1450.159348,71,110,181
149,28.10546957,859.3860359,1.134228188,0,8.074955799,1203.168414,68,81,149
79,18.41131157,345.3868829,0.012658228,0,8.4167788,664.9255252,39,40,79
53,14.10968267,81.46345087,5.452830189,0,7.677,406.881,18,35,53
35,10.69987481,104.5530624,0.257142857,0,7.9658409,278.8044315,19,16,35
216,36,1190,9.796296296,-0.068041382,7.753002398,1674.648518,85,131,216
153,28.60625159,684.3064105,6.281045752,0,8.221153601,1257.836501,61,92,153
36,10.90272356,82.37613354,0.111111111,-0.166666667,8.5219322,306.7895592,17,19,36
80,18.56635533,362.043929,0,0.111803399,8.365,669.2,40,40,80
281,42.90134223,1898.040878,11.56227758,0,7.197,2022.357,112,169,281
55,14.46244742,99.92236398,4.090909091,0,8.125926,446.92593,20,35,55
75,17.78446652,166.4626067,5.88,0,8.197,614.775,27,48,75
35,10.69987481,93.54747687,0.028571429,0,8.3274621,291.4611735,18,17,35
167,30.32571022,709.2947553,10.06586826,0,8.038,1342.346,63,104,167
130,25.66229944,630.1081524,1.969230769,-0.087705802,8.3561919,1086.304947,57,73,130
162,29.71734524,835.7544748,4.172839506,0.07856742,8.152395901,1320.688136,68,94,162
160,29.47225199,889.6936069,2.5,0.079056942,8.0925614,1294.809824,70,90,160
218,36.22188069,1130.853761,12.40366972,-0.067728546,7.712828,1681.396504,83,135,218
215,35.88880298,1054.963883,14.06976744,0,7.701,1655.715,80,135,215
231,37.64794886,1394.440911,8.766233766,0,7.6021321,1756.092515,93,138,231
54,14.28660947,111.1180736,2.666666667,-0.136082763,8.4048115,453.859821,21,33,54
123,24.73261712,472.9358981,5.081300813,0,8.437936203,1037.866153,49,74,123
75,17.78446652,192.5464909,3.853333333,0,8.4950801,637.1310075,29,46,75
241,38.72677762,1465.511253,9.962655602,0,7.536848801,1816.380561,96,145,241
218,36.22188069,1103.604273,13.37614679,0.067728546,7.705,1679.69,82,136,218
163,29.83951337,1016.007971,1.036809816,0,7.870865503,1282.951077,75,88,163
152,28.48146944,577.1245122,10.52631579,0.081110711,8.057,1224.664,56,96,152
205,34.76716196,1098.98151,9.019512195,0,7.8783946,1615.070893,81,124,205
104,22.11509925,459.7388903,0.961538462,-0.098058068,8.536185,887.76324,47,57,104
20,7.368062997,11.0520945,3.2,0.223606798,5.9614356,119.228712,6,14,20
205,34.76716196,1328.275183,3.556097561,0,7.662851902,1570.88464,89,116,205
128,25.39841683,726.2359813,0.28125,-0.088388348,8.075,1033.6,61,67,128
148,27.97957694,646.9331912,6.081081081,-0.082199494,8.249540899,1220.932053,59,89,148
135,26.31615964,644.4535095,2.674074074,0,8.361986104,1128.868124,58,77,135
160,29.47225199,995.0569078,0.9,0.079056942,7.8927893,1262.846288,74,86,160
61,15.49601007,106.6938398,5.918032787,0,7.794,475.434,21,40,61
58,14.98368597,181.3542681,0.275862069,-0.131306433,8.7389719,506.8603702,27,31,58
51,13.75245135,92.22232084,3.31372549,0,8.221335,419.288085,19,32,51
47,13.02362568,140.2117998,0.021276596,0,8.5822348,403.3650356,23,24,47
203,34.54066479,1243.804234,4.733990148,0,7.7703437,1577.379771,86,117,203
163,29.83951337,858.9386302,3.834355828,0,8.124977399,1324.371316,69,94,163
133,26.05560093,625.3344224,2.714285714,0,8.378841504,1114.38592,57,76,133
245,39.15411297,1427.127465,12.34693878,0,7.515304302,1841.249554,95,150,245
289,43.71178704,1982.911862,12.0449827,0,7.135,2062.015,115,174,289
109,22.81835497,512.8896302,0.743119266,0,8.4705183,923.2864947,50,59,109
17,6.611489018,42.78022306,1.470588235,0,5.5227653,93.8870101,11,6,17
84,19.1801879,338.393315,0.428571429,-0.109108945,8.5877812,721.3736208,39,45,84
232,37.75652271,1245.965249,13.51724138,0.065653216,7.600009901,1763.202297,88,144,232
204,34.6540059,1156.152765,7.078431373,-0.070014004,7.854215701,1602.260003,83,121,204
110,22.95770425,511.3306855,0.909090909,0.095346259,8.4960875,934.569625,50,60,110
33,10.28827648,48.63548881,1.484848485,0,8.0206172,264.6803676,13,20,33
166,30.20452836,930.1539096,2.915662651,0.077615053,8.056438602,1337.368808,72,94,166
48,13.207709,84.19914485,3,0.144337567,8.2436656,395.6959488,18,30,48
149,28.10546957,539.8513685,11.28187919,0,8.009,1193.341,54,95,149
210,35.33020818,1063.271027,11.9047619,0.069006556,7.799,1637.79,80,130,210
247,39.36690772,1393.301649,14.09311741,0,7.493,1850.771,94,153,247
215,35.88880298,1191.842108,9.418604651,0,7.767862702,1670.090481,85,130,215
234,37.97320364,1418.639941,9.042735043,0.065372045,7.584606098,1774.797827,94,140,234
5,2.924017738,3.508821286,0.2,0,5.2661325,26.3306625,3,2,5
184,32.3503176,849.1958369,10.52173913,0.073720978,7.951,1462.984,70,114,184
158,29.22613535,999.2378683,0.632911392,0.079555728,7.855,1241.09,74,84,158
147,27.85340046,812.8645439,1.530612245,0,8.156768,1199.044896,66,81,147
74,17.62602898,300.1188718,0.054054054,0.116247639,8.533039,631.444886,36,38,74
39,11.50031505,136.2345014,0.641025641,0,7.566,295.074,22,17,39
138,26.7045988,805.0081956,0.463768116,-0.085125653,8.019,1106.622,65,73,138
52,13.93163954,81.98234035,4.923076923,0.138675049,7.827,407.004,18,34,52
130,25.66229944,483.6356433,6.923076923,0.087705802,8.386817,1090.28621,50,80,130
90,20.0829885,402.9986359,0.177777778,-0.105409255,8.48336,763.5024,43,47,90
185,32.46742298,1054.050499,4.545945946,0,7.939777903,1468.858912,78,107,185
156,28.97897803,796.9218957,3.692307692,0.080064077,8.192436603,1278.02011,66,90,156
201,34.31342254,1247.916014,4.184079602,0,7.757017398,1559.160497,86,115,201
107,22.53837074,436.0226863,2.102803738,0,8.5608946,916.0157222,46,61,107
187,32.70100282,1023.349029,5.823529412,0,7.960669198,1488.64514,77,110,187
151,28.35641334,664.7794914,6.364238411,0,8.230274099,1242.771389,60,91,151
78,18.25561221,346.856632,0,-0.113227703,8.349,651.222,39,39,78
15,6.082201996,4.865761596,3.266666667,0,4.5409708,68.114562,4,11,15
90,20.0829885,461.9087356,0.044444444,0.105409255,8.113,730.17,46,44,90
61,15.49601007,152.4197712,1.983606557,0,8.5989157,524.5338577,25,36,61
221,36.55343397,1354.627259,6.882352941,0,7.6569809,1692.192779,91,130,221
119,24.19345952,603.819956,0.680672269,0,8.3173347,989.7628293,55,64,119
102,21.83065575,443.033896,0.980392157,0.099014754,8.5802887,875.1894474,46,56,102
96,20.96593115,323.6615622,3.375,-0.102062073,8.5694269,822.6649824,39,57,96
47,13.02362568,152.9583271,0.021276596,0,8.4072067,395.1387149,24,23,47
74,17.62602898,167.2090857,5.405405405,-0.116247639,8.239,609.686,27,47,74
46,12.83823205,154.0587846,0.086956522,0.147441956,8.3038233,381.9758718,24,22,46
94,20.6737171,455.2616425,0.042553191,0.103142125,8.3916832,788.8182208,46,48,94
116,23.78511887,543.7770279,1.24137931,0.092847669,8.4556435,980.854646,52,64,116
96,20.96593115,413.2035598,0.666666667,0.102062073,8.609413,826.503648,44,52,96
54,14.28660947,171.9684473,0.074074074,0.136082763,8.7363846,471.7647684,26,28,54
119,24.19345952,560.3123902,1.420168067,0,8.426892403,1002.800196,53,66,119
223,36.77363621,1472.59449,4.883408072,0,7.547,1682.981,95,128,223
128,25.39841683,611.149405,2,0.088388348,8.395987797,1074.686438,56,72,128
109,22.81835497,452.5989308,2.064220183,0,8.5479155,931.7227895,47,62,109
161,29.59492548,672.7790512,9.447204969,0,8.085997702,1301.84563,61,100,161
129,25.5305286,631.7321496,1.744186047,0,8.356044899,1077.929792,57,72,129
216,36,1305.333333,6.685185185,-0.068041382,7.711231898,1665.62609,89,127,216
116,23.78511887,336.2723702,9.965517241,-0.092847669,8.012,929.392,41,75,116
139,26.83345121,511.9590836,8.81294964,0,8.211771597,1141.436252,52,87,139
112,23.23514293,571.7504815,0.321428571,-0.094491118,8.2998801,929.5865712,53,59,112
236,38.18926811,1325.297059,12.3559322,-0.065094455,7.577557301,1788.303523,91,145,236
18,6.868285455,11.44714243,2,0.23570226,6.4261321,115.6703778,6,12,18
104,22.11509925,421.0374666,1.884615385,-0.098058068,8.5689501,891.1708104,45,59,104
84,19.1801879,212.3520803,5.761904762,-0.109108945,8.307525,697.8321,31,53,84
152,28.48146944,931.2690993,0.657894737,-0.081110711,7.926,1204.752,71,81,152
167,30.32571022,902.5076635,3.74251497,0,8.083172198,1349.889757,71,96,167
221,36.55343397,1384.730087,6.194570136,0,7.6346849,1687.265363,92,129,221
160,29.47225199,814.5393643,4.225,-0.079056942,8.1586004,1305.376064,67,93,160
25,8.549879733,24.62365363,1.96,0,7.3363065,183.4076625,9,16,25
102,21.83065575,386.5310223,2.509803922,-0.099014754,8.5706514,874.2064428,43,59,102
94,20.6737171,246.7650062,7.191489362,0.103142125,8.18,768.92,34,60,94
89,19.93394877,282.2109601,3.247191011,0,8.6148158,766.7186062,36,53,89
81,18.72075441,291.2117352,1,0,8.6828206,703.3084686,36,45,81
126,25.13315618,528.9930968,3.841269841,0.089087081,8.463239698,1066.368202,52,74,126
108,22.6785789,361.5973413,5.333333333,0.096225045,8.4221581,909.5930748,42,66,108
57,14.81096096,182.4086771,0.157894737,0,8.7418845,498.2874165,27,30,57
266,41.36068833,1633.591698,13.53383459,-0.061313934,7.349,1954.834,103,163,266
178,31.64317125,809.9229674,9.91011236,0.074953169,7.999,1423.822,68,110,178
157,29.10268788,612.8247524,10.70700637,0,8.037,1261.809,58,99,157
181,31.99772119,829.4657891,10.21546961,0,7.969,1442.389,69,112,181
156,28.97897803,923.2405179,1.256410256,-0.080064077,7.995375199,1247.278531,71,85,156
119,24.19345952,420.8442118,6.12605042,0,8.3689594,995.9061686,46,73,119
91,20.23147725,234.7740656,6.868131868,0,8.189,745.199,33,58,91
83,19.02766054,227.4149308,4.34939759,0,8.5043462,705.8607346,32,51,83
254,40.10721238,1501.020318,13.24409449,0.062745581,7.449225902,1892.103379,98,156,254
186,32.58431755,870.6669796,10.40860215,-0.073323558,7.936,1476.096,71,115,186
135,26.31615964,557.9025845,5.4,0,8.398478304,1133.794571,54,81,135
213,35.66589026,1195.560828,8.680751174,0,7.790003601,1659.270767,85,128,213
211,35.44227874,1143.223456,9.597156398,0,7.819774502,1649.97242,83,128,211
209,35.21795959,1119.223385,9.688995215,0,7.848648799,1640.367599,82,127,209
72,17.30699484,168.7431997,4.5,-0.11785113,8.338,600.336,27,45,72
27,9,60.66666667,0.037037037,0,8.124342,219.357234,14,13,27
10,4.641588834,5.5699066,0.4,0.316227766,6.4976306,64.976306,4,6,10
247,39.36690772,1577.863913,8.943319838,0,7.464,1843.608,100,147,247
74,17.62602898,283.4456012,0.216216216,-0.116247639,8.5835615,635.183551,35,39,74
19,7.120367359,15.73975942,1.315789474,0,6.9485452,132.0223588,7,12,19
264,41.15310591,1734.977533,10.24242424,0.061545745,7.338,1937.232,106,158,264
110,22.95770425,575.1948446,0.145454545,-0.095346259,8.2440767,906.848437,53,57,110
203,34.54066479,1102.578856,8.280788177,0,7.886053,1600.868759,81,122,203
214,35.77743342,1193.695676,9.046728972,-0.068358593,7.776363201,1664.141725,85,129,214
150,28.23108087,909.0408039,0.666666667,0.081649658,7.965,1194.75,70,80,150
106,22.39772511,538.8131984,0.150943396,-0.097128586,8.3220124,882.1333144,51,55,106
116,23.78511887,586.8362948,0.551724138,0.092847669,8.3368365,967.073034,54,62,116
33,10.28827648,95.40038189,0.272727273,0,7.9289559,261.6555447,18,15,33
64,16,115.5,6.25,0.125,7.826,500.864,22,42,64
143,27.34580368,871.2411299,0.342657343,0,7.917,1132.131,68,75,143
62,15.66490599,116.7288156,5.225806452,0.127000127,7.99,495.38,22,40,62
204,34.6540059,1046.754825,10.37254902,-0.070014004,7.868,1605.072,79,125,204
153,28.60625159,955.7853472,0.529411765,0,7.882,1205.946,72,81,153
120,24.32880798,602.1379976,0.833333333,-0.091287093,8.3284811,999.417732,55,65,120
131,25.79373283,744.6709737,0.374045802,0,8.085,1059.135,62,69,131
184,32.3503176,1196.610117,1.760869565,-0.073720978,7.712,1419.008,83,101,184
229,37.4303299,1222.942045,13.20960699,0,7.618338,1744.599402,87,142,229
158,29.22613535,769.4982473,4.962025316,-0.079555728,8.189155601,1293.886585,65,93,158
135,26.31615964,810.9275861,0.185185185,0,7.939,1071.765,65,70,135
107,22.53837074,398.528948,3.373831776,0,8.5333676,913.0703332,44,63,107
198,33.97114045,952.221361,11.63636364,-0.071066905,7.861,1556.478,75,123,198
119,24.19345952,498.1006371,3.033613445,0,8.499449403,1011.434479,50,69,119
172,30.92803285,1079.963752,1.488372093,0.076249285,7.839246,1348.350312,78,94,172
215,35.88880298,1337.066567,5.697674419,0,7.6930266,1654.000719,90,125,215
141,27.09023309,824.2347514,0.574468085,0,8.027,1131.807,66,75,141
107,22.53837074,362.7203216,4.943925234,0,8.442219,903.317433,42,65,107
132,25.9248322,742.7857227,0.484848485,0.087038828,8.122,1072.104,62,70,132
186,32.58431755,920.7697475,8.602150538,-0.073323558,7.971835699,1482.76144,73,113,186
90,20.0829885,330.6998773,1.6,-0.105409255,8.6933778,782.404002,39,51,90
193,33.3968013,1012.632545,7.880829016,0,7.938134601,1532.059978,77,116,193
79,18.41131157,189.2403164,5.582278481,0,8.320938,657.354102,29,50,79
200,34.19951893,1163.809629,5.78,-0.070710678,7.8484969,1569.69938,83,117,200
34,10.49508462,94.45576161,0.117647059,0.171498585,8.1976724,278.7208616,18,16,34
75,17.78446652,282.1802022,0.333333333,0,8.6276497,647.0737275,35,40,75
286,43.40875753,1920.91341,12.58741259,-0.05913124,7.168,2050.048,113,173,286
103,21.97310764,385.2760426,2.805825243,0,8.5661045,882.3087635,43,60,103
267,41.46428436,1794.611498,9.741573034,0,7.295,1947.765,108,159,267
181,31.99772119,981.1455946,5.309392265,0,8.004143398,1448.749955,75,106,181
110,22.95770425,342.2784997,7.127272727,-0.095346259,8.2552607,908.078677,41,69,110
103,21.97310764,284.1570813,8.165048544,0,8.112,835.536,37,66,103
172,30.92803285,1136.425393,0.837209302,0.076249285,7.713606401,1326.740301,80,92,172
100,21.5443469,506.7230391,0.04,-0.1,8.3297495,832.97495,49,51,100
193,33.3968013,909.5004541,11.44559585,0,7.883,1521.419,73,120,193
104,22.11509925,366.1750088,3.846153846,0.098058068,8.5279063,886.9022552,42,62,104
126,25.13315618,636.7066233,1.142857143,-0.089087081,8.312426802,1047.365777,57,69,126
205,34.76716196,1210.914812,5.975609756,0,7.8102694,1601.105227,85,120,205
86,19.48343981,353.4205361,0.418604651,0.107832773,8.6140523,740.8084978,40,46,86
26,8.776382955,70.88617002,0.615384615,-0.196116135,7.198,187.148,15,11,26
262,40.94499863,1706.562538,10.32061069,-0.061780206,7.352,1926.224,105,157,262
85,19.33211117,372.9960272,0.105882353,0,8.4737117,720.2654945,41,44,85
77,18.09924602,348.3517222,0.012987013,0,8.278,637.406,39,38,77
243,38.9407384,1461.479565,10.7037037,0,7.526926099,1829.043042,96,147,243
183,32.23299987,925.7740292,7.480874317,0,8.00674,1465.23342,73,110,183
40,11.69607095,53.21712284,3.6,0.158113883,7.6558247,306.232988,14,26,40
15,6.082201996,22.70688745,0.066666667,0,7.4636915,111.9553725,8,7,15
282,43.0030645,1895.794673,11.92907801,0.059549133,7.197,2029.554,112,170,282
48,13.207709,139.2312657,0.083333333,-0.144337567,8.6230686,413.9072928,23,25,48
227,37.21207647,1342.58549,8.920704846,0,7.639494502,1734.165252,91,136,227
169,30.56735094,977.0699987,2.609467456,0,7.994538101,1351.076939,74,95,169
239,38.51222415,1500.526491,8.472803347,0,7.527,1798.953,97,142,239
50,13.57208808,92.83308249,2.88,-0.141421356,8.2885833,414.429165,19,31,50
116,23.78511887,462.5795531,3.448275862,0.092847669,8.5123511,987.4327276,48,68,116
210,35.33020818,1317.648526,4.876190476,-0.069006556,7.6980182,1616.583822,89,121,210
148,27.97957694,714.9916216,3.891891892,0.082199494,8.279632601,1225.385625,62,86,148
69,16.82284308,307.1997431,0.130434783,0,8.129,560.901,36,33,69
168,30.44665044,1088.467753,0.857142857,0.077151675,7.773621702,1305.968446,78,90,168
118,24.05773139,351.079775,9.796610169,0.092057462,8.067,951.906,42,76,118
149,28.10546957,885.0393504,0.812080537,0,8.004,1192.596,69,80,149
87,19.63418303,238.3183595,5.068965517,0,8.4138521,732.0051327,33,54,87
254,40.10721238,1626.710638,9.842519685,0.062745581,7.423590902,1885.592089,102,152,254
172,30.92803285,843.6879658,6.720930233,-0.076249285,8.091036698,1391.658312,69,103,172
130,25.66229944,675.5106821,1.107692308,-0.087705802,8.2637565,1074.288345,59,71,130
10,4.641588834,13.9247665,0.4,0.316227766,6.0320426,60.320426,6,4,10
199,34.08542533,1028.728967,9.291457286,0,7.902301101,1572.557919,78,121,199
209,35.21795959,1064.964137,11.48803828,0,7.813,1632.917,80,129,209
162,29.71734524,811.1734608,4.839506173,-0.07856742,8.155412599,1321.176841,67,95,162
211,35.44227874,1115.675902,10.46919431,0,7.8170079,1649.388667,82,129,211
93,20.52683379,417.5996723,0.268817204,0,8.5314627,793.4260311,44,49,93
131,25.79373283,673.7874331,1.290076336,0,8.286143901,1085.484851,59,72,131
101,21.68773756,444.4912549,0.801980198,0,8.5608644,864.6473044,46,55,101
207,34.99292374,1235.740447,5.917874396,0,7.7879987,1612.115731,86,121,207
168,30.44665044,900.713409,4.023809524,-0.077151675,8.080402601,1357.507637,71,97,168
184,32.3503176,873.810209,9.586956522,-0.073720978,7.967,1465.928,71,113,184
148,27.97957694,762.2544205,2.702702703,0.082199494,8.248339797,1220.75429,64,84,148
71,17.14637163,210.1034271,1.704225352,0,8.6890417,616.9219607,30,41,71
75,17.78446652,206.2998117,3,0,8.5924981,644.4373575,30,45,75
54,14.28660947,90.48185996,4.740740741,-0.136082763,7.891,426.114,19,35,54
127,25.26596057,635.0310719,1.330708661,0,8.333541197,1058.359732,57,70,127
138,26.7045988,474.1033844,10.46376812,0.085125653,8.118,1120.284,50,88,138
86,19.48343981,210.6930119,6.697674419,-0.107832773,8.182,703.652,31,55,86
73,17.46687612,143.5633654,7.246575342,0,7.895,576.335,25,48,73
21,7.611662611,26.09712895,0.428571429,0,7.7382934,162.5041614,9,12,21
56,14.63722284,89.39161092,5.785714286,-0.133630621,7.663,429.128,19,37,56
132,25.9248322,604.9127514,3.03030303,0.087038828,8.409374697,1110.03746,56,76,132
195,33.6271252,957.0797174,10.38461538,0,7.901,1540.695,75,120,195
258,40.52718796,1650.304794,10.48062016,-0.062257281,7.392,1907.136,103,155,258
19,7.120367359,41.22317945,0.473684211,0,6.9378864,131.8198416,11,8,19
217,36.11102555,1188.169228,10.1797235,0,7.744617198,1680.581932,85,132,217
158,29.22613535,745.8213782,5.696202532,0.079555728,8.201822899,1295.888018,64,94,158
76,17.94220144,249.3021673,1.315789474,-0.114707867,8.6828172,659.8941072,33,43,76
187,32.70100282,893.9439914,9.887700535,0,7.947,1486.089,72,115,187
132,25.9248322,562.0974982,4.363636364,0.087038828,8.427622902,1112.446223,54,78,132
5,2.924017738,1.169607095,0.2,0,5.5121325,27.5606625,2,3,5
182,32.11546826,1032.635826,4.307692308,-0.074124932,7.954894802,1447.790854,77,105,182
38,11.30287864,71.38660191,0.947368421,0.162221421,8.4487829,321.0537502,16,22,38
98,21.2561228,448.9813694,0.367346939,0.101015254,8.5338999,836.3221902,46,52,98
108,22.6785789,344.3784203,6.259259259,-0.096225045,8.3256604,899.1713232,41,67,108
121,24.463781,536.1813818,2.388429752,0,8.466864099,1024.490556,52,69,121
238,38.40472309,1350.942612,12.25210084,0.064820372,7.570126202,1801.690036,92,146,238
251,39.79078261,1476.222182,12.94422311,0,7.469263701,1874.785189,97,154,251
201,34.31342254,1051.936864,9.199004975,0,7.895175199,1586.930215,79,122,201
227,37.21207647,1283.898603,10.57709251,0,7.650708401,1736.710807,89,138,227
130,25.66229944,652.612015,1.507692308,0.087705802,8.3332164,1083.318132,58,72,130
184,32.3503176,1139.293794,2.630434783,-0.073720978,7.818672701,1438.635777,81,103,184
202,34.42713741,997.3643967,11.40594059,-0.070359754,7.855,1586.71,77,125,202
216,36,1053.333333,14.51851852,0.068041382,7.685,1659.96,80,136,216
136,26.44595607,535.9195216,6.617647059,-0.085749293,8.351324199,1135.780091,53,83,136
87,19.63418303,223.8748225,6.08045977,0,8.285,720.795,32,55,87
165,30.08310292,806.2271582,5.824242424,0,8.146959103,1344.248252,67,98,165
92,20.37942306,233.9203342,7.347826087,-0.104257207,8.121,747.132,33,59,92
56,14.63722284,169.8963365,0.285714286,0.133630621,8.7903563,492.2599528,26,30,56
172,30.92803285,945.1031433,3.930232558,-0.076249285,8.037705599,1382.485363,73,99,172
142,27.21816837,724.9233294,2.281690141,0.083918136,8.285940697,1176.603579,62,80,142
48,13.207709,66.03854498,5.333333333,0.144337567,7.552,362.496,16,32,48
59,15.15542109,141.7930923,2.050847458,0,8.5685995,505.5473705,24,35,59
119,24.19345952,384.6556757,8.075630252,0,8.22,978.18,44,75,119
96,20.96593115,452.0778905,0.166666667,0.102062073,8.4900207,815.0419872,46,50,96
207,34.99292374,1095.430656,9.782608696,0,7.866797899,1628.427165,81,126,207
239,38.51222415,1349.055818,12.65690377,0,7.558562402,1806.496414,92,147,239
239,38.51222415,1469.5878,9.242677824,0,7.5430659,1802.79275,96,143,239
207,34.99292374,1068.382986,10.67149758,0,7.848611198,1624.662518,80,127,207
141,27.09023309,613.2767661,5.170212766,0,8.343205,1176.391905,57,84,141
188,32.81748027,942.9788746,8.510638298,0.072932496,7.969053202,1498.182002,74,114,188
146,27.72693752,839.7843681,0.98630137,-0.082760589,8.063242603,1177.23342,67,79,146
159,29.34932266,675.5881821,8.610062893,0,8.126860101,1292.170756,61,98,159
49,13.39051828,74.33104024,4.591836735,0,7.785,381.465,17,32,49
246,39.26058243,1579.999049,8.601626016,0.063757671,7.467960801,1837.118357,100,146,246
115,23.64822562,389.0647207,6.339130435,0,8.346814,959.88361,44,71,115
134,26.18604233,498.3164772,7.641791045,-0.086386843,8.325939799,1115.675933,51,83,134
63,15.83289626,249.3052872,0.015873016,0,8.4187167,530.3791521,32,31,63
177,31.52454625,962.1220273,4.751412429,0,8.025035898,1420.431354,74,103,177
182,32.11546826,927.46649,7.120879121,-0.074124932,8.012633198,1458.299242,73,109,182
187,32.70100282,1105.188972,3.898395722,0,7.886990503,1474.867224,80,107,187
173,31.04779308,1050.240955,2.086705202,0,7.898068,1366.365764,77,96,173
110,22.95770425,553.4893787,0.327272727,0.095346259,8.358116,919.39276,52,58,110
224,36.88349034,1289.604894,9.446428571,-0.06681531,7.670143799,1718.112211,89,135,224
95,20.82008046,260.7989026,6.578947368,0,8.245,783.275,35,60,95
143,27.34580368,771.0369262,1.573426573,0,8.198318797,1172.359588,64,79,143
165,30.08310292,958.2835693,2.187878788,0,8.003054703,1320.504026,73,92,165
94,20.6737171,325.9409441,2.723404255,-0.103142125,8.6228068,810.5438392,39,55,94
102,21.83065575,524.36379,0.039215686,0.099014754,8.3244313,849.0919926,50,52,102
223,36.77363621,1233.813211,10.76681614,0,7.683665502,1713.457407,87,136,223
206,34.88013418,1296.32188,4.368932039,0.069673301,7.719802801,1590.279377,88,118,206
93,20.52683379,361.9785743,1.301075269,0,8.6641849,805.7691957,41,52,93
137,26.57543476,709.9714688,1.642335766,0,8.263651599,1132.120269,61,76,137
27,9,30,1.814814815,0,7.5204151,203.0512077,10,17,27
237,38.29707136,1473.710088,8.544303797,0,7.546624101,1788.549912,96,141,237
215,35.88880298,1397.493296,4.469767442,0,7.620782102,1638.468152,92,123,215
64,16,232.5,0.0625,-0.125,8.6116317,551.1444288,31,33,64
125,25,638.4,0.968,0,8.3046438,1038.080475,57,68,125
75,17.78446652,179.2674225,4.813333333,0,8.369,627.675,28,47,75
107,22.53837074,495.4228783,0.757009346,0,8.4940439,908.8626973,49,58,107
88,19.78434977,252.2504596,4.545454545,0.106600358,8.4950045,747.560396,34,54,88
57,14.81096096,131.4797587,2.122807018,0,8.5351967,486.5062119,23,34,57
62,15.66490599,219.8140035,0.064516129,0.127000127,8.6793451,538.1193962,30,32,62
103,21.97310764,349.863073,4.281553398,0,8.488332,874.298196,41,62,103
107,22.53837074,296.1584043,8.981308411,0,8.057,862.099,38,69,107
212,35.5541724,1059.916838,12.75471698,0.068680282,7.762,1645.544,80,132,212
58,14.98368597,142.6033561,1.724137931,0.131306433,8.6439987,501.3519246,24,34,58
72,17.30699484,156.2437034,5.555555556,0.11785113,8.195,590.04,26,46,72
215,35.88880298,1277.975235,7.074418605,0,7.739324902,1663.954854,88,127,215
135,26.31615964,516.9663361,7.118518519,0,8.3457384,1126.674684,52,83,135
100,21.5443469,271.4587709,7.84,0.1,8.134,813.4,36,64,100
150,28.23108087,688.8383731,5.226666667,-0.081649658,8.2438125,1236.571875,61,89,150
104,22.11509925,348.7381036,4.653846154,-0.098058068,8.4533832,879.1518528,41,63,104
211,35.44227874,1256.773126,6.488151659,0,7.768361299,1639.124234,87,124,211
239,38.51222415,1319.728518,13.59414226,0,7.55,1804.45,91,148,239
23,8.087579399,19.69149767,2.130434783,0,7.1634856,164.7601688,8,15,23
78,18.25561221,190.045604,5.128205128,-0.113227703,8.3546695,651.664221,29,49,78
234,37.97320364,1242.405329,14.37606838,0.065372045,7.576543902,1772.911273,88,146,234
153,28.60625159,802.0968582,2.882352941,0,8.185751399,1252.419964,66,87,153
100,21.5443469,319.2872211,4.84,-0.1,8.4394151,843.94151,39,61,100
144,27.47314182,745.2089719,2.25,-0.083333333,8.254174403,1188.601114,63,81,144
87,19.63418303,209.8826461,7.183908046,0,8.124,706.788,31,56,87
25,8.549879733,19.1517306,3.24,0,6.7278058,168.195145,8,17,25
70,16.98499252,183.4379192,2.8,0.119522861,8.6042917,602.300419,28,42,70
231,37.64794886,1424.754844,8.004329004,0,7.587122398,1752.625274,94,137,231
225,36.99318111,1287.691531,9.817777778,0,7.6656906,1724.780385,89,136,225
259,40.63184185,1746.071041,8.528957529,0,7.34,1901.06,106,153,259
68,16.65990837,185.2189813,2.117647059,0.121267813,8.6824667,590.4077356,28,40,68
46,12.83823205,141.2205525,0,-0.147441956,8.4861423,390.3625458,23,23,46
37,11.10370247,102.6342228,0.027027027,0,8.339848,308.574376,19,18,37
202,34.42713741,1245.853339,4.455445545,0.070359754,7.769301802,1569.398964,86,116,202
216,36,1365,5.351851852,-0.068041382,7.659200602,1654.38733,91,125,216
11,4.946087443,13.48932939,0.090909091,0,6.6764563,73.4410193,6,5,11
97,21.11127629,274.2289497,6.443298969,0,8.2698645,802.1768565,36,61,97
87,19.63418303,388.6214158,0.103448276,0,8.4624243,736.2309141,42,45,87
77,18.09924602,248.2182312,1.571428571,0,8.6959789,669.5903753,33,44,77
108,22.6785789,379.236236,4.481481481,-0.096225045,8.4628172,913.9842576,43,65,108
102,21.83065575,351.0027002,3.921568627,-0.099014754,8.5048675,867.496485,41,61,102
4,2.5198421,0,1,-0.5,1.7204491,6.8817964,1,3,4
131,25.79373283,628.5007266,2.20610687,0,8.370367603,1096.518156,57,74,131
174,31.16732279,745.1497862,11.12643678,-0.075809804,7.963,1385.562,65,109,174
247,39.36690772,1484.148359,11.37246964,0,7.498940802,1852.238378,97,150,247
281,42.90134223,1830.559051,13.24199288,0,7.22,2028.82,110,171,281
98,21.2561228,338.3627712,3.306122449,0.101015254,8.5813984,840.9770432,40,58,98
82,18.87451938,273.9107081,1.756097561,-0.110431526,8.6824953,711.9646146,35,47,82
71,17.14637163,224.5933186,1.14084507,0,8.717605,618.949955,31,40,71
141,27.09023309,509.5269372,9.709219858,0,8.142,1148.022,52,89,141
175,31.28662373,965.7733793,4.165714286,0,8.024113,1404.219775,74,101,175
193,33.3968013,1121.30193,4.979274611,0,7.885344503,1521.871489,81,112,193
175,31.28662373,814.5249012,8.691428571,0,8.045,1407.875,68,107,175
167,30.32571022,954.4427122,2.640718563,0,8.018861401,1339.149854,73,94,167
108,22.6785789,311.2004993,8.333333333,-0.096225045,8.129,877.932,39,69,108
68,16.65990837,308.6983022,0.235294118,0.121267813,8.034,546.312,36,32,68
11,4.946087443,8.99288626,0.090909091,0,6.9277323,76.2050553,5,6,11
83,19.02766054,272.8062174,2.036144578,0,8.6933852,721.5509716,35,48,83
156,28.97897803,897.2337428,1.641025641,0.080064077,8.061710699,1257.626869,70,86,156
205,34.76716196,1182.422698,6.67804878,0,7.8362168,1606.424444,84,121,205
145,27.60018553,767.475504,1.993103448,0,8.228948503,1193.197533,64,81,145
82,18.87451938,306.5958514,0.780487805,-0.110431526,8.6474275,709.089055,37,45,82
106,22.39772511,297.0868066,8.490566038,0.097128586,8.114,860.084,38,68,106
107,22.53837074,328.5968071,6.813084112,0,8.284,886.388,40,67,107
190,33.04981762,1212.75436,2.547368421,0.072547625,7.7494526,1472.395994,84,106,190
151,28.35641334,599.4282872,9.066225166,0,8.129043603,1227.485584,57,94,151
91,20.23147725,329.484058,1.857142857,0,8.6849421,790.3297311,39,52,91
198,33.97114045,1030.457927,8.909090909,0.071066905,7.914151202,1567.001938,78,120,198
50,13.57208808,176.4371451,0.08,0.141421356,8.3540268,417.70134,26,24,50
189,32.93375139,1101.276766,4.44973545,0,7.896919201,1492.517729,80,109,189
182,32.11546826,1172.038133,1.78021978,0.074124932,7.756329599,1411.651987,82,100,182
11,4.946087443,25.18008153,2.272727273,0,3.1624372,34.7868092,8,3,11
77,18.09924602,366.6860233,0.116883117,0,8.075,621.775,40,37,77
11,4.946087443,18.88506115,0.818181818,0,5.3584023,58.9424253,7,4,11
242,38.83383169,1494.300168,9.520661157,-0.064282435,7.519,1819.598,97,145,242
217,36.11102555,1393.186663,5.01843318,0,7.634,1656.578,92,125,217
64,16,126.5,5.0625,-0.125,8.045,514.88,23,41,64
263,41.04911821,1803.663916,8.399239544,0,7.295,1918.585,108,155,263
88,19.78434977,283.2759172,2.909090909,0.106600358,8.6568499,761.8027912,36,52,88
148,27.97957694,835.9843868,1.324324324,-0.082199494,8.108979703,1200.128996,67,81,148
151,28.35641334,578.3957157,10.07284768,0,8.079,1219.929,56,95,151
66,16.3316209,125.2090936,6.060606061,-0.123091491,7.894,521.004,23,43,66
206,34.88013418,1124.630346,8.563106796,0.069673301,7.875362,1622.324572,82,124,206
143,27.34580368,845.6163908,0.566433566,0,7.999,1143.857,67,76,143
257,40.42239878,1652.442496,10.12062257,0,7.397,1901.029,103,154,257
41,11.89020214,45.24076911,5.487804878,0,6.98,286.18,13,28,41
78,18.25561221,262.5999603,1.282051282,0.113227703,8.7178072,679.9889616,34,44,78
120,24.32880798,580.2420704,1.2,0.091287093,8.4040322,1008.483864,54,66,120
193,33.3968013,1264.925479,2.284974093,0,7.675853,1481.439629,86,107,193
25,8.549879733,45.14336499,0.04,0,8.2235028,205.58757,12,13,25
140,26.961995,491.0934803,10.31428571,-0.084515425,8.103,1134.42,51,89,140
215,35.88880298,1136.08927,11.16744186,0,7.761717702,1668.769306,83,132,215
67,16.49617297,186.1359219,1.805970149,0,8.6957505,582.6152835,28,39,67
201,34.31342254,1025.305551,10.07462687,0,7.885833701,1585.052574,78,123,201
248,39.47308961,1544.225465,10.08064516,-0.063500064,7.476,1854.048,99,149,248
118,24.05773139,605.5208663,0.542372881,-0.092057462,8.2864053,977.7958254,55,63,118
65,16.16623563,262.6391511,0.015384615,0,8.3962351,545.7552815,33,32,65
256,40.3174736,1527.969253,13.140625,-0.0625,7.428,1901.568,99,157,256
144,27.47314182,525.8054087,10.02777778,-0.083333333,8.098,1166.112,53,91,144
146,27.72693752,564.034277,8.876712329,-0.082760589,8.1554365,1190.693729,55,91,146
161,29.59492548,939.6848387,1.795031056,0,8.009124503,1289.469045,72,89,161
22,7.851424411,39.25712205,0,-0.213200716,7.9156624,174.1445728,11,11,22
278,42.59544868,1939.165462,9.726618705,-0.059976014,7.181,1996.318,113,165,278
158,29.22613535,611.529136,11.16455696,0.079555728,8.015,1266.37,58,100,158
92,20.37942306,311.450748,2.782608696,0.104257207,8.648907,795.699444,38,54,92
274,42.1858731,1746.248805,13.13868613,-0.060412209,7.278,1994.172,107,167,274
28,9.220872584,59.9356718,0,0.188982237,8.4477445,236.536846,14,14,28
102,21.83065575,368.5528352,3.176470588,0.099014754,8.5683994,873.9767388,42,60,102
96,20.96593115,472.1702412,0.041666667,-0.102062073,8.3602903,802.5878688,47,49,96
73,17.46687612,284.734008,0.123287671,0,8.5680803,625.4698619,35,38,73
65,16.16623563,201.9535897,0.753846154,0,8.7570967,569.2112855,29,36,65
30,9.654893846,35.40127744,2.133333333,-0.182574186,7.5019685,225.059055,11,19,30
39,11.50031505,100.8489166,0.025641026,0,8.5570258,333.7240062,19,20,39
188,32.81748027,867.5684944,11.25531915,-0.072932496,7.903,1485.764,71,117,188
235,38.08131249,1356.667014,11.06808511,0,7.590915102,1783.865049,92,143,235
99,21.40047747,303.9300134,5.343434343,0,8.4025235,831.8498265,38,61,99
240,38.61957538,1406.718033,11.26666667,0.064549722,7.5560433,1813.450392,94,146,240
248,39.47308961,1421.349557,13.56451613,-0.063500064,7.487,1856.776,95,153,248
189,32.93375139,890.7795614,10.71428571,0,7.917,1496.313,72,117,189
97,21.11127629,393.0614946,1.24742268,0,8.6237254,836.5013638,43,54,97
188,32.81748027,1131.155703,3.595744681,-0.072932496,7.853053702,1476.374096,81,107,188
169,30.56735094,1003.83904,2.136094675,0,7.951396302,1343.785975,75,94,169
110,22.95770425,376.9237624,5.236363636,-0.095346259,8.4112603,925.238633,43,67,110
9,4.326748711,0.961499714,2.777777778,0,3.349038,30.141342,2,7,9
283,43.1046666,1927.677246,11.48056537,0,7.177,2031.091,113,170,283
62,15.66490599,234.9735899,0,-0.127000127,8.5186449,528.1559838,31,31,62
76,17.94220144,153.4530386,7.578947368,0.114707867,7.943,603.668,26,50,76
228,37.32128296,1168.74544,14.75438596,-0.066226618,7.596,1731.888,85,143,228
230,37.53921823,1336.722597,10.0173913,-0.065938047,7.6218958,1753.036034,91,139,230
125,25,572.4,2.312,0,8.430939,1053.867375,54,71,125
91,20.23147725,382.8418002,0.538461538,0,8.6136286,783.8402026,42,49,91
217,36.11102555,1160.212305,11.06451613,0,7.741361401,1679.875424,84,133,217
176,31.40569764,1044.239447,2.75,-0.075377836,7.921552199,1394.193187,77,99,176
84,19.1801879,198.6519461,6.857142857,0.109108945,8.171,686.364,30,54,84
32,10.0793684,66.14585512,0.125,-0.176776695,8.4641203,270.8518496,15,17,32
158,29.22613535,722.5144601,6.481012658,-0.079555728,8.185132,1293.250856,63,95,158
142,27.21816837,655.9195222,4.056338028,-0.083918136,8.336303197,1183.755054,59,83,142
278,42.59544868,1870.828879,11.28057554,-0.059976014,7.218,2006.604,111,167,278
269,41.67108931,1857.384241,8.925650558,0,7.2501551,1950.291722,110,159,269
172,30.92803285,997.9685018,2.813953488,-0.076249285,7.971846,1371.157512,75,97,172
159,29.34932266,698.1077882,7.704402516,0,8.157496302,1297.041912,62,97,159
138,26.7045988,513.1927247,8.376811594,0.085125653,8.252578601,1138.855847,52,86,138
206,34.88013418,1152.398996,7.766990291,-0.069673301,7.853324898,1617.784929,83,123,206
270,41.7742995,1754.830018,11.61481481,-0.060858062,7.301,1971.27,107,163,270
59,15.15542109,107.8860485,4.898305085,0,7.9764073,470.6080307,21,38,59
92,20.37942306,419.1072654,0.173913043,0.104257207,8.504774,782.439208,44,48,92
277,42.49323999,1907.133428,10.14079422,0,7.205,1995.785,112,165,277
202,34.42713741,1159.955927,6.415841584,-0.070359754,7.852585698,1586.222311,83,119,202
73,17.46687612,336.4168195,0.123287671,0,8.102,591.446,38,35,73
238,38.40472309,1533.929822,7.411764706,0.064820372,7.509,1787.142,98,140,238
109,22.81835497,360.4881401,5.733944954,0,8.3814163,913.5743767,42,67,109
106,22.39772511,329.6268978,6.377358491,0.097128586,8.33,882.98,40,66,106
120,24.32880798,558.7516233,1.633333333,-0.091287093,8.4236745,1010.84094,53,67,120
228,37.32128296,1224.727364,12.78947368,-0.066226618,7.626368899,1738.812109,87,141,228
126,25.13315618,488.7002591,5.365079365,0.089087081,8.443522698,1063.88386,50,76,126
256,40.3174736,1654.591319,9.765625,-0.0625,7.3981605,1893.929088,103,153,256
116,23.78511887,370.3096955,7.75862069,-0.092847669,8.223,953.868,43,73,116
247,39.36690772,1546.306634,9.720647773,0,7.480100502,1847.584824,99,148,247
210,35.33020818,1172.962912,8.4,0.069006556,7.8343462,1645.212702,84,126,210
134,26.18604233,715.2307084,1.074626866,-0.086386843,8.213413097,1100.597355,61,73,134
29,9.439130677,29.29385383,2.793103448,0,7.1670673,207.8449517,10,19,29
137,26.57543476,663.8039252,2.635036496,0,8.341707401,1142.813914,59,78,137
92,20.37942306,279.1094897,4.347826087,0.104257207,8.512675,783.1661,36,56,92
212,35.5541724,1141.423101,9.981132075,-0.068680282,7.803314,1654.302568,83,129,212
254,40.10721238,1531.969191,12.34645669,-0.062745581,7.443575902,1890.668279,99,155,254
85,19.33211117,270.6495563,2.647058824,0,8.6735926,737.255371,35,50,85
149,28.10546957,690.3759639,4.89261745,0,8.261527698,1230.967627,61,88,149
220,36.44308387,1210.904287,10.47272727,0.067419986,7.7172552,1697.796144,86,134,220
155,28.85500355,978.4638624,0.522580645,0,7.858,1217.99,73,82,155
165,30.08310292,758.4588372,7.424242424,0,8.130325903,1341.503774,65,100,165
18,6.868285455,21.36799919,0.222222222,0.23570226,7.7670981,139.8077658,8,10,18
241,38.72677762,1404.769668,11.65560166,0,7.546439502,1818.69192,94,147,241
188,32.81748027,892.3561657,10.29787234,0.072932496,7.936,1491.968,72,116,188
37,11.10370247,54.61821214,2.189189189,0,7.9529033,294.2574221,14,23,37
19,7.120367359,33.72805591,0.052631579,0,7.5673431,143.7795189,10,9,19
124,24.86648825,640.1115363,0.806451613,-0.089802651,8.278292597,1026.508282,57,67,124
123,24.73261712,434.7310423,6.837398374,0,8.337970699,1025.570396,47,76,123
141,27.09023309,849.5958207,0.34751773,0,7.943,1119.963,67,74,141
64,16,175.5,1.5625,-0.125,8.6755223,555.2334272,27,37,64
71,17.14637163,156.9738248,5.084507042,0,8.235,584.685,26,45,71
137,26.57543476,534.6123956,7.01459854,0,8.326003299,1140.662452,53,84,137
170,30.6878136,1140.8646,0.588235294,0.076696499,7.671,1304.07,80,90,170
165,30.08310292,855.4540539,4.418181818,0,8.125548903,1340.715569,69,96,165
48,13.207709,127.1241991,0.333333333,0.144337567,8.7230122,418.7045856,22,26,48
105,22.25663649,519.3215181,0.238095238,0,8.397229,881.709045,50,55,105
168,30.44665044,875.3412003,4.666666667,0.077151675,8.111887,1362.797016,70,98,168
214,35.77743342,1309.38719,6.056074766,-0.068358593,7.715887402,1651.199904,89,125,214
135,26.31615964,600.3983089,3.918518519,0,8.397534504,1133.667158,56,79,135
161,29.59492548,629.0300309,11.48447205,0,7.986,1285.746,59,102,161
246,39.26058243,1611.918222,7.869918699,-0.063757671,7.441,1830.486,101,145,246
53,14.10968267,122.9938376,1.528301887,0,8.6311256,457.4496568,22,31,53
173,31.04779308,996.0419169,3.057803468,0,7.983906798,1381.215876,75,98,173
117,23.9216193,607.2411053,0.418803419,0,8.2718652,967.8082284,55,62,117
219,36.33256645,1156.66965,11.87671233,0,7.713334,1689.220146,84,135,219
165,30.08310292,1066.947383,0.733333333,0,7.776,1283.04,77,88,165
88,19.78434977,406.0288147,0.045454545,-0.106600358,8.3898338,738.3053744,43,45,88
255,40.2124117,1624.581433,10.2,0,7.417940302,1891.574777,102,153,255
70,16.98499252,157.7177877,4.628571429,0.119522861,8.308,581.56,26,44,70
177,31.52454625,936.1187293,5.429378531,0,8.040828898,1423.226715,73,104,177
235,38.08131249,1269.161019,13.82553191,0,7.573505102,1779.773699,89,146,235
141,27.09023309,635.1795077,4.432624113,0,8.355395603,1178.11078,58,83,141
39,11.50031505,53.66813691,3.102564103,0,7.7309793,301.5081927,14,25,39
136,26.44595607,476.4161204,9.529411765,0.085749293,8.197,1114.792,50,86,136
127,25.26596057,393.9102513,10.77952756,0,8.06,1023.62,45,82,127
166,30.20452836,904.316301,3.469879518,-0.077615053,8.074175602,1340.31315,71,95,166
152,28.48146944,731.8988133,4.447368421,-0.081110711,8.226585401,1250.440981,63,89,152
185,32.46742298,1027.023564,5.194594595,0,7.9637226,1473.288681,77,108,185
143,27.34580368,588.9865409,6.72027972,0,8.281987797,1184.324255,56,87,143
68,16.65990837,227.8487468,0.529411765,-0.121267813,8.7012195,591.682926,31,37,68
284,43.2061491,1891.333963,12.67605634,0.059339083,7.191,2042.244,112,172,284
181,31.99772119,1117.268497,2.436464088,0,7.839679199,1418.981935,80,101,181
196,33.7419917,1258.438568,2.93877551,0.071428571,7.717966,1512.721336,86,110,196
244,39.04749856,1584.304245,7.93442623,0.06401844,7.468,1822.192,100,144,244
153,28.60625159,826.7767616,2.359477124,0,8.153637203,1247.506492,67,86,153
222,36.66361774,1293.46601,8.720720721,-0.067115606,7.6828015,1705.581933,89,133,222
60,15.32618865,253.3929856,0.266666667,0.129099445,8.113,486.78,32,28,60
145,27.60018553,719.8889772,3.04137931,0,8.293013903,1202.487016,62,83,145
138,26.7045988,617.6889808,4.173913043,-0.085125653,8.3750835,1155.761523,57,81,138
216,36,1247,8.166666667,-0.068041382,7.742451301,1672.369481,87,129,216
24,8.320335292,38.13487009,0.166666667,-0.204124145,8.0634882,193.5237168,11,13,24
127,25.26596057,590.865377,2.275590551,0,8.411561701,1068.268336,55,72,127
156,28.97897803,614.131419,10.25641026,0.080064077,8.068,1258.608,58,98,156
117,23.9216193,542.2233708,1.444444444,0,8.4509203,988.7576751,52,65,117
259,40.63184185,1680.495328,10.04247104,0,7.377,1910.643,104,155,259
257,40.42239878,1620.356234,10.92996109,0,7.4096587,1904.282286,102,155,257
224,36.88349034,1260.625009,10.28571429,0.06681531,7.679923598,1720.302886,88,136,224
210,35.33020818,1288.038447,5.504761905,0.069006556,7.7413687,1625.687427,88,122,210
70,16.98499252,197.0259133,2.057142857,-0.119522861,8.6468655,605.280585,29,41,70
150,28.23108087,935.3898127,0.426666667,-0.081649658,7.866,1179.9,71,79,150
189,32.93375139,1185.963555,2.798941799,0,7.780999899,1470.608981,83,106,189
34,10.49508462,33.95468554,4.235294118,-0.171498585,6.8864377,234.1388818,11,23,34
105,22.25663649,330.6700279,5.952380952,0,8.358598,877.65279,40,65,105
67,16.49617297,259.999383,0.014925373,0,8.5305685,571.5480895,33,34,67
166,30.20452836,710.7161915,9.638554217,-0.077615053,8.056,1337.296,63,103,166
212,35.5541724,1373.531471,4.245283019,-0.068680282,7.633628901,1618.329327,91,121,212
153,28.60625159,596.8049351,9.941176471,0,8.081,1236.393,57,96,153
227,37.21207647,1313.078117,9.731277533,0,7.647459101,1735.973216,90,137,227
33,10.28827648,106.6239562,0.757575758,0,7.392,243.936,19,14,33
219,36.33256645,1101.921947,13.81278539,0,7.684,1682.796,82,137,219
172,30.92803285,868.5023178,5.953488372,0.076249285,8.0974295,1392.757874,70,102,172
45,12.65148998,182.7437441,1.088888889,0,7.299,328.455,26,19,45
83,19.02766054,186.1501248,7.530120482,0,8.044,667.652,29,54,83
51,13.75245135,189.298448,0.176470588,0,8.1932549,417.8559999,27,24,51
26,8.776382955,18.90297867,3.846153846,0.196116135,6.497479,168.934454,8,18,26
30,9.654893846,50.205448,0.533333333,-0.182574186,8.2611049,247.833147,13,17,30
84,19.1801879,226.5088856,4.761904762,0.109108945,8.4655244,711.1040496,32,52,84
170,30.6878136,871.8949394,5.294117647,0.076696499,8.1066101,1378.123717,70,100,170
121,24.463781,475.5273794,4.371900826,0,8.463876702,1024.129081,49,72,121
146,27.72693752,891.0602114,0.438356164,-0.082760589,7.914,1155.444,69,77,146
142,27.21816837,488.7769672,11.26760563,-0.083918136,8.027,1139.834,51,91,142
256,40.3174736,1622.463332,10.5625,0.0625,7.416542898,1898.634982,102,154,256
138,26.7045988,533.3179296,7.420289855,-0.085125653,8.292445,1144.35741,53,85,138
255,40.2124117,1656.751362,9.415686275,0,7.402576702,1887.657059,103,152,255
109,22.81835497,310.2458906,8.816513761,0,8.089,881.701,39,70,109
134,26.18604233,580.3921322,4.298507463,-0.086386843,8.398647,1125.418698,55,79,134
185,32.46742298,1165.668235,2.383783784,0,7.786933,1440.582605,82,103,185
145,27.60018553,841.7104857,0.834482759,0,8.0485792,1167.043984,67,78,145
83,19.02766054,288.853642,1.457831325,0,8.6957295,721.7455485,36,47,83
135,26.31615964,761.414219,0.6,0,8.107,1094.445,63,72,135
170,30.6878136,750.9488505,9.411764706,-0.076696499,8.047,1367.99,65,105,170
68,16.65990837,198.9389058,1.470588235,-0.121267813,8.7018913,591.7286084,29,39,68
6,3.301927249,0,2.666666667,-0.40824829,0.9616395,5.769837,1,5,6
279,42.6975349,1868.591043,11.64516129,0,7.216,2013.264,111,168,279
74,17.62602898,180.0713231,4.378378378,0.116247639,8.433,624.042,28,46,74
224,36.88349034,1203.653189,12.07142857,0.06681531,7.670751402,1718.248314,86,138,224
133,26.05560093,519.5447645,6.323308271,0,8.389025504,1115.740392,52,81,133
112,23.23514293,410.764134,4.321428571,-0.094491118,8.4688666,948.5130592,45,67,112
246,39.26058243,1548.399068,9.365853659,-0.063757671,7.480784898,1840.273085,99,147,246
282,43.0030645,1929.953136,11.12056738,-0.059549133,7.177,2023.914,113,169,282
131,25.79373283,425.695041,10.45038168,0,8.102,1061.362,47,84,131
145,27.60018553,673.8252192,4.310344828,0,8.309188303,1204.832304,60,85,145
108,22.6785789,600.9823408,0,0.096225045,8.0748886,872.0879688,54,54,108
251,39.79078261,1506.976811,12.05179283,0,7.470501398,1875.095851,98,153,251
133,26.05560093,499.5622735,7.22556391,0,8.364730203,1112.509117,51,82,133
154,28.73076218,776.1037056,3.74025974,-0.080582296,8.196669701,1262.287134,65,89,154
72,17.30699484,302.8724098,0,0.11785113,8.4293193,606.9109896,36,36,72
76,17.94220144,349.872928,0.052631579,-0.114707867,8.173,621.148,39,37,76
114,23.510935,612.5217277,0.140350877,-0.093658581,8.1735711,931.7871054,55,59,114
45,12.65148998,168.6865331,0.555555556,0,7.747,348.615,25,20,45
69,16.82284308,241.8588454,0.362318841,0,8.680964,598.986516,32,37,69
125,25,684.4,0.392,0,8.167,1020.875,59,66,125
126,25.13315618,659.4461456,0.793650794,0.089087081,8.273258103,1042.430521,58,68,126
75,17.78446652,315.8521254,0.013333333,0,8.4482762,633.620715,37,38,75
112,23.23514293,392.5079503,5.142857143,0.094491118,8.4392431,945.1952272,44,68,112
146,27.72693752,865.2323792,0.684931507,0.082760589,8.010512699,1169.534854,68,78,146
91,20.23147725,346.8253242,1.32967033,0,8.6933149,791.0916559,40,51,91
202,34.42713741,1304.822594,3.346534653,0.070359754,7.685568401,1552.484817,88,114,202
199,34.08542533,1194.188871,4.829145729,0,7.817658201,1555.713982,84,115,199
114,23.510935,390.1990266,5.929824561,0.093658581,8.3853351,955.9282014,44,70,114
122,24.59838269,643.5904717,0.524590164,-0.090535746,8.235,1004.67,57,65,122
124,24.86648825,686.2348613,0.290322581,-0.089802651,8.128,1007.872,59,65,124
169,30.56735094,950.6627014,3.130177515,0,8.030957698,1357.231851,73,96,169
124,24.86648825,491.3136792,4.64516129,0.089802651,8.467399702,1049.957563,50,74,124
156,28.97897803,725.5890268,5.769230769,-0.080064077,8.204619199,1279.920595,63,93,156
127,25.26596057,612.7492799,1.771653543,0,8.378456,1064.063912,56,71,127
138,26.7045988,755.8562529,1.043478261,-0.085125653,8.161621101,1126.303712,63,75,138
119,24.19345952,626.1836581,0.411764706,0,8.2459287,981.2655153,56,63,119
255,40.2124117,1561.187748,11.8627451,0,7.435886,1896.15093,100,155,255
264,41.15310591,1801.383682,8.727272727,0.061545745,7.298376201,1926.771317,108,156,264
133,26.05560093,560.685187,4.69924812,0,8.412647699,1118.882144,54,79,133
274,42.1858731,1879.888724,9.868613139,-0.060412209,7.227,1980.198,111,163,274
80,18.56635533,326.303695,0.2,0.111803399,8.5785966,686.287728,38,42,80
198,33.97114045,977.9570735,10.68686869,0.071066905,7.89,1562.22,76,122,198
230,37.53921823,1249.566325,12.67826087,0.065938047,7.6219144,1753.040312,88,142,230
130,25.66229944,564.9653923,3.723076923,0.087705802,8.4377314,1096.905082,54,76,130
191,33.16568041,1042.895689,6.413612565,0,7.938727901,1516.297029,78,113,191
202,34.42713741,1188.247535,5.722772277,0.070359754,7.834805302,1582.630671,84,118,202
193,33.3968013,1093.615462,5.642487047,0,7.907973,1526.238789,80,113,193
143,27.34580368,676.9520632,3.699300699,0,8.330489301,1191.25997,60,83,143
241,38.72677762,1345.313619,13.4813278,0,7.539,1816.899,92,149,241
141,27.09023309,774.6653887,1.19858156,0,8.164609,1151.209869,64,77,141
105,22.25663649,382.8141477,3.438095238,0,8.5346074,896.133777,43,62,105
194,33.51206219,1233.382083,2.969072165,-0.071795816,7.732230402,1500.052698,85,109,194
102,21.83065575,285.0826809,7.68627451,-0.099014754,8.1527443,831.5799186,37,65,102
67,16.49617297,124.5830377,6.582089552,0,7.829,524.543,23,44,67
139,26.83345121,492.2683496,9.848920863,0,8.144,1132.016,51,88,139
207,34.99292374,1207.002297,6.61352657,0,7.8139653,1617.490817,85,122,207
251,39.79078261,1601.143045,9.565737052,0,7.441900502,1867.917026,101,150,251
186,32.58431755,1025.179711,5.505376344,-0.073323558,7.958047301,1480.196798,77,109,186
141,27.09023309,726.6330605,2.04964539,0,8.265846,1165.484286,62,79,141
150,28.23108087,644.0450582,6.826666667,-0.081649658,8.2189316,1232.83974,59,91,150
20,7.368062997,48.62921578,0.8,0.223606798,6.7280252,134.560504,12,8,20
95,20.82008046,324.7932552,3.042105263,0,8.6049644,817.471618,39,56,95
62,15.66490599,205.1597366,0.258064516,-0.127000127,8.7180839,540.5212018,29,33,62
205,34.76716196,1071.846164,9.87804878,0,7.874732502,1614.320163,80,125,205
84,19.1801879,271.7193285,2.333333333,-0.109108945,8.6713294,728.3916696,35,49,84
125,25,616,1.352,0,8.3581784,1044.7723,56,69,125
219,36.33256645,1299.345482,7.675799087,0,7.7005489,1686.420209,89,130,219
147,27.85340046,670.7553579,4.959183673,0,8.283603599,1217.689729,60,87,147
98,21.2561228,304.9602925,4.93877551,0.101015254,8.4457385,827.682373,38,60,98
31,9.868272403,49.65969338,0.806451613,0,8.225518,254.991058,13,18,31
49,13.39051828,93.46035207,2.469387755,0,8.3722753,410.2414897,19,30,49
210,35.33020818,1090.189281,10.97142857,-0.069006556,7.813589,1640.85369,81,129,210
86,19.48343981,371.5446661,0.186046512,-0.107832773,8.5022231,731.1911866,41,45,86
48,13.207709,115.5674537,0.75,-0.144337567,8.6562097,415.4980656,21,27,48
209,35.21795959,1038.340033,12.44497608,0,7.786,1627.274,79,130,209
248,39.47308961,1451.591037,12.64516129,0.063500064,7.496729101,1859.188817,96,152,248
95,20.82008046,377.3913532,1.273684211,0,8.6487212,821.628514,42,53,95
203,34.54066479,1302.6765,3.591133005,0,7.689801502,1561.029705,88,115,203
130,25.66229944,408.622768,11.10769231,0.087705802,8.046,1045.98,46,84,130
195,33.6271252,1009.15865,8.620512821,0,7.924916,1545.35862,77,118,195
90,20.0829885,348.105134,1.111111111,0.105409255,8.7099699,783.897291,40,50,90
135,26.31615964,785.975968,0.362962963,0,8.028,1083.78,64,71,135
205,34.76716196,1018.593047,11.71219512,0,7.836,1606.38,78,127,205
150,28.23108087,600.7574008,8.64,-0.081649658,8.1494339,1222.415085,57,93,150
202,34.42713741,971.4588279,12.37623762,0.070359754,7.839,1583.478,76,126,202
164,29.96143192,907.9775405,2.951219512,-0.078086881,8.065804299,1322.791905,71,93,164
82,18.87451938,214.064671,4.87804878,-0.110431526,8.4210494,690.5260508,31,51,82
139,26.83345121,638.2114367,3.805755396,0,8.370466403,1163.49483,58,81,139
259,40.63184185,1553.109013,13.44015444,0,7.407,1918.413,100,159,259
63,15.83289626,116.1079059,5.73015873,0,7.891,497.133,22,41,63
237,38.29707136,1443.007794,9.320675105,0,7.561,1791.957,95,142,237
236,38.18926811,1475.788666,8.203389831,0.065094455,7.550309,1781.872924,96,140,236
224,36.88349034,1120.665336,15.01785714,-0.06681531,7.616,1705.984,83,141,224
80,18.56635533,343.9417326,0.05,-0.111803399,8.4542759,676.342072,39,41,80
151,28.35641334,557.7387259,11.13245033,0,8.013,1209.963,55,96,151
29,9.439130677,59.23868218,0.034482759,0,8.4486361,245.0104469,14,15,29
167,30.32571022,686.7774615,11.07185629,0,7.992,1334.664,62,105,167
235,38.08131249,1447.089875,8.617021277,0,7.5651582,1777.812177,95,140,235
162,29.71734524,649.3790256,10.88888889,0.07856742,8.022,1299.564,60,102,162
231,37.64794886,1247.760591,13.0952381,0,7.607841801,1757.411456,88,143,231
172,30.92803285,725.0106305,11.25581395,0.076249285,7.972,1371.184,64,108,172
149,28.10546957,911.0699196,0.543624161,0,7.927,1181.123,70,79,149
46,12.83823205,106.0549604,0.782608696,0.147441956,8.6689848,398.7733008,20,26,46
178,31.64317125,1095.422591,2.247191011,-0.074953169,7.849394601,1397.192239,79,99,178
51,13.75245135,175.2763408,0.019607843,0,8.4604977,431.4853827,26,25,51
138,26.7045988,708.2524028,1.855072464,-0.085125653,8.268355797,1141.0331,61,77,138
47,13.02362568,116.3813358,0.531914894,0,8.6650958,407.2595026,21,26,47
196,33.7419917,1171.673446,4.591836735,-0.071428571,7.831900898,1535.052576,83,113,196
132,25.9248322,424.6173275,10.93939394,-0.087038828,8.053,1062.996,47,85,132
103,21.97310764,422.3956614,1.640776699,0,8.5841927,884.1718481,45,58,103
238,38.40472309,1410.647434,10.50420168,0.064820372,7.568361101,1801.269942,94,144,238
124,24.86648825,511.3672988,3.903225806,-0.089802651,8.456151702,1048.562811,51,73,124
198,33.97114045,1004.035929,9.777777778,-0.071066905,7.897,1563.606,77,121,198
155,28.85500355,750.602415,4.703225806,0,8.213254103,1273.054386,64,91,155
103,21.97310764,367.3562267,3.504854369,0,8.5382672,879.4415216,42,61,103
118,24.05773139,583.5019257,0.847457627,0.092057462,8.3749819,988.2478642,54,64,118
191,33.16568041,1153.332195,3.816753927,0,7.841678199,1497.760536,82,109,191
13,5.528774814,12.75871111,0.076923077,0,7.4698495,97.1080435,6,7,13
158,29.22613535,842.7485612,3.063291139,0.079555728,8.147927,1287.372466,68,90,158
107,22.53837074,537.1293962,0.23364486,0,8.3587344,894.3845808,51,56,107
236,38.18926811,1296.169651,13.28813559,0.065094455,7.576968801,1788.164637,90,146,236
60,15.32618865,118.0116526,4.266666667,0.129099445,8.1527858,489.167148,22,38,60
49,13.39051828,177.6293241,0.183673469,0,8.1613121,399.9042929,26,23,49
176,31.40569764,1156.300686,1.113636364,-0.075377836,7.707938301,1356.597141,81,95,176
77,18.09924602,279.7156204,0.636363636,0,8.6668073,667.3441621,35,42,77
171,30.80804029,726.4211606,10.8128655,0,7.99,1366.29,64,107,171
83,19.02766054,199.4465623,6.373493976,0,8.226,682.758,30,53,83
101,21.68773756,301.9104852,6.188118812,0,8.3247411,840.7988511,38,63,101
85,19.33211117,319.7758623,0.952941176,0,8.6757193,737.4361405,38,47,85
46,12.83823205,167.4552006,0.347826087,-0.147441956,7.9160805,364.139703,25,21,46
203,34.54066479,1075.354687,9.108374384,0,7.887482798,1601.159008,80,123,203
175,31.28662373,992.232924,3.571428571,0,7.9948168,1399.09294,75,100,175
101,21.68773756,270.5598943,8.326732673,0,8.075,815.575,36,65,101
113,23.37324236,570.0589021,0.433628319,0,8.3337528,941.7140664,53,60,113
56,14.63722284,109.7791713,3.5,-0.133630621,8.2335781,461.0803736,21,35,56
85,19.33211117,410.7505031,0.011764706,0,8.215,698.275,43,42,85
176,31.40569764,1071.719432,2.272727273,0.075377836,7.888993398,1388.462838,78,98,176
93,20.52683379,380.077503,0.870967742,0,8.6514095,804.5810835,42,51,93
153,28.60625159,777.7908928,3.45751634,0,8.205050399,1255.372711,65,88,153
32,10.0793684,96.38396032,0.5,0.176776695,7.7000089,246.4002848,18,14,32
26,8.776382955,37.13085096,0.615384615,-0.196116135,8.0042013,208.1092338,11,15,26
132,25.9248322,461.9333738,8.757575758,-0.087038828,8.253716197,1089.490538,49,83,132
208,35.10553182,1292.153614,4.923076923,0.069337525,7.732017702,1608.259682,88,120,208
261,40.84074649,1774.772976,8.463601533,0,7.317331299,1909.823469,107,154,261
72,17.30699484,209.1261877,2,0.11785113,8.6918053,625.8099816,30,42,72
128,25.39841683,428.9951343,9.03125,-0.088388348,8.211,1051.008,47,81,128
103,21.97310764,332.7965817,5.13592233,0,8.4258337,867.8608711,40,63,103
192,33.28134117,1068.123043,6.020833333,-0.072168784,7.920103302,1520.659834,79,113,192
96,20.96593115,307.0635334,4.166666667,0.102062073,8.5212041,818.0355936,38,58,96
232,37.75652271,1422.704834,8.344827586,0.065653216,7.588983901,1760.644265,94,138,232
130,25.66229944,607.9990944,2.492307692,0.087705802,8.405513,1092.71669,56,74,130
152,28.48146944,803.8519992,2.631578947,0.081110711,8.192917099,1245.323399,66,86,152
241,38.72677762,1496.364121,9.165975104,0,7.524,1813.284,97,144,241
260,40.73636112,1678.338078,10.4,0.062017367,7.377,1918.02,104,156,260
12,5.241482788,24.46025301,1.333333333,0.288675135,4.8819755,58.583706,8,4,12
80,18.56635533,201.9091143,5,0.111803399,8.4235457,673.883656,30,50,80
187,32.70100282,970.5377841,7.320855615,0,7.977951898,1491.877005,75,112,187
123,24.73261712,512.7493793,3.585365854,0,8.472319602,1042.095311,51,72,123
225,36.99318111,1346.551793,8.217777778,0,7.6466504,1720.49634,91,134,225
124,24.86648825,379.4144821,10.4516129,0.089802651,8.065,1000.06,44,80,124
164,29.96143192,933.9197559,2.43902439,0.078086881,8.043814201,1319.185529,72,92,164
116,23.78511887,482.2637894,2.793103448,-0.092847669,8.5016177,986.1876532,49,67,116
219,36.33256645,1270.146707,8.442922374,0,7.714056,1689.378264,88,131,219
198,33.97114045,1283.697338,2.909090909,-0.071066905,7.679187298,1520.479085,87,111,198
208,35.10553182,1093.672338,10.17307692,-0.069337525,7.8471835,1632.214168,81,127,208
160,29.47225199,941.6384511,1.6,0.079056942,8.0063791,1281.020656,72,88,160
34,10.49508462,56.17957063,1.058823529,0.171498585,8.3371659,283.4636406,14,20,34
157,29.10268788,724.0452156,6.121019108,0,8.199797503,1287.368208,63,94,157
181,31.99772119,1145.553775,1.994475138,0,7.791918298,1410.337212,81,100,181
65,16.16623563,231.3015251,0.138461538,0,8.6621601,563.0404065,31,34,65
180,31.87975708,855.4401482,8.888888889,0.074535599,8.016,1442.88,70,110,180
112,23.23514293,508.2687517,1.285714286,0.094491118,8.5136189,953.5253168,50,62,112
168,30.44665044,952.5452068,2.880952381,-0.077151675,8.019428702,1347.264022,73,95,168
217,36.11102555,1362.899997,5.64516129,0,7.664643802,1663.227705,91,126,217
160,29.47225199,652.0735753,10,0.079056942,8.0699662,1291.194592,60,100,160
71,17.14637163,169.5317308,4.070422535,0,8.3987344,596.3101424,27,44,71
246,39.26058243,1395.187039,13.67479675,0.063757671,7.506540102,1846.608865,94,152,246
126,25.13315618,570.8816905,2.571428571,0.089087081,8.4435375,1063.885725,54,72,126
214,35.77743342,1279.962758,6.747663551,0.068358593,7.749171902,1658.322787,88,126,214
114,23.510935,355.1388603,7.894736842,0.093658581,8.219,936.966,42,72,114
149,28.10546957,623.6018953,7.308724832,0,8.214229403,1223.920181,58,91,149
64,16,150,3.0625,-0.125,8.4374175,539.99472,25,39,64
267,41.46428436,1761.377952,10.52059925,0,7.313,1952.571,107,160,267
201,34.31342254,1106.223771,7.567164179,0,7.891271701,1586.145612,81,120,201
225,36.99318111,1201.867351,12.48444444,0,7.654358102,1722.230573,86,139,225
35,10.69987481,33.62817796,4.828571429,0,6.745,236.075,11,24,35
145,27.60018553,791.8398057,1.551724138,0,8.178539703,1185.888257,65,80,145
97,21.11127629,511.8940395,0.010309278,0,8.165,792.005,49,48,97
202,34.42713741,1023.610828,10.47524752,0.070359754,7.881560901,1592.075302,78,124,202
158,29.22613535,654.8134124,9.139240506,0.079555728,8.114952899,1282.162558,60,98,158
192,33.28134117,1208.528701,3,0.072168784,7.771054198,1492.042406,84,108,192
98,21.2561228,410.3733096,1.020408163,0.101015254,8.620314,844.790772,44,54,98
55,14.46244742,133.0545163,1.472727273,0,8.6373391,475.0536505,23,32,55
217,36.11102555,1078.338459,13.94009217,0,7.693,1669.381,81,136,217
76,17.94220144,219.555886,2.578947368,-0.114707867,8.6245272,655.4640672,31,45,76
172,30.92803285,971.3560084,3.348837209,0.076249285,8.020175698,1379.47022,74,98,172
7,3.65930571,6.273095503,0.142857143,0,5.3715487,37.6008409,4,3,7
53,14.10968267,146.9536761,0.471698113,0,8.7602103,464.2911459,24,29,53
108,22.6785789,556.8851041,0.148148148,0.096225045,8.3037221,896.8019868,52,56,108
172,30.92803285,819.2332422,7.534883721,0.076249285,8.090405198,1391.549694,68,104,172
90,20.0829885,313.7409093,2.177777778,0.105409255,8.6960043,782.640387,38,52,90
111,23.09663188,341.2475341,7.576576577,0,8.223,912.753,41,70,111
187,32.70100282,1219.205303,1.930481283,0,7.704788898,1440.795524,84,103,187
215,35.88880298,1367.113006,5.065116279,0,7.657373302,1646.33526,91,124,215
126,25.13315618,592.4243958,2.031746032,-0.089087081,8.399267302,1058.30768,55,71,126
177,31.52454625,835.6676328,8.593220339,0,8.035,1422.195,69,108,177
78,18.25561221,217.6630687,3.282051282,-0.113227703,8.5771043,669.0141354,31,47,78
137,26.57543476,514.438343,7.948905109,0,8.280235701,1134.392291,52,85,137
24,8.320335292,24.96100588,1.5,-0.204124145,7.4635831,179.1259944,9,15,24
217,36.11102555,1274.03692,7.746543779,0,7.726912198,1676.739947,88,129,217
242,38.83383169,1402.832052,12.04958678,0.064282435,7.541328401,1825.001473,94,148,242
161,29.59492548,764.6887576,5.968944099,0,8.174480901,1316.091425,65,96,161
127,25.26596057,680.7883233,0.637795276,0,8.216,1043.432,59,68,127
43,12.27379797,131.8719689,0.023255814,0,8.3528054,359.1706322,22,21,43
111,23.09663188,358.3099108,6.567567568,0,8.3152932,922.9975452,42,69,111
56,14.63722284,212.2397312,0.071428571,-0.133630621,8.3559907,467.9354792,29,27,56
164,29.96143192,713.5936163,8.804878049,-0.078086881,8.095368598,1327.64045,63,101,164
137,26.57543476,757.6908626,0.883211679,0,8.150573803,1116.628611,63,74,137
235,38.08131249,1477.879021,7.868085106,0,7.547,1773.545,96,139,235
101,21.68773756,318.2299709,5.237623762,0,8.4133305,849.7463805,39,62,101
101,21.68773756,387.8025151,2.227722772,0,8.5931366,867.9067966,43,58,101
115,23.64822562,371.3799606,7.313043478,0,8.264,950.36,43,72,115
86,19.48343981,239.2385167,4.651162791,-0.107832773,8.4567215,727.278049,33,53,86
243,38.9407384,1341.6126,14.32510288,0,7.518,1826.874,92,151,243
