Z,A,N,N/Z,Pairing Term,Dist From Magic Numbers,BE/A,BE
22,49,27,1.227272727,0,2,8.7111625,426.8469625
22,42,20,0.909090909,1,2,8.25924,346.88808
68,177,109,1.602941176,0,14,8.013,1418.301
103,253,150,1.45631068,0,21,7.402918,1872.938254
79,188,109,1.379746835,-1,3,7.914753702,1487.973696
108,266,158,1.462962963,1,18,7.298261102,1941.337453
77,181,104,1.350649351,0,5,7.956524199,1440.13088
47,115,68,1.446808511,0,3,8.4905553,976.4138595
93,240,147,1.580645161,-1,11,7.5501743,1812.041832
28,79,51,1.821428571,0,0,8.15,643.85
62,135,73,1.177419355,0,12,8.177627,1103.979645
24,63,39,1.625,0,4,8.3475398,525.8950074
101,244,143,1.415841584,-1,19,7.438,1814.872
80,191,111,1.3875,0,2,7.903800199,1509.625838
13,24,11,0.846153846,-1,5,7.6495806,183.5899344
107,266,159,1.485981308,-1,19,7.313,1945.258
41,100,59,1.43902439,-1,9,8.5484683,854.84683
93,228,135,1.451612903,-1,11,7.604,1733.712
52,114,62,1.192307692,1,2,8.4327885,961.337889
75,160,85,1.133333333,-1,7,7.81,1249.6
42,115,73,1.738095238,0,8,8.173,939.895
17,39,22,1.294117647,0,3,8.4944032,331.2817248
80,178,98,1.225,1,2,7.811360702,1390.422205
29,72,43,1.482758621,-1,1,8.5865256,618.2298432
99,242,143,1.444444444,-1,17,7.483,1810.886
95,229,134,1.410526316,0,13,7.562569699,1731.828461
40,95,55,1.375,0,10,8.6435924,821.141278
71,182,111,1.563380282,-1,11,7.996,1455.272
88,211,123,1.397727273,0,6,7.741088701,1633.369716
81,182,101,1.24691358,-1,1,7.796357099,1418.936992
64,154,90,1.40625,1,14,8.224799597,1266.619138
70,183,113,1.614285714,0,12,7.963,1457.229
54,138,84,1.555555556,1,4,8.344691297,1151.567399
47,117,70,1.489361702,0,3,8.4594515,989.7558255
36,98,62,1.722222222,1,8,8.234,806.932
12,28,16,1.333333333,1,4,8.2724531,231.6286868
101,247,146,1.445544554,0,19,7.444,1838.668
102,258,156,1.529411765,1,20,7.407,1911.006
65,142,77,1.184615385,-1,15,8.111508,1151.834136
69,164,95,1.376811594,-1,13,8.119653402,1331.623158
84,208,124,1.476190476,1,2,7.839356798,1630.586214
61,140,79,1.295081967,-1,11,8.2890958,1160.473412
62,140,78,1.258064516,1,12,8.2638211,1156.934954
6,15,9,1.5,0,2,7.1001696,106.502544
45,98,53,1.177777778,-1,5,8.5608038,838.9587724
37,98,61,1.648648649,-1,9,8.3307294,816.4114812
61,163,102,1.672131148,0,11,8.042,1310.846
87,226,139,1.597701149,-1,5,7.648376801,1728.533157
90,214,124,1.377777778,1,8,7.692317299,1646.155902
45,123,78,1.733333333,0,5,8.185,1006.755
11,29,18,1.636363636,0,3,7.6821522,222.7824138
57,154,97,1.701754386,-1,7,8.051,1239.854
92,219,127,1.380434783,0,10,7.636286699,1672.346787
18,38,20,1.111111111,1,2,8.6142807,327.3426666
27,65,38,1.407407407,0,1,8.6568848,562.697512
81,189,108,1.333333333,0,1,7.866270402,1486.725106
106,263,157,1.481132075,0,20,7.337,1929.631
9,13,4,0.444444444,0,1,4.297,55.861
33,80,47,1.424242424,-1,5,8.6512824,692.102592
20,39,19,0.95,0,0,8.3696711,326.4171729
27,53,26,0.962962963,0,1,8.4776578,449.3158634
72,174,102,1.416666667,1,10,8.068534098,1403.924933
5,12,7,1.4,-1,3,6.6312237,79.5746844
52,143,91,1.75,0,2,8.07,1154.01
17,42,25,1.470588235,-1,3,8.3458864,350.5272288
83,197,114,1.373493976,0,1,7.841634802,1544.802056
48,123,75,1.5625,0,2,8.395395504,1032.633647
66,176,110,1.666666667,1,16,7.969,1402.544
62,165,103,1.661290323,0,12,8.041,1326.765
21,41,20,0.952380952,0,1,8.3691979,343.1371139
30,55,25,0.833333333,0,2,7.904,434.72
20,36,16,0.8,1,0,7.8158799,281.3716764
81,215,134,1.654320988,0,1,7.73,1661.95
45,107,62,1.377777778,0,5,8.554104,915.289128
63,168,105,1.666666667,-1,13,8.012,1346.016
55,124,69,1.254545455,-1,5,8.383511403,1039.555414
72,162,90,1.25,1,10,8.027117099,1300.39297
30,79,49,1.633333333,0,2,8.4505825,667.5960175
18,37,19,1.055555556,0,2,8.5271406,315.5042022
34,79,45,1.323529412,0,6,8.6955923,686.9517917
79,198,119,1.506329114,-1,3,7.9085675,1565.896365
115,287,172,1.495652174,0,11,7.139,2048.893
54,121,67,1.240740741,0,4,8.403832603,1016.863745
80,179,99,1.2375,0,2,7.816263101,1399.111095
63,155,92,1.46031746,0,13,8.216676,1273.58478
20,37,17,0.85,0,0,8.0034567,296.1278979
111,272,161,1.45045045,-1,15,7.227,1965.744
33,79,46,1.393939394,0,5,8.6766172,685.4527588
36,77,41,1.138888889,0,8,8.616837,663.496449
16,27,11,0.6875,0,4,6.96,187.92
76,194,118,1.552631579,1,6,7.932023201,1538.812501
4,8,4,1,1,2,7.0624356,56.4994848
29,61,32,1.103448276,0,1,8.7155148,531.6464028
15,33,18,1.2,0,5,8.5138073,280.9556409
70,185,115,1.642857143,0,12,7.929,1466.865
53,132,79,1.490566038,-1,3,8.406462803,1109.65309
104,255,151,1.451923077,0,22,7.382,1882.41
77,166,89,1.155844156,-1,5,7.789,1292.974
96,234,138,1.4375,1,14,7.550686799,1766.860711
96,251,155,1.614583333,0,14,7.466723299,1874.147548
102,260,158,1.549019608,1,20,7.397,1923.22
114,290,176,1.543859649,1,12,7.147,2072.63
70,153,83,1.185714286,0,12,8.022,1227.366
39,99,60,1.538461538,0,11,8.4766938,839.1926862
66,154,88,1.333333333,1,16,8.1931305,1261.742097
89,220,131,1.471910112,-1,7,7.6923515,1692.31733
85,196,111,1.305882353,-1,3,7.752000102,1519.39202
39,81,42,1.076923077,0,11,8.5059031,688.9781511
39,102,63,1.615384615,-1,11,8.3719172,853.9355544
5,13,8,1.6,0,3,6.4964194,84.4534522
32,89,57,1.78125,0,4,8.161,726.329
65,140,75,1.153846154,-1,15,8.0686732,1129.614248
34,69,35,1.029411765,0,6,8.5037082,586.7558658
53,118,65,1.226415094,-1,3,8.4061203,991.9221954
2,8,6,3,1,0,3.924521,31.396168
58,154,96,1.655172414,1,8,8.116,1249.864
22,41,19,0.863636364,0,2,8.0343889,329.4099449
74,194,120,1.621621622,1,8,7.899,1532.406
26,61,35,1.346153846,0,2,8.7037686,530.9298846
29,53,24,0.827586207,0,1,7.891,418.223
85,209,124,1.458823529,0,3,7.814783502,1633.289752
52,124,72,1.384615385,1,2,8.4732705,1050.685542
49,106,57,1.163265306,-1,1,8.4701213,897.8328578
35,94,59,1.685714286,-1,7,8.287,778.978
104,265,161,1.548076923,0,22,7.354,1948.81
63,154,91,1.444444444,-1,13,8.217100597,1265.433492
45,114,69,1.533333333,-1,5,8.4266221,960.6349194
31,59,28,0.903225806,0,3,8.232,485.688
23,56,33,1.434782609,-1,3,8.5747006,480.1832336
62,162,100,1.612903226,1,12,8.1075745,1313.427069
32,61,29,0.90625,0,4,8.215,501.115
78,175,97,1.243589744,0,4,7.8695216,1377.16628
26,67,41,1.576923077,0,2,8.4499359,566.1457053
6,19,13,2.166666667,0,2,6.118274,116.247206
9,31,22,2.444444444,0,1,6.011,186.341
60,136,76,1.266666667,1,10,8.308512699,1129.957727
14,22,8,0.571428571,1,6,6.044,132.968
79,174,95,1.202531646,-1,3,7.797,1356.678
66,168,102,1.545454545,1,16,8.112529298,1362.904922
63,141,78,1.238095238,0,13,8.217685298,1158.693627
58,124,66,1.137931034,1,8,8.229,1020.396
56,136,80,1.428571429,1,6,8.402756603,1142.774898
88,226,138,1.568181818,1,6,7.661963602,1731.603774
56,145,89,1.589285714,0,6,8.234799103,1194.04587
81,179,98,1.209876543,0,1,7.763494201,1389.665462
16,45,29,1.8125,0,4,7.867,354.015
39,105,66,1.692307692,0,11,8.262,867.51
46,106,60,1.304347826,1,4,8.5799934,909.4793004
38,103,65,1.710526316,0,10,8.242,848.926
45,100,55,1.222222222,-1,5,8.5751732,857.51732
26,68,42,1.615384615,1,2,8.418,572.424
12,32,20,1.666666667,1,4,7.8038411,249.7229152
46,93,47,1.02173913,0,4,8.3185637,773.6264241
59,121,62,1.050847458,0,9,8.033,971.993
23,49,26,1.130434783,0,3,8.6829135,425.4627615
34,89,55,1.617647059,0,6,8.4352799,750.7399111
86,219,133,1.546511628,0,4,7.723778402,1691.50747
38,81,43,1.131578947,0,10,8.5873545,695.5757145
46,123,77,1.673913043,0,4,8.270031797,1017.213911
90,217,127,1.411111111,0,8,7.690594502,1668.859007
12,26,14,1.166666667,1,4,8.3338711,216.6806486
39,98,59,1.512820513,-1,11,8.4976162,832.7663876
13,29,16,1.230769231,0,5,8.3484647,242.1054763
58,146,88,1.517241379,1,8,8.278508103,1208.662183
20,41,21,1.05,0,0,8.5467075,350.4150075
20,34,14,0.7,1,0,7.173,243.882
87,222,135,1.551724138,-1,5,7.690947401,1707.390323
24,49,25,1.041666667,0,4,8.6132777,422.0506073
68,173,105,1.544117647,0,14,8.074,1396.802
27,63,36,1.333333333,0,1,8.7177972,549.2212236
23,60,37,1.608695652,-1,3,8.3228751,499.372506
115,290,175,1.52173913,-1,11,7.131,2067.99
50,101,51,1.02,0,0,8.281103,836.391403
110,282,172,1.563636364,1,16,7.217,2035.194
89,213,124,1.393258427,0,7,7.715590798,1643.42084
42,86,44,1.047619048,1,8,8.4347175,725.385705
20,58,38,1.9,1,0,7.828,454.024
8,19,11,1.375,0,0,7.5664952,143.7634088
44,108,64,1.454545455,1,6,8.5272267,920.9404836
25,69,44,1.76,0,3,8.155,562.695
64,168,104,1.625,1,14,8.06,1354.08
104,253,149,1.432692308,0,22,7.38,1867.14
70,182,112,1.6,1,12,7.984,1453.088
116,292,176,1.517241379,1,10,7.116,2077.872
52,134,82,1.576923077,1,2,8.383644201,1123.408323
45,118,73,1.622222222,-1,5,8.3228539,982.0967602
31,69,38,1.225806452,0,3,8.7245798,601.9960062
34,93,59,1.735294118,0,6,8.225,764.925
52,127,75,1.442307692,0,2,8.446109,1072.655843
4,14,10,2.5,1,2,4.9938973,69.9145622
59,160,101,1.711864407,-1,9,8.009,1281.44
95,242,147,1.547368421,-1,13,7.534991698,1823.467991
12,19,7,0.583333333,0,4,5.9014992,112.1284848
69,169,100,1.449275362,0,13,8.114470201,1371.345464
75,189,114,1.52,0,7,7.961810503,1504.782185
53,131,78,1.471698113,0,3,8.422297702,1103.320999
52,109,57,1.096153846,0,2,8.3193305,906.8070245
74,196,122,1.648648649,1,8,7.872,1542.912
89,206,117,1.314606742,-1,7,7.667853801,1579.577883
50,104,54,1.08,1,0,8.3839114,871.9267856
15,44,29,1.933333333,-1,5,7.552,332.288
10,33,23,2.3,0,2,6.436,212.388
59,154,95,1.610169492,-1,9,8.147299403,1254.684108
59,134,75,1.271186441,-1,9,8.312881701,1113.926148
75,194,119,1.586666667,-1,7,7.909,1534.346
40,100,60,1.5,1,10,8.5221066,852.21066
100,242,142,1.42,1,18,7.465,1806.53
52,128,76,1.461538462,1,2,8.448753602,1081.440461
28,81,53,1.892857143,0,0,8,648
56,139,83,1.482142857,0,6,8.367019403,1163.015697
56,149,93,1.660714286,0,6,8.131849503,1211.645576
62,133,71,1.14516129,0,12,8.137,1082.221
77,169,92,1.194805195,0,5,7.845594402,1325.905454
77,179,102,1.324675325,0,5,7.947524799,1422.606939
24,55,31,1.291666667,0,4,8.7319362,480.256491
86,194,108,1.255813953,1,4,7.694996098,1492.829243
43,109,66,1.534883721,0,7,8.4441796,920.4155764
60,127,67,1.116666667,0,10,8.142,1034.034
49,118,69,1.408163265,-1,1,8.485667,1001.308706
49,112,63,1.285714286,-1,1,8.5146674,953.6427488
62,153,91,1.467741935,0,12,8.228537301,1258.966207
67,159,92,1.373134328,0,15,8.165106597,1298.251949
28,59,31,1.107142857,0,0,8.7365912,515.4588808
28,64,36,1.285714286,1,0,8.7774637,561.7576768
22,61,39,1.772727273,0,2,8.058,491.538
27,62,35,1.296296296,-1,1,8.7213347,540.7227514
40,110,70,1.75,1,10,8.171,898.81
42,100,58,1.380952381,1,8,8.6046626,860.46626
93,234,141,1.516129032,-1,11,7.589638201,1775.975339
29,81,52,1.793103448,0,1,8.185,662.985
101,253,152,1.504950495,0,19,7.438,1881.814
17,33,16,0.941176471,0,3,8.3047557,274.0569381
73,190,117,1.602739726,-1,9,7.922,1505.18
85,198,113,1.329411765,-1,3,7.769344601,1538.330231
85,204,119,1.4,-1,3,7.803552201,1591.924649
71,183,112,1.577464789,0,11,7.984812503,1461.220688
30,82,52,1.733333333,1,2,8.3011175,680.691635
42,101,59,1.404761905,0,8,8.5729159,865.8645059
32,85,53,1.65625,0,4,8.4017689,714.1503565
81,214,133,1.641975309,-1,1,7.745,1657.43
98,250,152,1.551020408,1,16,7.4799567,1869.989175
79,170,91,1.151898734,-1,3,7.73,1314.1
86,229,143,1.662790698,0,4,7.605622699,1741.687598
13,39,26,2,0,5,7.26,283.14
28,55,27,0.964285714,0,0,8.4973225,467.3527375
108,278,170,1.574074074,1,18,7.252,2016.056
13,28,15,1.153846154,-1,5,8.3098969,232.6771132
15,29,14,0.933333333,0,5,8.2512368,239.2858672
69,159,90,1.304347826,0,13,8.112754899,1289.928029
18,42,24,1.333333333,1,2,8.5556141,359.3357922
21,52,31,1.476190476,-1,1,8.5346695,443.802814
78,181,103,1.320512821,0,4,7.924127099,1434.267005
3,10,7,2.333333333,-1,1,4.5313512,45.313512
87,202,115,1.32183908,-1,5,7.7190125,1559.240525
83,186,103,1.240963855,-1,1,7.7391175,1439.475855
59,133,74,1.254237288,0,9,8.310258797,1105.26442
78,170,92,1.179487179,1,4,7.8082365,1327.400205
78,194,116,1.487179487,1,4,7.935942,1539.572748
11,25,14,1.272727273,0,3,8.1013979,202.5349475
24,62,38,1.583333333,1,4,8.4273871,522.4980002
47,108,61,1.29787234,-1,3,8.5420262,922.5388296
70,157,87,1.242857143,0,12,8.062755102,1265.852551
15,35,20,1.333333333,0,5,8.4462496,295.618736
62,136,74,1.193548387,1,12,8.2059165,1116.004644
53,129,76,1.433962264,0,3,8.435990798,1088.242813
90,223,133,1.477777778,0,8,7.668642601,1710.1073
56,121,65,1.160714286,0,6,8.293908298,1003.562904
27,54,27,1,-1,1,8.5692199,462.7378746
81,183,102,1.259259259,0,1,7.815674098,1430.26836
111,280,169,1.522522523,-1,15,7.212,2019.36
18,31,13,0.722222222,0,2,7.252,224.812
57,136,79,1.385964912,-1,7,8.376051199,1139.142963
54,111,57,1.055555556,0,4,8.182,908.202
43,86,43,1,-1,7,8.28,712.08
45,90,45,1,-1,5,8.254,742.86
56,126,70,1.25,1,6,8.379718698,1055.844556
34,67,33,0.970588235,0,6,8.3695344,560.7588048
48,102,54,1.125,1,2,8.4841322,865.3814844
2,6,4,2,1,0,4.8785199,29.2711194
72,157,85,1.180555556,0,10,7.96,1249.72
15,28,13,0.866666667,-1,5,7.9074842,221.4095576
61,129,68,1.114754098,0,11,8.114,1046.706
28,61,33,1.178571429,0,0,8.7650281,534.6667141
38,94,56,1.473684211,1,10,8.5938344,807.8204336
87,233,146,1.67816092,0,5,7.569239798,1763.632873
44,97,53,1.204545455,0,6,8.6042799,834.6151503
74,168,94,1.27027027,1,8,7.993932702,1342.980694
39,82,43,1.102564103,-1,11,8.5292762,699.4006484
51,120,69,1.352941176,-1,1,8.47563,1017.0756
72,169,97,1.347222222,0,10,8.061779101,1362.440668
46,124,78,1.695652174,1,4,8.252,1023.248
76,183,107,1.407894737,0,6,7.985008699,1461.256592
7,13,6,0.857142857,0,1,7.2388634,94.1052242
14,41,27,1.928571429,0,6,7.482,306.762
55,138,83,1.509090909,-1,5,8.360143703,1153.699831
98,246,148,1.510204082,1,16,7.499122,1844.784012
98,245,147,1.5,0,16,7.4996644,1837.417778
83,190,107,1.289156627,-1,1,7.7853239,1479.211541
84,214,130,1.547619048,1,2,7.785116299,1666.014888
69,147,78,1.130434783,0,13,7.948817803,1168.476217
21,38,17,0.80952381,-1,1,7.751,294.538
95,233,138,1.452631579,0,13,7.567,1763.111
42,113,71,1.69047619,0,8,8.246,931.798
53,135,82,1.547169811,0,3,8.384760904,1131.942722
37,84,47,1.27027027,-1,9,8.6762244,728.8028496
16,26,10,0.625,1,4,6.525,169.65
50,139,89,1.78,0,0,8.073,1122.147
15,37,22,1.466666667,0,5,8.2675561,305.8995757
34,86,52,1.529411765,1,6,8.5818224,738.0367264
39,106,67,1.717948718,-1,11,8.215,870.79
40,96,56,1.4,1,10,8.6353283,828.9915168
36,80,44,1.222222222,1,8,8.6929301,695.434408
45,109,64,1.422222222,0,5,8.5281404,929.5673036
64,156,92,1.4375,1,14,8.215325301,1281.590747
93,226,133,1.430107527,-1,11,7.604171398,1718.542736
66,143,77,1.166666667,0,16,8.075052699,1154.732536
8,17,9,1.125,0,0,7.7507291,131.7623947
43,92,49,1.139534884,-1,7,8.563544,787.846048
38,88,50,1.315789474,1,10,8.7325958,768.4684304
82,203,121,1.475609756,0,0,7.877397,1599.111591
79,173,94,1.189873418,0,3,7.788234798,1347.36462
61,148,87,1.426229508,-1,11,8.268228297,1223.697788
54,131,77,1.425925926,0,4,8.423736702,1103.509508
35,92,57,1.628571429,-1,7,8.3849123,771.4119316
35,80,45,1.285714286,-1,7,8.6776541,694.212328
12,22,10,0.833333333,1,4,7.6627645,168.580819
73,191,118,1.616438356,0,9,7.911,1511.001
45,96,51,1.133333333,-1,5,8.5346735,819.328656
85,218,133,1.564705882,-1,3,7.7291175,1684.947615
48,113,65,1.354166667,0,2,8.5269874,963.5495762
104,256,152,1.461538462,1,22,7.385434898,1890.671334
70,158,88,1.257142857,1,12,8.079199899,1276.513584
55,152,97,1.763636364,-1,5,7.98,1212.96
49,126,77,1.571428571,-1,1,8.384606698,1056.460444
20,47,27,1.35,0,0,8.6393548,406.0496756
54,139,85,1.574074074,0,4,8.311590403,1155.311066
8,20,12,1.5,1,0,7.5685707,151.371414
48,121,73,1.520833333,0,2,8.430997198,1020.150661
20,57,37,1.85,0,0,7.912,450.984
12,36,24,2,1,4,7.2444202,260.7991272
52,105,53,1.019230769,0,2,8.1868368,859.617864
80,184,104,1.3,1,2,7.874345402,1448.879554
74,174,100,1.351351351,1,8,8.027257201,1396.742753
64,159,95,1.484375,0,14,8.187617698,1301.831214
105,266,161,1.533333333,-1,21,7.339,1952.174
48,119,71,1.479166667,0,2,8.461438101,1006.911134
40,88,48,1.2,1,10,8.6660339,762.6109832
66,163,97,1.46969697,0,16,8.161784,1330.370792
69,166,97,1.405797101,-1,13,8.118935699,1347.743326
38,93,55,1.447368421,0,10,8.6127875,800.9892375
47,111,64,1.361702128,0,3,8.5347878,947.3614458
54,123,69,1.277777778,0,4,8.420923902,1035.77364
20,45,25,1.25,0,0,8.6305467,388.3746015
78,204,126,1.615384615,1,4,7.859,1603.236
10,15,5,0.5,0,2,4.8687285,73.0309275
79,175,96,1.215189873,0,3,7.817593903,1368.078933
88,204,116,1.318181818,1,6,7.704123799,1571.641255
14,31,17,1.214285714,0,6,8.4582916,262.2070396
49,129,80,1.632653061,0,1,8.338759,1075.699911
86,213,127,1.476744186,0,4,7.782182399,1657.604851
58,131,73,1.25862069,0,8,8.333396901,1091.674994
55,147,92,1.672727273,0,5,8.131801,1195.374747
26,73,47,1.807692308,0,2,8.121,592.833
101,248,147,1.455445545,-1,19,7.442,1845.616
23,44,21,0.913043478,-1,3,8.2034567,360.9520948
14,36,22,1.571428571,1,6,8.1125199,292.0507164
18,45,27,1.5,0,2,8.4199526,378.897867
61,131,70,1.147540984,0,11,8.163,1069.353
68,163,95,1.397058824,0,14,8.144740301,1327.592669
68,161,93,1.367647059,0,14,8.145862801,1311.483911
39,103,64,1.641025641,0,11,8.3426336,859.2912608
51,118,67,1.31372549,-1,1,8.478915602,1000.512041
26,52,26,1,1,2,8.6096079,447.6996108
21,57,36,1.714285714,0,1,8.1581666,465.0154962
24,48,24,1,1,4,8.5722553,411.4682544
101,252,151,1.495049505,-1,19,7.438444401,1874.487989
43,121,78,1.813953488,0,7,8.054,974.534
33,70,37,1.121212121,-1,5,8.6215541,603.508787
80,183,103,1.2875,0,2,7.859388503,1438.268096
50,127,77,1.54,0,0,8.420548197,1069.409621
60,142,82,1.366666667,1,10,8.346031,1185.136402
76,169,93,1.223684211,0,6,7.901286201,1335.317368
105,257,152,1.447619048,0,21,7.3619767,1892.028012
94,233,139,1.478723404,0,12,7.583796798,1767.024654
3,4,1,0.333333333,-1,1,1.1537603,4.6150412
40,85,45,1.125,0,10,8.5640394,727.943349
46,108,62,1.347826087,1,4,8.5670241,925.2386028
97,249,152,1.567010309,0,15,7.486041,1864.024209
82,178,96,1.170731707,1,0,7.690835899,1368.96879
54,129,75,1.388888889,0,4,8.431390403,1087.649362
25,52,27,1.08,-1,3,8.6704087,450.8612524
40,113,73,1.825,0,10,8.027,907.051
68,154,86,1.264705882,1,14,8.132391903,1252.388353
68,166,98,1.441176471,1,14,8.141947898,1351.563351
17,32,15,0.882352941,-1,3,8.0724058,258.3169856
26,63,37,1.423076923,0,2,8.6315499,543.7876437
17,46,29,1.705882353,-1,3,8.0807757,371.7156822
15,38,23,1.533333333,-1,5,8.1472749,309.5964462
82,189,107,1.304878049,0,0,7.826299899,1479.170681
75,178,103,1.373333333,-1,7,7.998157601,1423.672053
85,208,123,1.447058824,-1,3,7.811560399,1624.804563
30,56,26,0.866666667,1,2,8.106,453.936
83,187,104,1.253012048,0,1,7.758208299,1450.784952
13,25,12,0.923076923,0,5,8.0211366,200.528415
48,117,69,1.4375,0,2,8.488974,993.209958
86,198,112,1.302325581,1,4,7.7377245,1532.069451
14,44,30,2.142857143,1,6,7.156,314.864
44,125,81,1.840909091,0,6,8.023,1002.875
56,129,73,1.303571429,0,6,8.391081101,1082.449462
105,261,156,1.485714286,0,21,7.357,1920.177
33,82,49,1.484848485,-1,5,8.6114153,706.1360546
91,228,137,1.505494505,-1,9,7.632207601,1740.143333
4,9,5,1.25,0,2,6.4626693,58.1640237
13,27,14,1.076923077,0,5,8.3315533,224.9519391
36,78,42,1.166666667,1,8,8.6612385,675.576603
32,86,54,1.6875,1,4,8.35463,718.49818
76,177,101,1.328947368,0,6,7.972437102,1411.121367
15,34,19,1.266666667,-1,5,8.4481856,287.2383104
76,189,113,1.486842105,0,6,7.963002899,1505.007548
41,83,42,1.024390244,0,9,8.3789889,695.4560787
71,178,107,1.507042254,-1,11,8.042055399,1431.485861
75,162,87,1.16,-1,7,7.848,1271.376
56,140,84,1.5,1,6,8.35315,1169.441
41,84,43,1.048780488,-1,9,8.4179563,707.1083292
57,144,87,1.526315789,-1,7,8.281428299,1192.525675
63,140,77,1.222222222,-1,13,8.197733,1147.68262
25,51,26,1.04,0,3,8.6337602,440.3217702
73,194,121,1.657534247,-1,9,7.865,1525.81
46,109,63,1.369565217,0,4,8.5448825,931.3921925
81,192,111,1.37037037,-1,1,7.876016698,1512.195206
87,230,143,1.643678161,-1,5,7.6037052,1748.852196
32,71,39,1.21875,0,4,8.7033118,617.9351378
28,73,45,1.607142857,0,0,8.4576529,617.4086617
40,99,59,1.475,0,10,8.539225,845.383275
22,51,29,1.318181818,0,2,8.7089912,444.1585512
65,156,91,1.4,-1,15,8.1946415,1278.364074
77,205,128,1.662337662,0,5,7.805,1600.025
11,36,25,2.272727273,-1,3,6.557,236.052
115,288,173,1.504347826,-1,11,7.135,2054.88
57,123,66,1.157894737,0,7,8.267,1016.841
63,132,69,1.095238095,-1,13,8.018,1058.376
63,145,82,1.301587302,0,13,8.2692744,1199.044788
38,76,38,1,1,10,8.3939294,637.9386344
55,125,70,1.272727273,0,5,8.399803304,1049.975413
34,76,42,1.235294118,1,6,8.7114781,662.0723356
77,183,106,1.376623377,0,5,7.961817601,1457.012621
68,180,112,1.647058824,1,14,7.96,1432.8
74,195,121,1.635135135,0,8,7.881,1536.795
71,161,90,1.267605634,0,11,8.052782099,1296.497918
16,44,28,1.75,1,4,7.9960154,351.8246776
47,101,54,1.14893617,0,3,8.5125465,859.7671965
46,128,82,1.782608696,1,4,8.137,1041.536
13,42,29,2.230769231,-1,5,6.829,286.818
5,18,13,2.6,-1,3,4.9766306,89.5793508
102,248,146,1.431372549,1,20,7.424,1841.152
49,120,71,1.448979592,-1,1,8.4662575,1015.9509
21,49,28,1.333333333,0,1,8.6862805,425.6277445
86,200,114,1.325581395,1,4,7.7549111,1550.98222
93,239,146,1.569892473,0,11,7.560568,1806.975752
88,220,132,1.5,1,6,7.7116879,1696.571338
17,29,12,0.705882353,0,3,7.129,206.741
68,150,82,1.205882353,1,14,8.1021962,1215.32943
29,58,29,1,-1,1,8.5709696,497.1162368
82,192,110,1.341463415,1,0,7.854648198,1508.092454
44,102,58,1.318181818,1,6,8.6074275,877.957605
52,122,70,1.346153846,1,2,8.4781315,1034.332043
59,156,97,1.644067797,-1,9,8.105233699,1264.416457
58,121,63,1.086206897,0,8,8.132,983.972
32,81,49,1.53125,0,4,8.5806587,695.0333547
65,148,83,1.276923077,-1,15,8.204320703,1214.239464
63,169,106,1.682539683,0,13,7.991,1350.479
61,164,103,1.68852459,-1,11,8.014,1314.296
67,154,87,1.298507463,-1,15,8.1506825,1255.205105
16,37,21,1.3125,0,4,8.4599363,313.0176431
91,218,127,1.395604396,-1,9,7.6591935,1669.704183
51,136,85,1.666666667,-1,1,8.252253301,1122.306449
60,134,74,1.233333333,1,10,8.285539097,1110.262239
32,67,35,1.09375,0,4,8.6330884,578.4169228
55,139,84,1.527272727,0,5,8.342339698,1159.585218
80,186,106,1.325,1,2,7.8882605,1467.216453
12,27,15,1.25,0,4,8.2638525,223.1240175
43,95,52,1.209302326,0,7,8.6226911,819.1556545
64,164,100,1.5625,1,14,8.129997799,1333.319639
69,170,101,1.463768116,-1,13,8.1055144,1377.937448
67,156,89,1.328358209,-1,15,8.155428,1272.246768
36,76,40,1.111111111,1,8,8.6088077,654.2693852
27,66,39,1.444444444,-1,1,8.6059419,567.9921654
19,55,36,1.894736842,0,1,7.792,428.56
22,59,37,1.681818182,0,2,8.218,484.862
79,193,114,1.443037975,0,3,7.924164798,1529.363806
55,143,88,1.6,0,5,8.243670699,1178.84491
38,105,67,1.763157895,0,10,8.152,855.96
49,136,87,1.775510204,-1,1,8.091,1100.376
71,154,83,1.169014085,-1,11,7.968,1227.072
59,140,81,1.372881356,-1,9,8.3465163,1168.512282
64,138,74,1.15625,1,14,8.112,1119.456
95,240,145,1.526315789,-1,13,7.5470136,1811.283264
38,97,59,1.552631579,0,10,8.4718489,821.7693433
101,255,154,1.524752475,0,19,7.428733302,1894.326992
34,85,51,1.5,0,6,8.6103045,731.8758825
60,131,71,1.183333333,0,10,8.230304504,1078.16989
72,179,107,1.486111111,0,10,8.038547402,1438.899985
23,43,20,0.869565217,0,3,8.0695129,346.9890547
66,139,73,1.106060606,0,16,7.971,1107.969
67,144,77,1.149253731,-1,15,8.017097701,1154.462069
30,76,46,1.533333333,1,2,8.5822735,652.252786
78,193,115,1.474358974,0,4,7.933787503,1531.220988
79,195,116,1.46835443,0,3,7.9213778,1544.668671
68,176,108,1.588235294,1,14,8.034,1413.984
51,137,86,1.68627451,0,1,8.218476401,1125.931267
37,76,39,1.054054054,-1,9,8.4862161,644.9524236
85,227,142,1.670588235,0,3,7.613,1728.151
67,140,73,1.089552239,-1,15,7.906,1106.84
51,131,80,1.568627451,0,1,8.392552504,1099.424378
45,125,80,1.777777778,0,5,8.124,1015.5
24,43,19,0.791666667,0,4,7.68,330.24
92,225,133,1.445652174,0,10,7.629771702,1716.698633
31,60,29,0.935483871,-1,3,8.327,499.62
35,88,53,1.514285714,-1,7,8.5637479,753.6098152
79,190,111,1.405063291,-1,3,7.9188345,1504.578555
80,192,112,1.4,1,2,7.912066599,1519.116787
63,136,73,1.158730159,-1,13,8.122,1104.592
46,110,64,1.391304348,1,4,8.547163,940.18793
56,144,88,1.571428571,1,6,8.265454903,1190.225506
96,250,154,1.604166667,1,14,7.4789385,1869.734625
72,186,114,1.583333333,1,10,7.964303199,1481.360395
52,115,63,1.211538462,0,2,8.4311504,969.582296
41,89,48,1.170731707,0,9,8.6168184,766.8968376
39,85,46,1.179487179,0,11,8.6281486,733.392631
82,215,133,1.62195122,0,0,7.752738102,1666.838692
79,185,106,1.341772152,0,3,7.909441,1463.246585
50,108,58,1.16,1,0,8.4690273,914.6549484
3,8,5,1.666666667,-1,1,5.1597124,41.2776992
45,110,65,1.444444444,-1,5,8.5042551,935.468061
45,108,63,1.4,-1,5,8.5326657,921.5278956
37,92,55,1.486486486,-1,9,8.5694225,788.38687
30,81,51,1.7,0,2,8.3519262,676.5060222
70,155,85,1.214285714,0,12,8.0438234,1246.792627
56,131,75,1.339285714,0,6,8.398551099,1100.210194
8,14,6,0.75,1,0,7.0522783,98.7318962
58,137,79,1.362068966,0,8,8.367249701,1146.313209
81,177,96,1.185185185,0,1,7.732165503,1368.593294
46,131,85,1.847826087,0,4,7.993,1047.083
51,109,58,1.137254902,0,1,8.4048161,916.1249549
33,89,56,1.696969697,0,5,8.304,739.056
5,9,4,0.8,0,3,6.2570713,56.3136417
113,285,172,1.522123894,0,13,7.172,2044.02
89,236,147,1.651685393,-1,7,7.559242301,1783.981183
17,45,28,1.647058824,0,3,8.1815991,368.1719595
48,126,78,1.625,1,2,8.346739302,1051.689152
42,117,75,1.785714286,0,8,8.096,947.232
78,203,125,1.602564103,0,4,7.867,1597.001
68,160,92,1.352941176,1,14,8.1517217,1304.275472
37,90,53,1.432432432,-1,9,8.6315262,776.837358
83,214,131,1.578313253,-1,1,7.7734955,1663.528037
62,130,68,1.096774194,1,12,8.065,1048.45
76,203,127,1.671052632,0,6,7.814,1586.242
112,286,174,1.553571429,1,14,7.183,2054.338
85,202,117,1.376470588,-1,3,7.794563698,1574.501867
78,180,102,1.307692308,1,4,7.9235781,1426.244058
59,138,79,1.338983051,-1,9,8.3392195,1150.812291
24,61,37,1.541666667,0,4,8.4601734,516.0705774
17,30,13,0.764705882,-1,3,7.4721698,224.165094
93,243,150,1.612903226,0,11,7.526,1828.818
50,100,50,1,1,0,8.251626,825.1626
45,128,83,1.844444444,-1,5,8.01,1025.28
49,115,66,1.346938776,0,1,8.5165472,979.402928
15,42,27,1.8,-1,5,7.7659122,326.1683124
75,170,95,1.266666667,-1,7,7.955012,1352.35204
47,100,53,1.127659574,-1,3,8.4849947,848.49947
16,29,13,0.8125,0,4,7.7463826,224.6450954
49,102,53,1.081632653,-1,1,8.3885719,855.6343338
55,130,75,1.363636364,-1,5,8.4087848,1093.142024
55,113,58,1.054545455,0,5,8.148623,920.794399
45,119,74,1.644444444,0,5,8.3033953,988.1040407
18,47,29,1.611111111,0,2,8.311425,390.636975
70,174,104,1.485714286,1,12,8.083848098,1406.589569
74,179,105,1.418918919,0,8,8.023282101,1436.167496
66,145,79,1.196969697,0,16,8.1168884,1176.948818
38,89,51,1.342105263,0,10,8.705923,774.827147
35,72,37,1.057142857,-1,7,8.5113126,612.8145072
60,125,65,1.083333333,0,10,8.08,1010
58,123,65,1.120689655,0,8,8.193,1007.739
9,29,20,2.222222222,0,1,6.4440314,186.8769106
94,237,143,1.521276596,0,12,7.570759899,1794.270096
82,212,130,1.585365854,1,0,7.804320302,1654.515904
94,230,136,1.446808511,1,12,7.5910016,1745.930368
25,54,29,1.16,-1,3,8.7379768,471.8507472
46,117,71,1.543478261,0,4,8.4169243,984.7801431
47,99,52,1.106382979,0,3,8.4747744,839.0026656
92,231,139,1.510869565,0,10,7.6133879,1758.692605
62,134,72,1.161290323,1,12,8.167,1094.378
36,99,63,1.75,0,8,8.175,809.325
16,30,14,0.875,1,4,8.1227081,243.681243
27,59,32,1.185185185,0,1,8.7680379,517.3142361
41,107,66,1.609756098,0,9,8.3670898,895.2786086
77,177,100,1.298701299,0,5,7.934632802,1404.430006
27,67,40,1.481481481,0,1,8.5817422,574.9767274
64,157,93,1.453125,0,14,8.203507197,1287.95063
27,61,34,1.259259259,0,1,8.756151,534.125211
90,213,123,1.366666667,0,8,7.683847,1636.659411
88,222,134,1.522727273,1,6,7.696693099,1708.665868
51,105,54,1.058823529,0,1,8.3009923,871.6041915
50,115,65,1.3,0,0,8.5140702,979.118073
47,122,75,1.595744681,-1,3,8.352759098,1019.03661
60,128,68,1.133333333,1,10,8.177,1046.656
16,28,12,0.75,1,4,7.4787911,209.4061508
48,125,77,1.604166667,0,2,8.357681504,1044.710188
50,114,64,1.28,1,0,8.5225671,971.5726494
93,229,136,1.462365591,0,11,7.6059921,1741.772191
87,213,126,1.448275862,0,5,7.7684543,1654.680766
36,67,31,0.861111111,0,8,7.883,528.161
87,209,122,1.402298851,0,5,7.763748502,1622.623437
41,96,55,1.341463415,-1,9,8.6288868,828.3731328
28,62,34,1.214285714,1,0,8.7945555,545.262441
27,76,49,1.814814815,-1,1,8.131,617.956
66,173,107,1.621212121,0,16,8.026,1388.498
103,252,149,1.446601942,-1,21,7.4,1864.8
25,72,47,1.88,-1,3,7.955,572.76
48,120,72,1.5,1,2,8.458024,1014.96288
92,223,131,1.423913043,0,10,7.631761099,1701.882725
87,203,116,1.333333333,0,5,7.731709202,1569.536968
68,167,99,1.455882353,0,14,8.131735198,1357.999778
26,64,38,1.461538462,1,2,8.6123888,551.1928832
54,144,90,1.666666667,1,4,8.1728845,1176.895368
93,242,149,1.602150538,-1,11,7.533404198,1823.083816
6,17,11,1.833333333,0,2,6.5580262,111.4864454
7,12,5,0.714285714,-1,1,6.17011,74.04132
85,223,138,1.623529412,0,3,7.6680557,1709.976421
47,125,78,1.659574468,0,3,8.293315104,1036.664388
95,247,152,1.6,0,13,7.499,1852.253
84,225,141,1.678571429,0,2,7.626,1715.85
61,142,81,1.327868852,-1,11,8.306658697,1179.545535
73,158,85,1.164383562,-1,9,7.907,1249.306
94,243,149,1.585106383,0,12,7.5310087,1830.035114
59,152,93,1.576271186,-1,9,8.187104901,1244.439945
44,113,69,1.568181818,0,6,8.4026857,949.5034841
109,268,159,1.458715596,-1,17,7.271,1948.628
51,117,66,1.294117647,0,1,8.4878981,993.0840777
44,88,44,1,1,6,8.298,730.224
35,67,32,0.914285714,0,7,8.148,545.916
79,176,97,1.227848101,-1,3,7.825383699,1377.267531
59,128,69,1.169491525,-1,9,8.228914102,1053.301005
76,185,109,1.434210526,0,6,7.981304703,1476.54137
82,214,132,1.609756098,1,0,7.7723955,1663.292637
69,178,109,1.579710145,-1,13,8.017,1427.026
79,181,102,1.291139241,0,3,7.883835901,1426.974298
76,187,111,1.460526316,0,6,7.973781401,1491.097122
69,174,105,1.52173913,-1,13,8.070643201,1404.291917
49,108,59,1.204081633,-1,1,8.4952516,917.4871728
80,204,124,1.55,1,2,7.8855455,1608.651282
76,166,90,1.184210526,1,6,7.866337102,1305.811959
16,35,19,1.1875,0,4,8.5378511,298.8247885
57,135,78,1.368421053,0,7,8.3827972,1131.677622
65,150,85,1.307692308,-1,15,8.2063396,1230.95094
90,235,145,1.611111111,0,8,7.5843862,1782.330757
69,180,111,1.608695652,-1,13,7.983,1436.94
79,199,120,1.518987342,0,3,7.906937899,1573.480642
84,195,111,1.321428571,0,2,7.791315503,1519.306523
64,149,85,1.328125,0,14,8.239485597,1227.683354
41,94,53,1.292682927,-1,9,8.6489014,812.9967316
107,262,155,1.448598131,-1,19,7.315733099,1916.722072
46,100,54,1.173913043,1,4,8.5635652,856.35652
34,71,37,1.088235294,0,6,8.5860606,609.6103026
50,128,78,1.56,1,0,8.416974898,1077.372787
84,206,122,1.452380952,1,2,7.840597301,1615.163044
49,128,79,1.612244898,-1,1,8.351436102,1068.983821
61,151,90,1.475409836,0,11,8.241272298,1244.432117
29,82,53,1.827586207,-1,1,8.108,664.856
66,160,94,1.424242424,1,16,8.1840526,1309.448416
44,86,42,0.954545455,1,6,8.133,699.438
99,257,158,1.595959596,0,17,7.422,1907.454
90,209,119,1.322222222,0,8,7.656,1600.104
14,23,9,0.642857143,0,6,6.554,150.742
60,148,88,1.466666667,1,10,8.277177797,1225.022314
45,99,54,1.2,0,5,8.5801959,849.4393941
31,73,42,1.35483871,0,3,8.693874,634.652802
26,46,20,0.769230769,1,2,7.603,349.738
5,17,12,2.4,0,3,5.2696677,89.5843509
102,250,148,1.450980392,1,20,7.426,1856.5
54,112,58,1.074074074,1,4,8.2300646,921.7672352
80,208,128,1.6,1,2,7.834191399,1629.511811
47,102,55,1.170212766,-1,3,8.517165,868.75083
98,255,157,1.602040816,0,16,7.438,1896.69
58,151,93,1.603448276,0,8,8.176277901,1234.617963
77,175,98,1.272727273,0,5,7.9179112,1385.63446
55,121,66,1.2,0,5,8.352915198,1010.702739
41,97,56,1.365853659,0,9,8.6231384,836.4444248
67,176,109,1.626865672,-1,15,7.997,1407.472
79,206,127,1.607594937,-1,3,7.84,1615.04
97,245,148,1.525773196,0,15,7.5092714,1839.771493
97,240,143,1.474226804,-1,15,7.523,1805.52
29,63,34,1.172413793,0,1,8.7521404,551.3848452
113,284,171,1.513274336,-1,13,7.173,2037.132
46,103,57,1.239130435,0,4,8.5710173,882.8147819
29,74,45,1.551724138,-1,1,8.5215633,630.5956842
5,16,11,2.2,-1,3,5.5073535,88.117656
60,156,96,1.6,1,10,8.1563265,1272.386934
59,145,86,1.457627119,0,9,8.302128503,1203.808633
67,170,103,1.537313433,-1,15,8.0937902,1375.944334
38,77,39,1.026315789,0,10,8.4359188,649.5657476
30,57,27,0.9,0,2,8.231,469.167
66,159,93,1.409090909,0,16,8.181584201,1300.871888
69,145,76,1.101449275,0,13,7.889,1143.905
23,65,42,1.826086957,0,3,7.981,518.765
48,132,84,1.75,1,2,8.169142098,1078.326757
62,150,88,1.419354839,1,12,8.2616235,1239.243525
76,176,100,1.315789474,1,6,7.972868102,1403.224786
32,90,58,1.8125,1,4,8.109,729.81
89,232,143,1.606741573,-1,7,7.6024245,1763.762484
73,157,84,1.150684932,0,9,7.896060803,1239.681546
76,193,117,1.539473684,0,6,7.936271601,1531.700419
102,259,157,1.539215686,0,20,7.399971402,1916.592593
6,14,8,1.333333333,1,2,7.5203198,105.2844772
86,230,144,1.674418605,1,4,7.595,1746.85
86,218,132,1.534883721,1,4,7.738752702,1687.048089
71,175,104,1.464788732,0,11,8.0691412,1412.09971
23,51,28,1.217391304,0,3,8.7420852,445.8463452
64,170,106,1.65625,1,14,8.017,1362.89
51,119,68,1.333333333,0,1,8.487921798,1010.062694
53,122,69,1.301886792,-1,3,8.437013902,1029.315696
12,34,22,1.833333333,1,4,7.5503919,256.7133246
52,104,52,1,1,2,8.1573256,848.3618624
31,63,32,1.032258065,0,3,8.5839267,540.7873821
16,43,27,1.6875,0,4,8.0638276,346.7445868
25,70,45,1.8,-1,3,8.084,565.88
13,37,24,1.846153846,0,5,7.531316,278.658692
44,85,41,0.931818182,0,6,8.027,682.295
87,204,117,1.344827586,-1,5,7.734693098,1577.877392
59,149,90,1.525423729,0,9,8.238304,1227.507296
84,222,138,1.642857143,1,2,7.674005401,1703.629199
8,21,13,1.625,0,0,7.3893747,155.1768687
46,129,83,1.804347826,0,4,8.086,1043.094
47,119,72,1.531914894,0,3,8.423212597,1002.362299
81,194,113,1.395061728,-1,1,7.883521098,1529.403093
109,277,168,1.541284404,0,17,7.247,2007.419
40,112,72,1.8,1,10,8.081,905.072
77,194,117,1.519480519,-1,5,7.9284885,1538.126769
24,54,30,1.25,1,4,8.7779672,474.0102288
86,228,142,1.651162791,1,4,7.621645702,1737.73522
59,144,85,1.440677966,-1,9,8.311541097,1196.861918
89,212,123,1.382022472,-1,7,7.708447901,1634.190955
90,228,138,1.533333333,1,8,7.645080702,1743.0784
56,114,58,1.035714286,1,6,8.0896865,922.224261
37,78,41,1.108108108,-1,9,8.5583512,667.5513936
101,257,156,1.544554455,0,19,7.417584502,1906.319217
84,197,113,1.345238095,0,2,7.805713599,1537.725579
78,197,119,1.525641026,0,4,7.915971401,1559.446366
35,71,36,1.028571429,0,7,8.4814629,602.1838659
52,123,71,1.365384615,0,2,8.465537,1041.261051
17,52,35,2.058823529,-1,3,7.386,384.072
9,26,17,1.888888889,-1,1,7.0822497,184.1384922
55,128,73,1.327272727,-1,5,8.406495297,1076.031398
93,237,144,1.548387097,0,11,7.574989502,1795.272512
68,147,79,1.161764706,0,14,8.026476,1179.891972
94,244,150,1.595744681,1,12,7.524815402,1836.054958
18,46,28,1.555555556,1,2,8.4123835,386.969641
82,184,102,1.243902439,1,0,7.782726402,1432.021658
3,11,8,2.666666667,0,1,4.1553817,45.7091987
95,244,149,1.568421053,-1,13,7.5213095,1835.199518
5,8,3,0.6,-1,3,4.7171551,37.7372408
54,147,93,1.722222222,0,4,8.072,1186.584
74,161,87,1.175675676,0,8,7.901,1272.061
97,253,156,1.608247423,0,15,7.451,1885.103
83,198,115,1.385542169,-1,1,7.841212298,1552.560035
34,72,38,1.117647059,1,6,8.6444902,622.4032944
81,198,117,1.444444444,-1,1,7.890301101,1562.279618
31,72,41,1.322580645,-1,3,8.6870893,625.4704296
20,51,31,1.55,0,0,8.4769135,432.3225885
37,74,37,1,-1,9,8.3817123,620.2467102
59,139,80,1.355932203,0,9,8.349520799,1160.583391
22,54,32,1.454545455,1,2,8.5996917,464.3833518
4,12,8,2,1,2,5.7207223,68.6486676
9,17,8,0.888888889,0,1,7.5423284,128.2195828
44,111,67,1.522727273,0,6,8.4529582,938.2783602
40,81,41,1.025,0,10,8.3951519,680.0073039
57,132,75,1.315789474,-1,7,8.367755902,1104.543779
24,66,42,1.75,1,4,8.168,539.088
15,40,25,1.666666667,-1,5,7.9814177,319.256708
60,149,89,1.483333333,0,10,8.255443698,1230.061111
41,98,57,1.390243902,-1,9,8.5963016,842.4375568
48,96,48,1,1,2,8.259,792.864
93,244,151,1.623655914,-1,11,7.514,1833.416
34,82,48,1.411764706,1,6,8.6931973,712.8421786
23,54,31,1.347826087,-1,3,8.6621382,467.7554628
88,205,117,1.329545455,0,6,7.7071698,1579.969809
32,62,30,0.9375,1,4,8.347,517.514
92,230,138,1.5,1,10,7.6209227,1752.812221
89,207,118,1.325842697,0,7,7.681100101,1589.987721
43,112,69,1.604651163,-1,7,8.3536217,935.6056304
49,98,49,1,-1,1,8.23,806.54
82,195,113,1.37804878,0,0,7.864064703,1533.492617
75,197,122,1.626666667,0,7,7.877,1551.769
71,187,116,1.633802817,0,11,7.923,1481.601
70,175,105,1.5,0,12,8.070925303,1412.411928
108,270,162,1.5,1,18,7.295,1969.65
106,265,159,1.5,0,20,7.333,1943.245
91,213,122,1.340659341,0,9,7.6448027,1628.342975
116,293,177,1.525862069,0,10,7.111,2083.523
40,108,68,1.7,1,10,8.253,891.324
32,68,36,1.125,1,4,8.6881371,590.7933228
58,134,76,1.310344828,1,8,8.365771597,1121.013394
47,94,47,1,-1,3,8.238,774.372
52,120,68,1.307692308,1,2,8.4769857,1017.238284
85,229,144,1.694117647,0,3,7.585,1736.965
106,262,156,1.471698113,1,20,7.341173599,1923.387483
98,249,151,1.540816327,0,16,7.483395402,1863.365455
35,97,62,1.771428571,0,7,8.14,789.58
100,251,151,1.51,0,18,7.457001299,1871.707326
58,142,84,1.448275862,1,8,8.34707,1185.28394
12,38,26,2.166666667,1,4,6.928,263.264
26,60,34,1.307692308,1,2,8.7558539,525.351234
73,180,107,1.465753425,-1,9,8.0258864,1444.659552
74,178,104,1.405405405,1,8,8.029258399,1429.207995
38,75,37,0.973684211,0,10,8.2965116,622.23837
37,86,49,1.324324324,-1,9,8.6969014,747.9335204
95,234,139,1.463157895,-1,13,7.564,1769.976
76,165,89,1.171052632,0,6,7.843,1294.095
58,129,71,1.224137931,0,8,8.310941101,1072.111402
65,168,103,1.584615385,-1,15,8.082798,1357.910064
32,79,47,1.46875,0,4,8.6345089,682.1262031
92,228,136,1.47826087,1,10,7.627476298,1739.064596
44,95,51,1.159090909,0,6,8.5874706,815.809707
44,87,43,0.977272727,0,6,8.201,713.487
51,112,61,1.196078431,-1,1,8.443633,945.686896
35,96,61,1.742857143,-1,7,8.184,785.664
71,159,88,1.23943662,0,11,8.034600899,1277.501543
14,43,29,2.071428571,0,6,7.251,311.793
42,116,74,1.761904762,1,8,8.143,944.588
25,59,34,1.36,0,3,8.6809224,512.1744216
23,63,40,1.739130435,0,3,8.1307809,512.2391967
73,156,83,1.136986301,-1,9,7.872,1228.032
90,219,129,1.433333333,0,8,7.683765502,1682.744645
48,114,66,1.375,1,2,8.5315135,972.592539
19,44,25,1.315789474,-1,1,8.5467023,376.0549012
60,137,77,1.283333333,0,10,8.309589197,1138.41372
106,267,161,1.518867925,0,20,7.327,1956.309
76,174,98,1.289473684,1,6,7.959461799,1384.946353
75,193,118,1.573333333,0,7,7.923937798,1529.319995
85,191,106,1.247058824,0,3,7.702923298,1471.25835
85,195,110,1.294117647,0,3,7.7480914,1510.877823
34,70,36,1.058823529,1,6,8.5760338,600.322366
88,209,121,1.375,0,6,7.733017699,1616.200699
37,100,63,1.702702703,-1,9,8.2445085,824.45085
60,139,79,1.316666667,0,10,8.323664201,1156.989324
87,215,128,1.471264368,0,5,7.753260702,1666.951051
95,236,141,1.484210526,-1,13,7.561,1784.396
44,120,76,1.727272727,1,6,8.199,983.88
74,197,123,1.662162162,0,8,7.853,1547.041
68,153,85,1.25,0,14,8.118815399,1242.178756
56,120,64,1.142857143,1,6,8.2802949,993.635388
10,34,24,2.4,1,2,6.287,213.758
90,211,121,1.344444444,0,8,7.671850602,1618.760477
79,210,131,1.658227848,-1,3,7.764,1630.44
94,236,142,1.510638298,1,12,7.577919199,1788.388931
47,98,51,1.085106383,-1,3,8.4416866,827.2852868
32,80,48,1.5,1,4,8.6275707,690.205656
56,117,61,1.089285714,0,6,8.1879546,957.9906882
21,58,37,1.761904762,-1,1,8.0549436,467.1867288
69,151,82,1.188405797,0,13,8.050057603,1215.558698
101,249,148,1.465346535,0,19,7.4440169,1853.560208
42,96,54,1.285714286,1,8,8.653988,830.782848
78,200,122,1.564102564,1,4,7.8991986,1579.83972
90,237,147,1.633333333,0,8,7.5634433,1792.536062
73,192,119,1.630136986,-1,9,7.894,1515.648
12,39,27,2.25,0,4,6.734,262.626
21,45,24,1.142857143,0,1,8.618941,387.852345
101,258,157,1.554455446,-1,19,7.4096615,1911.692667
33,64,31,0.939393939,-1,5,8.286,530.304
82,190,108,1.317073171,1,0,7.8411294,1489.814586
71,177,106,1.492957746,0,11,8.053449503,1425.460562
61,136,75,1.229508197,-1,11,8.243720699,1121.146015
21,44,23,1.095238095,-1,1,8.5573805,376.524742
49,117,68,1.387755102,0,1,8.5038653,994.9522401
34,77,43,1.264705882,0,6,8.6946908,669.4911916
90,231,141,1.566666667,0,8,7.620118801,1760.247443
70,163,93,1.328571429,0,12,8.099106902,1320.154425
30,58,28,0.933333333,1,2,8.3959467,486.9649086
90,225,135,1.5,0,8,7.659222902,1723.325153
81,206,125,1.543209877,-1,1,7.871721898,1621.574711
28,57,29,1.035714286,0,0,8.6709364,494.2433748
81,212,131,1.617283951,-1,1,7.78,1649.36
12,35,23,1.916666667,0,4,7.3562338,257.468183
43,98,55,1.279069767,-1,7,8.6100047,843.7804606
63,151,88,1.396825397,0,13,8.239299801,1244.13427
29,69,40,1.379310345,0,1,8.6952044,599.9691036
16,32,16,1,1,4,8.4931301,271.7801632
28,50,22,0.785714286,1,0,7.702,385.1
39,88,49,1.256410256,-1,11,8.6825396,764.0634848
59,153,94,1.593220339,0,9,8.172037098,1250.321676
24,42,18,0.75,1,4,7.456,313.152
73,187,114,1.561643836,0,9,7.963212299,1489.1207
67,177,110,1.641791045,0,15,7.98,1412.46
75,159,84,1.12,0,7,7.795,1239.405
45,120,75,1.666666667,-1,5,8.266,991.92
67,172,105,1.567164179,-1,15,8.066,1387.352
19,52,33,1.736842105,-1,1,8.1150303,421.9815756
83,192,109,1.313253012,-1,1,7.803608401,1498.292813
101,260,159,1.574257426,-1,19,7.396,1922.96
85,221,136,1.6,0,3,7.694475398,1700.479063
73,174,101,1.383561644,-1,9,8.040452799,1399.038787
39,87,48,1.230769231,0,11,8.6748451,754.7115237
82,198,116,1.414634146,1,0,7.8789695,1560.035961
60,132,72,1.2,1,10,8.256810402,1089.898973
38,83,45,1.184210526,0,10,8.6384076,716.9878308
6,8,2,0.333333333,1,2,3.1015242,24.8121936
85,219,134,1.576470588,0,3,7.720197,1690.723143
91,232,141,1.549450549,-1,9,7.609507198,1765.40567
59,141,82,1.389830508,0,9,8.353985199,1177.911913
20,50,30,1.5,1,0,8.5501639,427.508195
92,242,150,1.630434783,1,10,7.532,1822.744
98,242,144,1.469387755,1,16,7.509099099,1817.201982
53,114,61,1.150943396,-1,3,8.344779,951.304806
54,142,88,1.62962963,1,4,8.2331695,1169.110069
92,237,145,1.576086957,0,10,7.576102599,1795.536316
45,91,46,1.022222222,0,5,8.328,757.848
56,146,90,1.607142857,1,6,8.215529301,1199.467278
17,31,14,0.823529412,0,3,7.8692101,243.9455131
47,107,60,1.276595745,0,3,8.5539012,915.2674284
47,103,56,1.191489362,0,3,8.537652,879.378156
37,80,43,1.162162162,-1,9,8.611676,688.93408
100,258,158,1.58,1,18,7.418,1913.844
76,175,99,1.302631579,0,6,7.9607294,1393.127645
19,38,19,1,-1,1,8.4380593,320.6462534
98,241,143,1.459183673,0,16,7.507,1809.187
14,33,19,1.357142857,0,6,8.3610596,275.9149668
73,188,115,1.575342466,-1,9,7.948,1494.224
37,93,56,1.513513514,0,9,8.5409209,794.3056437
85,212,127,1.494117647,-1,3,7.79834,1653.24808
9,18,9,1,-1,1,7.6316383,137.3694894
108,268,160,1.481481481,1,18,7.297,1955.596
84,212,128,1.523809524,1,2,7.810243802,1655.771686
53,143,90,1.698113208,0,3,8.137,1163.591
77,189,112,1.454545455,0,5,7.956021402,1503.688045
44,121,77,1.75,0,6,8.156,986.876
54,109,55,1.018518519,0,4,8.1073071,883.6964739
97,246,149,1.536082474,-1,15,7.5028035,1845.689661
81,216,135,1.666666667,-1,1,7.709,1665.144
64,152,88,1.375,1,14,8.233404197,1251.477438
52,144,92,1.769230769,1,2,8.04,1157.76
11,20,9,0.818181818,-1,3,7.2985028,145.970056
75,183,108,1.44,0,7,8.001010098,1464.184848
76,167,91,1.197368421,0,6,7.873955701,1314.950602
39,89,50,1.282051282,0,11,8.714011,775.546979
47,126,79,1.680851064,-1,3,8.261,1040.886
41,106,65,1.585365854,-1,9,8.3932657,889.6861642
55,148,93,1.690909091,-1,5,8.097546899,1198.436941
79,194,115,1.455696203,-1,3,7.918774402,1536.242234
20,54,34,1.7,1,0,8.2474967,445.3648218
84,203,119,1.416666667,0,2,7.832863202,1590.07123
33,75,42,1.272727273,0,5,8.7008748,652.56561
14,32,18,1.285714286,1,6,8.481469,271.407008
84,198,114,1.357142857,1,2,7.817561101,1547.877098
64,150,86,1.34375,1,14,8.2426103,1236.391545
41,95,54,1.317073171,0,9,8.6472133,821.4852635
84,193,109,1.297619048,0,2,7.773951,1500.372543
68,152,84,1.235294118,1,14,8.1193485,1234.140972
60,154,94,1.566666667,1,10,8.192349097,1261.621761
53,108,55,1.037735849,-1,3,8.176,883.008
48,97,49,1.020833333,0,2,8.3103013,806.0992261
68,157,89,1.308823529,0,14,8.136375701,1277.410985
57,117,60,1.052631579,0,7,8.086,946.062
97,233,136,1.402061856,0,15,7.519,1751.927
51,132,81,1.588235294,-1,1,8.372345197,1105.149566
81,200,119,1.469135802,-1,1,7.8897037,1577.94074
97,244,147,1.515463918,-1,15,7.511475902,1832.80012
110,271,161,1.463636364,0,16,7.252,1965.292
50,134,84,1.68,1,0,8.275171903,1108.873035
42,105,63,1.5,0,8,8.494863,891.960615
71,158,87,1.225352113,-1,11,8.0185685,1266.933823
32,59,27,0.84375,0,4,7.924,467.516
42,97,55,1.30952381,0,8,8.6350926,837.6039822
108,271,163,1.509259259,0,18,7.288,1975.048
87,205,118,1.356321839,0,5,7.745687,1587.865835
50,133,83,1.66,0,0,8.310089,1105.241837
65,167,102,1.569230769,0,15,8.101441,1352.940647
104,257,153,1.471153846,0,22,7.3817053,1897.098262
71,165,94,1.323943662,0,11,8.076746,1332.66309
57,146,89,1.561403509,-1,7,8.239998801,1203.039825
13,32,19,1.461538462,-1,5,8.1003449,259.2110368
2,4,2,1,1,0,7.0739156,28.2956624
103,254,151,1.466019417,-1,21,7.401130598,1879.887172
36,86,50,1.388888889,1,8,8.7120295,749.234537
29,54,25,0.862068966,-1,1,8.045,434.43
44,89,45,1.022727273,0,6,8.340376,742.293464
56,142,86,1.535714286,1,6,8.310971803,1180.157996
110,279,169,1.536363636,0,16,7.229,2016.891
86,209,123,1.430232558,0,4,7.792175502,1628.56468
46,105,59,1.282608696,0,4,8.5706509,899.9183445
66,140,74,1.121212121,1,16,8.008,1121.12
32,75,43,1.34375,0,4,8.6956096,652.17072
84,220,136,1.619047619,1,2,7.7032244,1694.709368
104,262,158,1.519230769,1,22,7.37,1930.94
77,174,97,1.25974026,-1,5,7.902037701,1374.95456
78,188,110,1.41025641,1,4,7.947902702,1494.205708
52,132,80,1.538461538,1,2,8.408485902,1109.920139
61,155,94,1.540983607,0,11,8.195297703,1270.271144
30,59,29,0.966666667,0,2,8.4737802,499.9530318
28,69,41,1.464285714,0,0,8.6230998,594.9938862
26,66,40,1.538461538,1,2,8.5217245,562.433817
107,265,158,1.476635514,0,19,7.316,1938.74
79,172,93,1.17721519,-1,3,7.766158698,1335.779296
89,231,142,1.595505618,0,7,7.615076801,1759.082741
83,195,112,1.34939759,0,1,7.830757903,1526.997791
39,97,58,1.487179487,0,11,8.5414616,828.5217752
90,221,131,1.455555556,0,8,7.676064,1696.410144
23,62,39,1.695652174,-1,3,8.1877565,507.640903
71,151,80,1.126760563,0,11,7.904,1193.504
32,77,45,1.40625,0,4,8.6710293,667.6692561
25,65,40,1.6,0,3,8.4006822,546.044343
101,256,155,1.534653465,-1,19,7.421,1899.776
88,229,141,1.602272727,0,6,7.628486201,1746.92334
61,132,71,1.163934426,-1,11,8.177,1079.364
67,167,100,1.492537313,0,15,8.130373198,1357.772324
43,96,53,1.23255814,-1,7,8.6148673,827.0272608
77,178,101,1.311688312,-1,5,7.936563,1412.708214
54,146,92,1.703703704,1,4,8.110415397,1184.120648
8,24,16,2,1,0,7.0396855,168.952452
67,147,80,1.194029851,0,15,8.094038102,1189.823601
107,260,153,1.429906542,-1,19,7.314,1901.64
15,31,16,1.066666667,0,5,8.4811677,262.9161987
37,81,44,1.189189189,0,9,8.6455139,700.2866259
100,253,153,1.53,0,18,7.448471202,1884.463214
25,47,22,0.88,0,3,8.1353117,382.3596499
7,24,17,2.428571429,-1,1,5.887,141.288
85,220,135,1.588235294,-1,3,7.7037033,1694.814726
92,234,142,1.543478261,1,10,7.600716,1778.567544
99,252,153,1.545454545,-1,17,7.457242802,1879.225186
84,218,134,1.595238095,1,2,7.73153,1685.47354
40,109,69,1.725,0,10,8.204,894.236
105,267,162,1.542857143,0,21,7.337,1958.979
98,247,149,1.520408163,0,16,7.493263802,1850.836159
44,100,56,1.272727273,1,6,8.6193593,861.93593
117,294,177,1.512820513,-1,9,7.092,2085.048
68,156,88,1.294117647,1,14,8.141908397,1270.13771
23,53,30,1.304347826,0,3,8.7101425,461.6375525
58,148,90,1.551724138,1,8,8.240387601,1219.577365
19,47,28,1.473684211,0,1,8.5148795,400.1993365
90,238,148,1.644444444,1,8,7.555,1798.09
67,152,85,1.268656716,-1,15,8.144919303,1238.027734
60,159,99,1.65,0,10,8.088822403,1286.122762
37,97,60,1.621621622,0,9,8.3761872,812.4901584
40,104,64,1.6,1,10,8.4023159,873.8408536
66,144,78,1.181818182,1,16,8.105590201,1167.204989
28,71,43,1.535714286,0,0,8.5431564,606.5641044
88,228,140,1.590909091,1,6,7.642428899,1742.473789
79,177,98,1.240506329,0,3,7.843862299,1388.363627
63,143,80,1.26984127,0,13,8.245817699,1179.151931
99,251,152,1.535353535,0,17,7.465884199,1873.936934
81,190,109,1.345679012,-1,1,7.8660345,1494.546555
76,201,125,1.644736842,0,6,7.849,1577.649
33,84,51,1.545454545,-1,5,8.5479385,718.026834
30,61,31,1.033333333,0,2,8.6103098,525.2288978
59,132,73,1.237288136,-1,9,8.291537697,1094.482976
62,164,102,1.64516129,1,12,8.067780299,1323.115969
49,103,54,1.102040816,0,1,8.4237199,867.6431497
72,184,112,1.555555556,1,10,7.990722799,1470.292995
48,109,61,1.270833333,0,2,8.5387646,930.7253414
55,129,74,1.345454545,0,5,8.416046504,1085.669999
111,286,175,1.576576577,-1,15,7.185,2054.91
73,163,90,1.232876712,0,9,7.981890503,1301.048152
107,271,164,1.53271028,0,19,7.298,1977.758
112,283,171,1.526785714,0,14,7.192,2035.336
50,107,57,1.14,0,0,8.4394946,903.0259222
53,133,80,1.509433962,0,3,8.405099301,1117.878207
89,218,129,1.449438202,-1,7,7.702145,1679.06761
16,33,17,1.0625,0,4,8.4976304,280.4218032
43,107,64,1.488372093,0,7,8.4928979,908.7400753
53,142,89,1.679245283,-1,3,8.165251697,1159.465741
62,168,106,1.709677419,1,12,7.971,1339.128
99,244,145,1.464646465,-1,17,7.483,1825.852
10,30,20,2,1,2,7.0345317,211.035951
68,148,80,1.176470588,1,14,8.059692399,1192.834475
19,36,17,0.894736842,-1,1,8.1422233,293.1200388
44,110,66,1.5,1,6,8.4863123,933.494353
71,185,114,1.605633803,0,11,7.955,1471.675
35,91,56,1.6,0,7,8.4419242,768.2151022
50,121,71,1.42,0,0,8.485196397,1026.708764
82,202,120,1.463414634,1,0,7.8821505,1592.194401
78,206,128,1.641025641,1,4,7.82,1610.92
72,173,101,1.402777778,0,10,8.066016399,1395.420837
63,153,90,1.428571429,0,13,8.228701098,1258.991268
56,137,81,1.446428571,0,6,8.391828803,1149.680546
60,138,78,1.3,1,10,8.325494601,1148.918255
85,200,115,1.352941176,-1,3,7.7837601,1556.75202
74,165,91,1.22972973,0,8,7.9559704,1312.735116
36,73,37,1.027777778,0,8,8.4601847,617.5934831
4,13,9,2.25,0,2,5.2414359,68.1386667
94,228,134,1.425531915,1,12,7.590403899,1730.612089
104,258,154,1.480769231,1,22,7.382525702,1904.691631
54,119,65,1.203703704,0,4,8.378442,997.034598
17,34,17,1,-1,3,8.3989706,285.5650004
49,104,55,1.12244898,-1,1,8.435238,877.264752
95,243,148,1.557894737,0,13,7.530174202,1829.832331
91,235,144,1.582417582,0,9,7.588413902,1783.277267
14,38,24,1.714285714,1,6,7.8928297,299.9275286
80,213,133,1.6625,0,2,7.739,1648.407
42,85,43,1.023809524,0,8,8.361332,710.71322
84,194,110,1.30952381,1,2,7.789294701,1511.123172
70,178,108,1.542857143,1,12,8.042738601,1431.607471
91,234,143,1.571428571,-1,9,7.594683701,1777.155986
107,263,156,1.457943925,0,19,7.318,1924.634
28,49,21,0.75,0,0,7.45,365.05
49,134,85,1.734693878,-1,1,8.173,1095.182
35,76,41,1.171428571,-1,7,8.635883,656.327108
84,209,125,1.488095238,0,2,7.835188201,1637.554334
26,55,29,1.115384615,0,2,8.7465981,481.0628955
44,116,72,1.636363636,1,6,8.326884,965.918544
66,146,80,1.212121212,1,16,8.146112801,1189.332469
60,126,66,1.1,1,10,8.122,1023.372
37,79,42,1.135135135,0,9,8.6011401,679.4900679
89,215,126,1.415730337,0,7,7.719413702,1659.673946
75,174,99,1.32,-1,7,7.985094402,1389.406426
80,198,118,1.475,1,2,7.911553202,1566.487534
57,128,71,1.245614035,-1,7,8.337190398,1067.160371
75,165,90,1.2,0,7,7.901520103,1303.750817
53,111,58,1.094339623,0,3,8.2829343,919.4057073
102,253,151,1.480392157,0,20,7.422471901,1877.885391
85,203,118,1.388235294,0,3,7.8036487,1584.140686
79,180,101,1.278481013,-1,3,7.8703194,1416.657492
100,248,148,1.48,1,18,7.465945101,1851.554385
68,171,103,1.514705882,0,14,8.097740398,1384.713608
31,67,36,1.161290323,0,3,8.707533,583.404711
18,44,26,1.444444444,1,2,8.4938411,373.7290084
79,189,110,1.392405063,0,3,7.921987598,1497.255656
62,154,92,1.483870968,1,12,8.226837903,1266.933037
36,95,59,1.638888889,0,8,8.3659963,794.7696485
93,219,126,1.35483871,0,11,7.604673201,1665.423431
64,160,96,1.5,1,14,8.1830171,1309.282736
38,87,49,1.289473684,0,10,8.7052363,757.3555581
89,229,140,1.573033708,0,7,7.633244598,1748.013013
35,70,35,1,-1,7,8.4147964,589.035748
101,250,149,1.475247525,-1,19,7.4416533,1860.413325
29,55,26,0.896551724,0,1,8.233997,452.869835
34,68,34,1,1,6,8.4770482,576.4392776
48,130,82,1.708333333,1,2,8.2525868,1072.836284
46,116,70,1.52173913,1,4,8.4492755,980.115958
78,182,104,1.333333333,1,4,7.934754099,1444.125246
72,182,110,1.527777778,1,10,8.014838099,1458.700534
85,211,126,1.482352941,0,3,7.811354502,1648.1958
76,164,88,1.157894737,1,6,7.833308,1284.662512
61,160,99,1.62295082,-1,11,8.1036398,1296.582368
17,48,31,1.823529412,-1,3,7.883,378.384
35,69,34,0.971428571,0,7,8.3449026,575.7982794
66,175,109,1.651515152,0,16,7.986,1397.55
68,151,83,1.220588235,0,14,8.104872298,1223.835717
85,193,108,1.270588235,0,3,7.727109902,1491.332211
5,15,10,2,0,3,5.8800438,88.200657
49,122,73,1.489795918,-1,1,8.442107902,1029.937164
48,129,81,1.6875,0,2,8.269531101,1066.769512
104,261,157,1.509615385,0,22,7.371385801,1923.931694
84,207,123,1.464285714,0,2,7.836673401,1622.191394
82,204,122,1.487804878,1,0,7.879932598,1607.50625
61,147,86,1.409836066,0,11,8.284371197,1217.802566
48,134,86,1.791666667,1,2,8.086,1083.524
47,116,69,1.468085106,-1,3,8.4659073,982.0452468
47,127,80,1.70212766,0,3,8.244,1046.988
64,162,98,1.53125,1,14,8.159037302,1321.764043
26,62,36,1.384615385,1,2,8.6928831,538.9587522
30,73,43,1.433333333,0,2,8.6483455,631.3292215
105,255,150,1.428571429,0,21,7.359,1876.545
23,50,27,1.173913043,-1,3,8.6959032,434.79516
41,99,58,1.414634146,0,9,8.5789859,849.3196041
26,74,48,1.846153846,1,2,8.076,597.624
9,16,7,0.777777778,-1,1,6.964049,111.424784
87,224,137,1.574712644,-1,5,7.670368,1718.162432
43,122,79,1.837209302,-1,7,8.011,977.342
100,249,149,1.49,0,18,7.4618649,1858.00436
43,94,51,1.186046512,-1,7,8.6087373,809.2213062
30,66,36,1.2,1,2,8.7596335,578.135811
79,200,121,1.53164557,-1,3,7.8984915,1579.6983
24,64,40,1.666666667,1,4,8.3035626,531.4280064
61,162,101,1.655737705,-1,11,8.061,1305.882
86,222,136,1.581395349,1,4,7.694499099,1708.1788
55,141,86,1.563636364,0,5,8.294355397,1169.504111
40,93,53,1.325,0,10,8.6716207,806.4607251
77,191,114,1.480519481,0,5,7.948114398,1518.08985
78,177,99,1.269230769,0,4,7.892489599,1396.970659
97,234,137,1.412371134,-1,15,7.519,1759.446
109,282,173,1.587155963,-1,17,7.218,2035.476
61,146,85,1.393442623,-1,11,8.288655,1210.14363
20,56,36,1.8,1,0,8.0331654,449.8572624
26,57,31,1.192307692,0,2,8.7702829,499.9061253
38,104,66,1.736842105,1,10,8.206,853.424
25,68,43,1.72,-1,3,8.209,558.212
59,151,92,1.559322034,0,9,8.207882397,1239.390242
26,75,49,1.884615385,0,2,7.996,599.7
89,230,141,1.584269663,-1,7,7.6214604,1752.935892
96,244,148,1.541666667,1,14,7.523952701,1835.844459
79,171,92,1.164556962,0,3,7.754106901,1325.95228
89,228,139,1.561797753,-1,7,7.639197298,1741.736984
64,153,89,1.390625,0,14,8.220420902,1257.724398
27,73,46,1.703703704,0,1,8.302,606.046
27,69,42,1.555555556,0,1,8.4954062,586.1830278
96,238,142,1.479166667,1,14,7.547996601,1796.423191
88,213,125,1.420454545,0,6,7.746472601,1649.998664
25,55,30,1.2,0,3,8.7650247,482.0763585
65,149,84,1.292307692,0,15,8.209815302,1223.26248
81,213,132,1.62962963,0,1,7.765431099,1654.036824
62,137,75,1.209677419,0,12,8.213552701,1125.25672
67,174,107,1.597014925,-1,15,8.034,1397.916
80,188,108,1.35,1,2,7.899034,1485.018392
62,151,89,1.435483871,0,12,8.243973503,1244.839999
32,88,56,1.75,1,4,8.236,724.768
44,105,61,1.386363636,0,6,8.5619016,898.999668
53,134,81,1.528301887,-1,3,8.389072201,1124.135675
26,59,33,1.269230769,0,2,8.7547746,516.5317014
106,261,155,1.462264151,0,20,7.339771,1915.680231
8,13,5,0.625,0,0,5.8117636,75.5529268
43,87,44,1.023255814,0,7,8.3477449,726.2538063
83,201,118,1.421686747,0,1,7.854871299,1578.829131
37,104,67,1.810810811,-1,9,8.057,837.928
40,78,38,0.95,1,10,8.194,639.132
89,223,134,1.505617978,0,7,7.679147901,1712.449982
71,163,92,1.295774648,0,11,8.066684798,1314.869622
72,185,113,1.569444444,0,10,7.973971103,1475.184654
55,133,78,1.418181818,0,5,8.409978602,1118.527154
81,197,116,1.432098765,0,1,7.893572503,1555.033783
82,210,128,1.56097561,1,0,7.8359656,1645.552776
71,157,86,1.211267606,0,11,8.013312803,1258.09011
74,183,109,1.472972973,0,8,8.008323399,1465.523182
80,185,105,1.3125,0,2,7.874539103,1456.789734
69,171,102,1.47826087,0,13,8.101893099,1385.42372
80,180,100,1.25,1,2,7.8361111,1410.499998
57,139,82,1.438596491,0,7,8.377998698,1164.541819
48,110,62,1.291666667,1,2,8.5512755,940.640305
68,179,111,1.632352941,0,14,7.976,1427.704
43,106,63,1.465116279,-1,7,8.506557,901.695042
46,125,79,1.717391304,0,4,8.215,1026.875
82,220,138,1.682926829,1,0,7.67,1687.4
57,148,91,1.596491228,-1,7,8.1937165,1212.670042
15,43,28,1.866666667,0,5,7.681,330.283
48,127,79,1.645833333,0,2,8.316897102,1056.245932
67,150,83,1.23880597,-1,15,8.1348423,1220.226345
37,91,54,1.459459459,0,9,8.6075621,783.2881511
103,262,159,1.54368932,-1,21,7.374,1931.988
93,222,129,1.387096774,-1,11,7.602701302,1687.799689
51,125,74,1.450980392,0,1,8.4581612,1057.27015
76,162,86,1.131578947,1,6,7.794,1262.628
17,47,30,1.764705882,0,3,7.992,375.624
49,131,82,1.673469388,0,1,8.297954397,1087.032026
33,69,36,1.090909091,0,5,8.6118214,594.2156766
43,119,76,1.76744186,0,7,8.126,966.994
66,158,92,1.393939394,1,16,8.190129797,1294.040508
30,70,40,1.333333333,1,2,8.7298086,611.086602
67,163,96,1.432835821,0,15,8.156967,1329.585621
83,203,120,1.445783133,0,1,7.857476202,1595.067669
86,227,141,1.639534884,0,4,7.630050802,1732.021532
48,105,57,1.1875,0,2,8.5168532,894.269586
70,161,91,1.3,0,12,8.090386099,1302.552162
70,173,103,1.471428571,0,12,8.087427601,1399.124975
76,195,119,1.565789474,0,6,7.917744903,1543.960256
71,153,82,1.154929577,0,11,7.959088203,1217.740495
73,176,103,1.410958904,-1,9,8.038670602,1414.806026
31,80,49,1.580645161,-1,3,8.5084545,680.67636
93,227,134,1.440860215,0,11,7.607277101,1726.851902
11,23,12,1.090909091,0,3,8.1114936,186.5643528
41,82,41,1,-1,9,8.312,681.584
90,222,132,1.466666667,1,8,7.676659198,1704.218342
67,169,102,1.52238806,0,15,8.109062201,1370.431512
32,73,41,1.28125,0,4,8.70505,635.46865
56,134,78,1.392857143,1,6,8.408173097,1126.695195
64,151,87,1.359375,0,14,8.231044603,1242.887735
75,176,101,1.346666667,-1,7,7.993970699,1406.938843
90,218,128,1.422222222,1,8,7.691602601,1676.769367
59,143,84,1.423728814,0,9,8.329428,1191.108204
104,267,163,1.567307692,0,22,7.342,1960.314
28,66,38,1.357142857,1,0,8.7395086,576.8075676
20,49,29,1.45,0,0,8.59485,421.14765
87,197,110,1.264367816,0,5,7.673764,1511.731508
55,123,68,1.236363636,0,5,8.380379602,1030.786691
105,258,153,1.457142857,-1,21,7.359480298,1898.745917
92,229,137,1.489130435,0,10,7.620721799,1745.145292
73,160,87,1.191780822,-1,9,7.9382704,1270.123264
24,57,33,1.375,0,4,8.6633998,493.8137886
21,43,22,1.047619048,0,1,8.5308265,366.8255395
75,168,93,1.24,-1,7,7.935120798,1333.100294
78,187,109,1.397435897,0,4,7.941169898,1484.998771
33,78,45,1.363636364,-1,5,8.673876,676.562328
61,145,84,1.37704918,0,11,8.302658303,1203.885454
15,45,30,2,0,5,7.456,335.52
90,208,118,1.311111111,1,8,7.652571601,1591.734893
75,164,89,1.186666667,-1,7,7.881052299,1292.492577
38,74,36,0.947368421,1,10,8.221,608.354
50,106,56,1.12,1,0,8.4320383,893.7960598
51,110,59,1.156862745,-1,1,8.4126821,925.395031
90,230,140,1.555555556,1,8,7.6309974,1755.129402
89,233,144,1.617977528,0,7,7.595193901,1769.680179
61,143,82,1.344262295,0,11,8.317734098,1189.435976
86,195,109,1.26744186,0,4,7.700384103,1501.5749
7,17,10,1.428571429,0,1,7.2862294,123.8658998
82,187,105,1.280487805,0,0,7.808401,1460.170987
42,90,48,1.142857143,1,8,8.5970285,773.732565
45,93,48,1.066666667,0,5,8.4348255,784.4387715
33,83,50,1.515151515,0,5,8.599654,713.771282
81,211,130,1.604938272,0,1,7.799791502,1645.756007
83,216,133,1.602409639,-1,1,7.743499602,1672.595914
46,127,81,1.760869565,0,4,8.16,1036.32
58,147,89,1.534482759,0,8,8.252527401,1213.121528
76,181,105,1.381578947,0,6,7.983426298,1445.00016
21,40,19,0.904761905,-1,1,8.1736697,326.946788
63,163,100,1.587301587,0,13,8.116017202,1322.910804
52,136,84,1.615384615,1,2,8.319430103,1131.442494
28,65,37,1.321428571,0,0,8.7362424,567.855756
66,170,104,1.575757576,1,16,8.084,1374.28
47,93,46,0.978723404,0,3,8.175,760.275
74,180,106,1.432432432,1,8,8.0254434,1444.579812
77,184,107,1.38961039,-1,5,7.959199201,1464.492653
43,99,56,1.302325581,0,7,8.6136105,852.7474395
51,103,52,1.019607843,0,1,8.234,848.102
71,174,103,1.450704225,-1,11,8.071454,1404.432996
91,231,140,1.538461538,0,9,7.618426701,1759.856568
31,85,54,1.741935484,0,3,8.2535687,701.5533395
89,208,119,1.337078652,-1,7,7.684828899,1598.444411
46,112,66,1.434782609,1,4,8.5207205,954.320696
44,94,50,1.136363636,1,6,8.583662,806.864228
69,162,93,1.347826087,-1,13,8.117586802,1315.049062
3,6,3,1,-1,1,5.3323312,31.9939872
25,56,31,1.24,-1,3,8.7383358,489.3468048
45,101,56,1.244444444,0,5,8.5882172,867.4099372
92,233,141,1.532608696,0,10,7.603957399,1771.722074
72,176,104,1.444444444,1,10,8.061360398,1418.79943
59,158,99,1.677966102,-1,9,8.059,1273.322
61,133,72,1.180327869,0,11,8.204284098,1091.169785
69,154,85,1.231884058,-1,13,8.074209,1243.428186
83,185,102,1.228915663,0,1,7.732,1430.42
61,157,96,1.573770492,0,11,8.164145803,1281.770891
59,147,88,1.491525424,0,9,8.27054,1215.76938
95,241,146,1.536842105,0,13,7.543279502,1817.93036
68,168,100,1.470588235,1,14,8.129589702,1365.77107
53,140,87,1.641509434,-1,3,8.229474,1152.12636
38,95,57,1.5,0,10,8.5490875,812.1633125
82,199,117,1.426829268,0,0,7.875736598,1567.271583
17,51,34,2,0,3,7.53,384.03
84,211,127,1.511904762,0,2,7.818784199,1649.763466
87,231,144,1.655172414,0,5,7.5945009,1754.329708
76,168,92,1.210526316,1,6,7.895940798,1326.518054
43,117,74,1.720930233,0,7,8.195,958.815
51,126,75,1.470588235,-1,1,8.440313603,1063.479514
46,120,74,1.608695652,1,4,8.3570817,1002.849804
51,130,79,1.549019608,-1,1,8.3973641,1091.657333
101,245,144,1.425742574,0,19,7.441,1823.045
19,43,24,1.263157895,0,1,8.5762204,368.7774772
40,92,52,1.3,1,10,8.6926783,799.7264036
97,243,146,1.505154639,0,15,7.517502099,1826.75301
42,81,39,0.928571429,0,8,8.054,652.374
99,245,146,1.474747475,0,17,7.485,1833.825
51,121,70,1.37254902,0,1,8.482057397,1026.328945
8,22,14,1.75,1,0,7.3648722,162.0271884
80,195,115,1.4375,0,2,7.909398,1542.33261
48,108,60,1.25,1,2,8.5500196,923.4021168
48,103,55,1.145833333,0,2,8.4897547,874.4447341
75,199,124,1.653333333,0,7,7.85,1562.15
48,107,59,1.229166667,0,2,8.5333524,913.0687068
51,108,57,1.117647059,-1,1,8.3726666,904.2479928
7,18,11,1.571428571,-1,1,7.0385627,126.6941286
74,173,99,1.337837838,0,8,8.018333699,1387.17173
32,70,38,1.1875,1,4,8.7217028,610.519196
40,94,54,1.35,1,10,8.6668016,814.6793504
9,23,14,1.555555556,0,1,7.6223447,175.3139281
82,196,114,1.390243902,1,0,7.873337398,1543.17413
46,126,80,1.739130435,1,4,8.197,1032.822
47,92,45,0.957446809,-1,3,8.08,743.36
110,280,170,1.545454545,1,16,7.227,2023.56
53,117,64,1.20754717,0,3,8.4044307,983.3183919
19,40,21,1.105263158,-1,1,8.5380907,341.523628
18,50,32,1.777777778,1,2,8.054,402.7
19,31,12,0.631578947,0,1,6.487,201.097
47,113,66,1.404255319,0,3,8.516066,962.315458
79,186,107,1.35443038,-1,3,7.909540898,1471.174607
91,219,128,1.406593407,0,9,7.661378301,1677.841848
28,53,25,0.892857143,0,0,8.2170749,435.5049697
23,58,35,1.52173913,-1,3,8.458156,490.573048
55,112,57,1.036363636,-1,5,8.102,907.424
57,140,83,1.456140351,-1,7,8.3550201,1169.702814
86,217,131,1.523255814,0,4,7.7444037,1680.535603
44,106,62,1.409090909,1,6,8.5609406,907.4597036
75,188,113,1.506666667,-1,7,7.966748101,1497.748643
82,200,118,1.43902439,1,0,7.8818101,1576.36202
78,183,105,1.346153846,0,4,7.933340601,1451.80133
47,120,73,1.553191489,-1,3,8.3953281,1007.439372
41,114,73,1.780487805,-1,9,8.097,923.058
49,133,84,1.714285714,0,1,8.217,1092.861
60,135,75,1.25,0,10,8.2881536,1118.900736
20,38,18,0.9,1,0,8.2400434,313.1216492
27,56,29,1.074074074,-1,1,8.6948386,486.9109616
81,186,105,1.296296296,-1,1,7.837516102,1457.777995
42,110,68,1.619047619,1,8,8.359293,919.52223
114,289,175,1.535087719,0,12,7.149,2066.061
54,134,80,1.481481481,1,4,8.413699403,1127.43572
67,155,88,1.313432836,0,15,8.159205503,1264.676853
59,126,67,1.13559322,-1,9,8.184,1031.184
60,129,69,1.15,0,10,8.191,1056.639
75,182,107,1.426666667,-1,7,7.998626401,1455.750005
85,225,140,1.647058824,0,3,7.641,1719.225
48,99,51,1.0625,0,2,8.3983734,831.4389666
9,22,13,1.444444444,-1,1,7.6242954,167.7344988
48,98,50,1.041666667,1,2,8.3782953,821.0729394
97,238,141,1.453608247,-1,15,7.525,1790.95
17,37,20,1.176470588,0,3,8.5702816,317.1004192
63,148,85,1.349206349,-1,13,8.2538155,1221.564694
43,118,75,1.744186047,-1,7,8.153,962.054
86,197,111,1.290697674,0,4,7.722119,1521.257443
41,91,50,1.219512195,0,9,8.6708983,789.0517453
63,130,67,1.063492063,-1,13,7.95,1033.5
49,125,76,1.551020408,0,1,8.407936504,1050.992063
69,150,81,1.173913043,-1,13,8.021,1203.15
76,163,87,1.144736842,0,6,7.807,1272.541
88,207,119,1.352272727,0,6,7.7217503,1598.402312
18,30,12,0.666666667,1,2,6.866,205.98
15,46,31,2.066666667,-1,5,7.32,336.72
65,164,99,1.523076923,-1,15,8.139930402,1334.948586
87,212,125,1.436781609,-1,5,7.7668455,1646.571246
52,142,90,1.730769231,1,2,8.113,1152.046
66,155,89,1.348484848,0,16,8.184357,1268.575335
90,234,144,1.6,1,8,7.596855701,1777.664234
51,113,62,1.215686275,0,1,8.4652762,956.5762106
58,138,80,1.379310345,1,8,8.377040797,1156.03163
30,63,33,1.1,0,2,8.6862866,547.2360558
64,165,101,1.578125,0,14,8.1104428,1338.223062
82,213,131,1.597560976,0,0,7.785173202,1658.241892
87,218,131,1.505747126,-1,5,7.726714298,1684.423717
47,112,65,1.382978723,-1,3,8.5160807,953.8010384
55,144,89,1.618181818,-1,5,8.211889403,1182.512074
62,146,84,1.35483871,1,12,8.293858103,1210.903283
104,254,150,1.442307692,1,22,7.384,1875.536
58,127,69,1.189655172,0,8,8.280792197,1051.660609
36,82,46,1.277777778,1,8,8.7106754,714.2753828
50,131,81,1.62,0,0,8.362518298,1095.489897
16,36,20,1.25,1,4,8.57539,308.71404
29,67,38,1.310344828,0,1,8.7374597,585.4097999
46,97,51,1.108695652,0,4,8.5024303,824.7357391
81,185,104,1.283950617,0,1,7.8355756,1449.581486
15,41,26,1.733333333,0,5,7.9065513,324.1686033
46,114,68,1.47826087,1,4,8.4880056,967.6326384
74,182,108,1.459459459,1,8,8.018309599,1459.332347
16,40,24,1.5,1,4,8.3293255,333.17302
53,139,86,1.622641509,0,3,8.26561,1148.91979
70,176,106,1.514285714,1,12,8.064085301,1419.279013
60,161,101,1.683333333,0,10,8.042,1294.762
51,138,87,1.705882353,-1,1,8.178,1128.564
10,16,6,0.6,1,2,6.0831777,97.3308432
111,281,170,1.531531532,0,15,7.209,2025.729
39,86,47,1.205128205,-1,11,8.6384293,742.9049198
70,152,82,1.171428571,1,12,8.015437099,1218.346439
82,217,135,1.646341463,0,0,7.719,1675.023
80,177,97,1.2125,0,2,7.789894701,1378.811362
90,232,142,1.577777778,1,8,7.615033802,1766.687842
13,36,23,1.769230769,-1,5,7.6235154,274.4465544
25,57,32,1.28,0,3,8.7367146,497.9927322
60,130,70,1.166666667,1,10,8.2225136,1068.926768
85,192,107,1.258823529,-1,3,7.709728302,1480.267834
61,144,83,1.360655738,-1,11,8.305296903,1195.962754
96,242,146,1.520833333,1,14,7.534504,1823.349968
50,99,49,0.98,0,0,8.161,807.939
39,83,44,1.128205128,0,11,8.5736571,711.6135393
58,153,95,1.637931034,0,8,8.134,1244.502
21,46,25,1.19047619,-1,1,8.6220215,396.612989
78,208,130,1.666666667,1,4,7.78,1618.24
96,245,149,1.552083333,0,14,7.515767702,1841.363087
108,277,169,1.564814815,0,18,7.256,2009.912
36,90,54,1.5,1,8,8.5912599,773.213391
51,114,63,1.235294118,-1,1,8.4625191,964.7271774
82,180,98,1.195121951,1,0,7.7256993,1390.625874
37,77,40,1.081081081,0,9,8.5373396,657.3751492
7,22,15,2.142857143,-1,1,6.3785347,140.3277634
62,161,99,1.596774194,0,12,8.122041801,1307.64873
38,84,46,1.210526316,1,10,8.6775132,728.9111088
44,90,46,1.045454545,1,6,8.4097684,756.879156
86,212,126,1.465116279,1,4,7.794796302,1652.496816
33,63,30,0.909090909,0,5,8.193,516.159
56,115,59,1.053571429,0,6,8.116,933.34
105,263,158,1.504761905,0,21,7.352,1933.576
37,72,35,0.945945946,-1,9,8.202,590.544
47,110,63,1.340425532,-1,3,8.5321089,938.531979
11,33,22,2,0,3,7.0899262,233.9675646
65,160,95,1.461538462,-1,15,8.1774676,1308.394816
53,125,72,1.358490566,0,3,8.450291104,1056.286388
56,141,85,1.517857143,0,6,8.326077397,1173.976913
44,91,47,1.068181818,0,6,8.4429287,768.3065117
56,123,67,1.196428571,0,6,8.330208602,1024.615658
98,248,150,1.530612245,1,16,7.491044,1857.778912
98,244,146,1.489795918,1,16,7.505137299,1831.253501
92,224,132,1.434782609,1,10,7.635074201,1710.256621
80,197,117,1.4625,0,2,7.908640198,1558.002119
52,112,60,1.153846154,1,2,8.4006527,940.8731024
71,172,101,1.422535211,-1,11,8.078233401,1389.456145
32,66,34,1.0625,1,4,8.6254383,569.2789278
52,140,88,1.692307692,1,2,8.1833567,1145.669938
10,26,16,1.6,1,2,7.751911,201.549686
70,179,109,1.557142857,0,12,8.026,1436.654
80,182,102,1.275,1,2,7.856972599,1429.969013
55,135,80,1.454545455,0,5,8.401339304,1134.180806
74,192,118,1.594594595,1,8,7.924,1521.408
28,80,52,1.857142857,1,0,8.088,647.04
54,136,82,1.518518519,1,4,8.396188897,1141.88169
65,155,90,1.384615385,0,15,8.202917303,1271.452182
93,230,137,1.47311828,-1,11,7.6017751,1748.408273
6,9,3,0.5,0,2,4.3374233,39.0368097
87,210,123,1.413793103,-1,5,7.7631243,1630.256103
15,27,12,0.8,0,5,7.6610894,206.8494138
34,84,50,1.470588235,1,6,8.6587935,727.338654
59,146,87,1.474576271,-1,9,8.280325,1208.92745
40,87,47,1.175,0,10,8.6236545,750.2579415
58,143,85,1.465517241,0,8,8.324676503,1190.42874
41,113,72,1.756097561,0,9,8.143,920.159
74,185,111,1.5,0,8,7.992908303,1478.688036
22,52,30,1.363636364,1,2,8.6918193,451.9746036
105,259,154,1.466666667,0,21,7.360362598,1906.333913
32,76,44,1.375,1,4,8.7052364,661.5979664
35,90,55,1.571428571,-1,7,8.4781865,763.036785
108,269,161,1.490740741,0,18,7.294,1962.086
73,175,102,1.397260274,0,9,8.0444456,1407.77798
16,42,26,1.625,1,4,8.1932275,344.115555
44,122,78,1.772727273,1,6,8.132,992.104
25,62,37,1.48,-1,3,8.5385002,529.3870124
78,173,95,1.217948718,0,4,7.845385601,1357.251709
55,149,94,1.709090909,0,5,8.073,1202.877
16,41,25,1.5625,0,4,8.2296358,337.4150678
16,39,23,1.4375,0,4,8.3442698,325.4265222
113,290,177,1.566371681,-1,13,7.152,2074.08
20,40,20,1,1,0,8.5513046,342.052184
92,232,140,1.52173913,1,10,7.611898401,1765.960429
114,286,172,1.50877193,1,12,7.159,2047.474
30,77,47,1.566666667,0,2,8.5300037,656.8102849
84,204,120,1.428571429,1,2,7.839082299,1599.172789
60,163,103,1.716666667,0,10,7.992,1302.696
67,151,84,1.253731343,0,15,8.145526702,1229.974532
49,137,88,1.795918367,0,1,8.053,1103.261
36,87,51,1.416666667,0,8,8.675284,754.749708
8,16,8,1,1,0,7.9762072,127.6193152
78,195,117,1.5,0,4,7.926553,1545.677835
59,136,77,1.305084746,-1,9,8.330008897,1132.88121
87,208,121,1.390804598,-1,5,7.7568985,1613.434888
47,95,48,1.021276596,0,3,8.315,789.925
2,7,5,2.5,0,0,4.1230578,28.8614046
36,84,48,1.333333333,1,8,8.7174473,732.2655732
31,83,52,1.677419355,0,3,8.3725756,694.9237748
84,213,129,1.535714286,0,2,7.794024,1660.127112
23,61,38,1.652173913,0,3,8.2710417,504.5335437
84,200,116,1.380952381,1,2,7.8274407,1565.48814
19,53,34,1.789473684,0,1,8.0228488,425.2109864
79,183,104,1.316455696,0,3,7.898564399,1445.437285
53,116,63,1.188679245,-1,3,8.3812858,972.2291528
45,124,79,1.755555556,-1,5,8.148,1010.352
84,191,107,1.273809524,0,2,7.753787099,1480.973336
50,140,90,1.8,1,0,8.038,1125.32
51,128,77,1.509803922,-1,1,8.420772398,1077.858867
68,144,76,1.117647059,1,14,7.956,1145.664
73,162,89,1.219178082,-1,9,7.964343198,1290.223598
28,51,23,0.821428571,0,0,7.87,401.37
73,159,86,1.178082192,0,9,7.928725799,1260.667402
83,220,137,1.65060241,-1,1,7.681,1689.82
77,171,94,1.220779221,0,5,7.873489503,1346.366705
51,141,90,1.764705882,0,1,8.069,1137.729
81,178,97,1.197530864,-1,1,7.741,1377.898
68,164,96,1.411764706,1,14,8.149019098,1336.439132
70,167,97,1.385714286,0,12,8.106202,1353.735734
45,122,77,1.711111111,-1,5,8.208,1001.376
34,65,31,0.911764706,0,6,8.17,531.05
91,233,142,1.56043956,0,9,7.604867502,1771.934128
12,40,28,2.333333333,1,4,6.598,263.92
60,152,92,1.533333333,1,10,8.224007803,1250.049186
42,99,57,1.357142857,0,8,8.6077982,852.1720218
84,215,131,1.55952381,0,2,7.7681768,1670.158012
5,7,2,0.4,0,3,3.5587055,24.9109385
67,149,82,1.223880597,0,15,8.133255,1211.854995
28,48,20,0.714285714,1,0,7.236,347.328
47,114,67,1.425531915,-1,3,8.4937786,968.2907604
22,50,28,1.272727273,1,2,8.7557227,437.786135
91,229,138,1.516483516,0,9,7.629875201,1747.241421
9,19,10,1.111111111,0,1,7.7790192,147.8013648
55,140,85,1.545454545,-1,5,8.3143227,1164.005178
14,25,11,0.785714286,0,6,7.4801109,187.0027725
13,23,10,0.769230769,0,5,7.3357275,168.7217325
88,201,113,1.284090909,0,6,7.669410801,1541.551571
103,264,161,1.563106796,-1,21,7.363,1943.832
42,106,64,1.523809524,1,8,8.4795202,898.8291412
65,166,101,1.553846154,-1,15,8.113223,1346.795018
82,216,134,1.634146341,1,0,7.74,1671.84
53,141,88,1.660377358,0,3,8.202256199,1156.518124
11,21,10,0.909090909,0,3,7.7655581,163.0767201
53,147,94,1.773584906,0,3,8.001,1176.147
58,132,74,1.275862069,1,8,8.352322303,1102.506544
73,178,105,1.438356164,-1,9,8.035,1430.23
95,238,143,1.505263158,-1,13,7.555585298,1798.229301
108,265,157,1.453703704,0,18,7.2962474,1933.505561
77,164,87,1.12987013,-1,5,7.75,1271
76,182,106,1.394736842,1,6,7.989728698,1454.130623
28,72,44,1.571428571,1,0,8.5202118,613.4552496
88,221,133,1.511363636,0,6,7.701135199,1701.950879
51,104,53,1.039215686,-1,1,8.258,858.832
83,199,116,1.397590361,0,1,7.849523201,1562.055117
30,64,34,1.133333333,1,2,8.7359057,559.0979648
56,148,92,1.642857143,1,6,8.164111797,1208.288546
58,140,82,1.413793103,1,8,8.3763045,1172.68263
35,86,51,1.457142857,-1,7,8.6323659,742.3834674
64,161,97,1.515625,0,14,8.167193398,1314.918137
68,145,77,1.132352941,0,14,7.975,1156.375
52,129,77,1.480769231,0,2,8.430409798,1087.522864
76,179,103,1.355263158,0,6,7.979484402,1428.327708
19,34,15,0.789473684,-1,1,7.67,260.78
31,79,48,1.548387097,0,3,8.5560725,675.9297275
69,179,110,1.594202899,0,13,8.004,1432.716
48,122,74,1.541666667,1,2,8.424266697,1027.760537
103,261,158,1.533980583,0,21,7.381,1926.441
30,85,55,1.833333333,0,2,8.09,687.65
87,207,120,1.379310345,0,5,7.756268899,1605.547662
58,144,86,1.482758621,1,8,8.314761201,1197.325613
99,249,150,1.515151515,0,17,7.474,1861.026
50,129,79,1.58,0,0,8.392816101,1082.673277
83,219,136,1.638554217,0,1,7.7,1686.3
84,223,139,1.654761905,0,2,7.655,1707.065
47,130,83,1.765957447,-1,3,8.142,1058.46
74,157,83,1.121621622,0,8,7.828,1228.996
94,229,135,1.436170213,0,12,7.586883402,1737.396299
54,117,63,1.166666667,0,4,8.3442976,976.2828192
21,39,18,0.857142857,0,1,8.0134575,312.5248425
6,16,10,1.666666667,1,2,6.9220546,110.7528736
30,74,44,1.466666667,1,2,8.6427547,639.5638478
42,98,56,1.333333333,1,8,8.6351691,846.2465718
25,49,24,0.96,0,3,8.439915,413.555835
24,70,46,1.916666667,1,4,7.884,551.88
83,208,125,1.506024096,-1,1,7.849853399,1632.769507
69,168,99,1.434782609,-1,13,8.114951601,1363.311869
85,206,121,1.423529412,-1,3,7.808890398,1608.631422
23,59,36,1.565217391,0,3,8.4038034,495.8244006
87,225,138,1.586206897,0,5,7.6629412,1724.16177
84,189,105,1.25,0,2,7.731132101,1461.183967
109,276,167,1.532110092,-1,17,7.25,2001
99,250,151,1.525252525,-1,17,7.469,1867.25
57,147,90,1.578947368,0,7,8.221553599,1208.568379
54,113,59,1.092592593,0,4,8.2479277,932.0158301
61,156,95,1.557377049,-1,11,8.176726301,1275.569303
70,162,92,1.314285714,1,12,8.102533302,1312.610395
12,33,21,1.75,0,4,7.6364382,252.0024606
29,77,48,1.655172414,0,1,8.4112501,647.6662577
69,153,84,1.217391304,0,13,8.071257098,1234.902336
31,61,30,0.967741935,0,3,8.4464313,515.2323093
80,194,114,1.425,1,2,7.914597402,1535.431896
52,145,93,1.788461538,0,2,7.998,1159.71
35,87,52,1.485714286,0,7,8.6059105,748.7142135
18,49,31,1.722222222,0,2,8.132,398.468
53,128,75,1.41509434,-1,3,8.432830898,1079.402355
72,163,91,1.263888889,0,10,8.028007202,1308.565174
93,238,145,1.559139785,-1,11,7.566222,1800.760836
62,144,82,1.322580645,1,12,8.30368,1195.72992
19,48,29,1.526315789,-1,1,8.4342324,404.8431552
12,31,19,1.583333333,0,4,7.8691886,243.9448466
98,256,158,1.612244898,1,16,7.432,1902.592
106,271,165,1.556603774,0,20,7.305,1979.655
33,66,33,1,-1,5,8.4684034,558.9146244
29,59,30,1.034482759,0,1,8.6420027,509.8781593
71,169,98,1.38028169,0,11,8.086323302,1366.588638
50,135,85,1.7,0,0,8.230687704,1111.14284
76,184,108,1.421052632,1,6,7.988677799,1469.916715
21,51,30,1.428571429,0,1,8.5972213,438.4582863
46,99,53,1.152173913,0,4,8.5379332,845.2553868
57,152,95,1.666666667,-1,7,8.102,1231.504
93,223,130,1.397849462,0,11,7.607565399,1696.487084
14,30,16,1.142857143,1,6,8.5206549,255.619647
24,56,32,1.333333333,1,4,8.7232609,488.5026104
55,136,81,1.472727273,-1,5,8.389772301,1141.009033
60,141,81,1.35,0,10,8.335507397,1175.306543
98,253,155,1.581632653,0,16,7.4548297,1886.071914
42,83,41,0.976190476,0,8,8.234,683.422
94,245,151,1.606382979,0,12,7.5132822,1840.754139
47,105,58,1.234042553,0,3,8.5503708,897.788934
54,110,56,1.037037037,1,4,8.1592808,897.520888
59,157,98,1.661016949,0,9,8.085817,1269.473269
72,165,93,1.291666667,0,10,8.0428728,1327.074012
63,161,98,1.555555556,0,13,8.148981,1311.985941
79,203,124,1.569620253,0,3,7.880865,1599.815595
59,129,70,1.186440678,0,9,8.254380798,1064.815123
49,119,70,1.428571429,0,1,8.486138697,1009.850505
50,123,73,1.46,0,0,8.467231301,1041.46945
6,22,16,2.666666667,1,2,5.4210778,119.2637116
86,199,113,1.313953488,0,4,7.741056799,1540.470303
78,184,106,1.358974359,1,4,7.942564902,1461.431942
7,10,3,0.428571429,-1,1,3.6436724,36.436724
54,140,86,1.592592593,1,4,8.2908875,1160.72425
58,133,75,1.293103448,0,8,8.349830098,1110.527403
100,241,141,1.41,0,18,7.459,1797.619
78,189,111,1.423076923,0,4,7.941404503,1500.925451
52,119,67,1.288461538,0,2,8.462078504,1006.987342
69,167,98,1.420289855,0,13,8.122582599,1356.471294
49,130,81,1.653061224,-1,1,8.314176,1080.84288
112,285,173,1.544642857,0,14,7.185,2047.725
88,225,137,1.556818182,0,6,7.6675866,1725.206985
66,167,101,1.53030303,0,16,8.120878198,1356.186659
35,98,63,1.8,-1,7,8.078,791.644
91,237,146,1.604395604,0,9,7.5703847,1794.181174
36,85,49,1.361111111,0,8,8.6985633,739.3778805
44,99,55,1.25,0,6,8.6087132,852.2626068
14,26,12,0.857142857,1,6,7.9247083,206.0424158
83,191,108,1.301204819,0,1,7.800661298,1489.926308
34,87,53,1.558823529,0,6,8.529092,742.031004
118,294,176,1.491525424,1,8,7.079,2081.226
72,159,87,1.208333333,0,10,7.986561,1269.863199
61,130,69,1.131147541,-1,11,8.131,1057.03
86,206,120,1.395348837,1,4,7.789041699,1604.54259
84,221,137,1.630952381,0,2,7.684481398,1698.270389
86,210,124,1.441860465,1,4,7.7966653,1637.299713
65,163,98,1.507692308,0,15,8.155632202,1329.368049
67,157,90,1.343283582,0,15,8.163137299,1281.612556
47,124,77,1.638297872,-1,3,8.308895798,1030.303079
50,125,75,1.5,0,0,8.445528504,1055.691063
61,158,97,1.590163934,-1,11,8.143362203,1286.651228
89,221,132,1.483146067,0,7,7.6905039,1699.601362
25,53,28,1.12,0,3,8.7341798,462.9115294
72,167,95,1.319444444,0,10,8.054185,1345.048895
7,15,8,1.142857143,0,1,7.6994603,115.4919045
101,254,153,1.514851485,-1,19,7.432,1887.728
66,174,108,1.636363636,1,16,8.011,1393.914
45,97,52,1.155555556,0,5,8.5598949,830.3098053
41,88,47,1.146341463,-1,9,8.5724013,754.3713144
60,153,93,1.55,0,10,8.204583203,1255.30123
110,277,167,1.518181818,0,16,7.237,2004.649
86,226,140,1.627906977,1,4,7.646410801,1728.088841
27,50,23,0.851851852,-1,1,8.0006387,400.031935
48,95,47,0.979166667,0,2,8.171,776.245
71,162,91,1.281690141,-1,11,8.054559599,1304.838655
101,259,158,1.564356436,0,19,7.405,1917.895
80,196,116,1.45,1,2,7.91437,1551.21652
28,77,49,1.75,0,0,8.272,636.944
80,175,95,1.1875,0,2,7.7592134,1357.862345
27,77,50,1.851851852,0,1,8.082,622.314
86,215,129,1.5,0,4,7.7638164,1669.220526
52,113,61,1.173076923,0,2,8.4046366,949.7239358
17,40,23,1.352941176,-1,3,8.427766,337.11064
16,31,15,0.9375,0,4,8.2818013,256.7358403
62,147,85,1.370967742,0,12,8.280573401,1217.24429
89,217,128,1.438202247,0,7,7.710344802,1673.144822
109,275,166,1.52293578,0,17,7.257,1995.675
57,155,98,1.719298246,0,7,8.028,1244.34
33,90,57,1.727272727,-1,5,8.24,741.6
74,167,93,1.256756757,0,8,7.976704503,1332.109652
42,89,47,1.119047619,0,8,8.5449851,760.5036739
74,184,110,1.486486486,1,8,8.005077701,1472.934297
80,171,91,1.1375,0,2,7.686,1314.306
11,37,26,2.363636364,0,3,6.403,236.911
83,209,126,1.518072289,0,1,7.8479869,1640.229262
65,171,106,1.630769231,0,15,8.03,1373.13
49,110,61,1.244897959,-1,1,8.5089087,935.979957
28,56,28,1,1,0,8.6427811,483.9957416
35,89,54,1.542857143,0,7,8.5307802,759.2394378
88,216,128,1.454545455,1,6,7.737345801,1671.266693
22,40,18,0.818181818,1,2,7.8658632,314.634528
43,93,50,1.162790698,0,7,8.6085782,800.5977726
58,145,87,1.5,0,8,8.2898762,1202.032049
44,109,65,1.477272727,0,6,8.496228,926.088852
74,162,88,1.189189189,1,8,7.923821401,1283.659067
32,64,32,1,1,4,8.5288243,545.8447552
53,121,68,1.283018868,0,3,8.441411099,1021.410743
37,95,58,1.567567568,0,9,8.4601967,803.7186865
65,144,79,1.215384615,-1,15,8.151287701,1173.785429
100,256,156,1.56,1,18,7.431788801,1902.537933
25,67,42,1.68,0,3,8.281,554.827
100,257,157,1.57,0,18,7.422194198,1907.503909
72,158,86,1.194444444,1,10,7.981276399,1261.041671
114,287,173,1.51754386,0,12,7.155,2053.485
48,115,67,1.395833333,0,2,8.5107252,978.733398
45,95,50,1.111111111,0,5,8.5253707,809.9102165
33,71,38,1.151515152,0,5,8.663935,615.139385
67,171,104,1.552238806,0,15,8.083602099,1382.295959
33,85,52,1.575757576,0,5,8.5109851,723.4337335
28,54,26,0.928571429,1,0,8.3930328,453.2237712
64,144,80,1.25,1,14,8.221938201,1183.959101
45,89,44,0.977777778,0,5,8.189,728.821
82,183,101,1.231707317,0,0,7.762179,1420.478757
79,187,108,1.367088608,0,3,7.917432299,1480.55984
85,224,139,1.635294118,-1,3,7.650735402,1713.76473
82,197,115,1.402439024,0,0,7.871282198,1550.642593
74,166,92,1.243243243,1,8,7.974895102,1323.832587
82,194,112,1.365853659,1,0,7.865418098,1525.891111
84,224,140,1.666666667,1,2,7.644,1712.256
91,211,120,1.318681319,0,9,7.629394801,1609.802303
49,109,60,1.224489796,0,1,8.5131027,927.9281943
23,42,19,0.826086957,-1,3,7.824,328.608
64,134,70,1.09375,1,14,8.008,1073.072
32,65,33,1.03125,0,4,8.5550584,556.078796
56,138,82,1.464285714,1,6,8.393422203,1158.292264
43,114,71,1.651162791,-1,7,8.2902599,945.0896286
110,270,160,1.454545455,1,16,7.2537634,1958.516118
73,166,93,1.273972603,-1,9,8.004971398,1328.825252
78,190,112,1.435897436,1,4,7.9464941,1509.833879
65,152,87,1.338461538,-1,15,8.202007197,1246.705094
70,181,111,1.585714286,0,12,7.996,1447.276
57,143,86,1.50877193,0,7,8.306127098,1187.776175
75,185,110,1.466666667,0,7,7.991010103,1478.336869
46,122,76,1.652173913,1,4,8.3059755,1013.329011
24,50,26,1.083333333,1,4,8.7010188,435.05094
25,60,35,1.4,-1,3,8.6281392,517.688352
37,101,64,1.72972973,0,9,8.2061753,828.8237053
107,264,157,1.46728972,-1,19,7.315,1931.16
94,235,141,1.5,0,12,7.578879902,1781.036777
55,145,90,1.636363636,0,5,8.1887342,1187.366459
53,145,92,1.735849057,0,3,8.069,1170.005
10,23,13,1.3,0,2,7.9552561,182.9708903
1,3,2,2,0,1,2.8272654,8.4817962
91,223,132,1.450549451,0,9,7.6518957,1706.372741
27,52,25,0.925925926,-1,1,8.3255606,432.9291512
63,139,76,1.206349206,0,13,8.187218698,1138.023399
85,222,137,1.611764706,-1,3,7.677387802,1704.380092
71,170,99,1.394366197,-1,11,8.0816686,1373.883662
78,179,101,1.294871795,0,4,7.910675899,1416.010986
57,137,80,1.403508772,0,7,8.381880701,1148.317656
50,116,66,1.32,1,0,8.5231166,988.6815256
24,65,41,1.708333333,0,4,8.218,534.17
65,172,107,1.646153846,-1,15,8.006,1377.032
81,199,118,1.456790123,0,1,7.893877302,1570.881583
88,227,139,1.579545455,0,6,7.648304802,1736.16519
90,224,134,1.488888889,1,8,7.667716201,1717.568429
56,154,98,1.75,1,6,8.001,1232.154
24,68,44,1.833333333,1,4,8.026,545.768
23,45,22,0.956521739,0,3,8.3800394,377.101773
10,18,8,0.8,1,2,7.3412577,132.1426386
71,176,105,1.478873239,-1,11,8.059020898,1418.387678
81,209,128,1.580246914,0,1,7.8333979,1637.180161
49,105,56,1.142857143,0,1,8.4647045,888.7939725
57,149,92,1.614035088,0,7,8.176191503,1218.252534
49,111,62,1.265306122,0,1,8.5222824,945.9733464
62,160,98,1.580645161,1,12,8.1446159,1303.138544
67,168,101,1.507462687,-1,15,8.116806101,1363.623425
66,164,98,1.484848485,1,16,8.158712902,1338.028916
68,170,102,1.5,1,14,8.1119529,1379.031993
53,130,77,1.452830189,-1,3,8.4211011,1094.743143
73,179,106,1.452054795,0,9,8.033586899,1438.012055
27,78,51,1.888888889,-1,1,7.997,623.766
79,207,128,1.620253165,0,3,7.824,1619.568
22,44,22,1,1,2,8.5335215,375.474946
69,155,86,1.246376812,0,13,8.088376,1253.69828
100,245,145,1.45,0,18,7.465,1828.925
77,200,123,1.597402597,-1,5,7.878,1575.6
111,282,171,1.540540541,-1,15,7.204,2031.528
52,106,54,1.038461538,1,2,8.2367682,873.0974292
95,246,151,1.589473684,-1,13,7.505,1846.23
60,144,84,1.4,1,10,8.326923701,1199.077013
98,243,145,1.479591837,0,16,7.505,1823.715
100,243,143,1.43,0,18,7.464,1813.752
62,139,77,1.241935484,0,12,8.243078597,1145.787925
46,115,69,1.5,0,4,8.4577342,972.639433
90,210,120,1.333333333,1,8,7.6690764,1610.506044
21,55,34,1.619047619,0,1,8.3333694,458.335317
37,87,50,1.351351351,0,9,8.7109843,757.8556341
65,169,104,1.6,0,15,8.069,1363.661
41,109,68,1.658536585,0,9,8.2971307,904.3872463
43,113,70,1.627906977,0,7,8.3294652,941.2295676
69,173,104,1.507246377,0,13,8.084463301,1398.612151
5,10,5,1,-1,3,6.4750835,64.750835
36,94,58,1.611111111,1,8,8.4243318,791.8871892
98,237,139,1.418367347,0,16,7.5033507,1778.294116
39,92,53,1.358974359,-1,11,8.6615894,796.8662248
52,111,59,1.134615385,0,2,8.3677635,928.8217485
75,171,96,1.28,0,7,7.969413099,1362.76964
47,121,74,1.574468085,0,3,8.382330603,1014.262003
46,111,65,1.413043478,0,4,8.5217498,945.9142278
48,133,85,1.770833333,0,2,8.121,1080.093
4,11,7,1.75,0,2,5.9525402,65.4779422
54,124,70,1.296296296,1,4,8.437613798,1046.264111
93,225,132,1.419354839,0,11,7.607423102,1711.670198
11,27,16,1.454545455,0,3,7.9569467,214.8375609
57,120,63,1.105263158,-1,7,8.179,981.48
28,82,54,1.928571429,1,0,7.935,650.67
76,161,85,1.118421053,0,6,7.765,1250.165
90,226,136,1.511111111,1,8,7.6571195,1730.509007
69,144,75,1.086956522,-1,13,7.85,1130.4
63,134,71,1.126984127,-1,13,8.075,1082.05
70,166,96,1.371428571,1,12,8.112459102,1346.668211
27,70,43,1.592592593,-1,1,8.434198,590.39386
91,222,131,1.43956044,-1,9,7.651237302,1698.574681
67,166,99,1.47761194,-1,15,8.135493301,1350.491888
56,133,77,1.375,0,6,8.400205902,1117.227385
48,111,63,1.3125,0,2,8.5370801,947.6158911
86,205,119,1.38372093,0,4,7.7807226,1595.048133
44,123,79,1.795454545,0,6,8.089,994.947
25,66,41,1.64,-1,3,8.3317986,549.8987076
16,46,30,1.875,1,4,7.785,358.11
71,171,100,1.408450704,0,11,8.084662099,1382.477219
41,87,46,1.12195122,0,9,8.5517579,744.0029373
45,102,57,1.266666667,-1,5,8.5769818,874.8521436
32,78,46,1.4375,1,4,8.6716636,676.3897608
81,191,110,1.358024691,0,1,7.877144503,1504.5346
10,28,18,1.8,1,2,7.3883463,206.8736964
57,156,99,1.736842105,-1,7,7.997,1247.532
62,158,96,1.548387097,1,12,8.1773075,1292.014585
82,193,111,1.353658537,0,0,7.854099399,1515.841184
6,12,6,1,1,2,7.6801446,92.1617352
37,83,46,1.243243243,0,9,8.6752193,720.0432019
76,178,102,1.342105263,1,6,7.981912798,1420.780478
102,252,150,1.470588235,1,20,7.425799198,1871.301398
60,157,97,1.616666667,0,10,8.132167102,1276.750235
64,136,72,1.125,1,14,8.064,1096.704
55,142,87,1.581818182,-1,5,8.264877697,1173.612633
106,269,163,1.537735849,0,20,7.318,1968.542
82,205,123,1.5,0,0,7.874331302,1614.237917
53,127,74,1.396226415,0,3,8.445482,1072.576214
77,172,95,1.233766234,-1,5,7.880263698,1355.405356
73,161,88,1.205479452,0,9,7.95745,1281.14945
38,100,62,1.631578947,1,10,8.3722012,837.22012
5,14,9,1.8,-1,3,6.1016451,85.4230314
97,250,153,1.577319588,-1,15,7.4759594,1868.98985
77,201,124,1.61038961,0,5,7.87,1581.87
57,142,85,1.49122807,-1,7,8.320826303,1181.557335
17,35,18,1.058823529,0,3,8.520279,298.209765
34,63,29,0.852941176,0,6,7.917,498.771
29,80,51,1.75862069,-1,1,8.246,659.68
91,214,123,1.351648352,-1,9,7.647703701,1636.608592
20,35,15,0.75,0,0,7.476,261.66
34,81,47,1.382352941,0,6,8.6859998,703.5659838
66,151,85,1.287878788,0,16,8.184678901,1235.886514
117,293,176,1.504273504,0,9,7.095,2078.835
81,195,114,1.407407407,0,1,7.890729303,1538.692214
52,118,66,1.269230769,1,2,8.469697,999.424246
92,226,134,1.456521739,1,10,7.631916602,1724.813152
51,111,60,1.176470588,0,1,8.4401203,936.8533533
77,204,127,1.649350649,-1,5,7.823,1595.892
77,167,90,1.168831169,0,5,7.812825401,1304.741842
49,135,86,1.755102041,0,1,8.136,1098.36
95,230,135,1.421052632,-1,13,7.562,1739.26
73,184,111,1.520547945,-1,9,7.9937535,1470.850644
50,132,82,1.64,1,0,8.354872598,1102.843183
52,130,78,1.5,1,2,8.4303251,1095.942263
42,82,40,0.952380952,1,8,8.163,669.366
98,240,142,1.448979592,1,16,7.51024,1802.4576
93,233,140,1.505376344,0,11,7.596181601,1769.910313
44,104,60,1.363636364,1,6,8.5873998,893.0895792
106,260,154,1.452830189,1,20,7.3425632,1909.066432
64,147,83,1.296875,0,14,8.243336599,1211.77048
49,101,52,1.06122449,0,1,8.370426,845.413026
82,179,97,1.182926829,0,0,7.701463,1378.561877
86,204,118,1.372093023,1,4,7.780574299,1587.237157
45,115,70,1.555555556,0,5,8.4106538,967.225187
67,178,111,1.656716418,-1,15,7.957,1416.346
57,157,100,1.754385965,0,7,7.972,1251.604
40,82,42,1.05,1,10,8.4654666,694.1682612
67,158,91,1.358208955,-1,15,8.158470899,1289.038402
46,121,75,1.630434783,0,4,8.320858397,1006.823866
84,227,143,1.702380952,0,2,7.596,1724.292
69,160,91,1.31884058,-1,13,8.1108124,1297.729984
70,177,107,1.528571429,0,12,8.049974102,1424.845416
82,201,119,1.451219512,0,0,7.877878199,1583.453518
44,103,59,1.340909091,0,6,8.5843656,884.1896568
36,93,57,1.583333333,0,8,8.4581085,786.6040905
100,252,152,1.52,1,18,7.456035099,1878.920845
72,155,83,1.152777778,0,10,7.929,1228.995
42,84,42,1,1,8,8.325,699.3
20,48,28,1.4,1,0,8.6666916,416.0011968
28,63,35,1.25,0,0,8.7634955,552.1002165
43,91,48,1.11627907,0,7,8.5366558,776.8356778
32,72,40,1.25,1,4,8.7317459,628.6857048
20,53,33,1.65,0,0,8.3305778,441.5206234
62,138,76,1.225806452,1,12,8.237928601,1136.834147
25,44,19,0.76,-1,3,7.457,328.108
10,24,14,1.4,1,2,7.9933252,191.8398048
19,41,22,1.157894737,0,1,8.5760731,351.6189971
92,218,126,1.369565217,1,10,7.640719101,1665.676764
69,175,106,1.536231884,0,13,8.061767303,1410.809278
48,104,56,1.166666667,1,2,8.5176232,885.8328128
58,125,67,1.155172414,0,8,8.242,1030.25
1,7,6,6,0,1,0.94,6.58
54,137,83,1.537037037,0,4,8.364286504,1145.907251
24,69,45,1.875,0,4,7.939,547.791
80,190,110,1.375,1,2,7.9070174,1502.333306
18,43,25,1.388888889,0,2,8.4882382,364.9942426
47,118,71,1.510638298,-1,3,8.43389,995.19902
71,173,102,1.436619718,0,11,8.079031202,1397.672398
37,88,51,1.378378378,-1,9,8.6811154,763.9381552
18,36,18,1,1,2,8.5199096,306.7167456
22,46,24,1.090909091,1,2,8.6564623,398.1972658
76,192,116,1.526315789,1,6,7.948526,1526.116992
61,141,80,1.31147541,0,11,8.303940504,1170.855611
62,129,67,1.080645161,0,12,8.023,1034.967
14,42,28,2,1,6,7.41,311.22
33,72,39,1.181818182,-1,5,8.6603786,623.5472592
109,274,165,1.513761468,-1,17,7.259,1988.966
14,35,21,1.5,0,6,8.1695644,285.934754
96,240,144,1.5,1,14,7.5428617,1810.286808
27,55,28,1.037037037,0,1,8.6696204,476.829122
92,216,124,1.347826087,1,10,7.631307199,1648.362355
69,161,92,1.333333333,0,13,8.120490602,1307.398987
34,80,46,1.352941176,1,6,8.7108142,696.865136
79,208,129,1.632911392,-1,3,7.803,1623.024
63,149,86,1.365079365,0,13,8.253556,1229.779844
65,159,94,1.446153846,0,15,8.188802503,1302.019598
87,214,127,1.459770115,-1,5,7.757739299,1660.15621
93,236,143,1.537634409,-1,11,7.579214801,1788.694693
104,263,159,1.528846154,0,22,7.364,1936.732
41,105,64,1.56097561,0,9,8.4316925,885.3277125
62,143,81,1.306451613,0,12,8.288182503,1185.210098
110,267,157,1.427272727,0,16,7.248,1935.216
16,34,18,1.125,1,4,8.5834986,291.8389524
25,50,25,1,-1,3,8.5326823,426.634115
28,60,32,1.142857143,1,0,8.7807769,526.846614
45,105,60,1.333333333,0,5,8.5727053,900.1340565
34,75,41,1.205882353,0,6,8.6789139,650.9185425
18,40,22,1.222222222,1,2,8.5952594,343.810376
74,186,112,1.513513514,1,8,7.988602602,1485.880084
46,91,45,0.97826087,0,4,8.183,744.653
44,101,57,1.295454545,0,6,8.601366,868.737966
54,122,68,1.259259259,1,4,8.424664402,1027.809057
105,256,151,1.438095238,-1,21,7.359,1883.904
2,10,8,4,1,0,2.995134,29.95134
72,172,100,1.388888889,1,10,8.071743901,1388.339951
31,74,43,1.387096774,-1,3,8.6631676,641.0744024
56,122,66,1.178571429,1,6,8.323756697,1015.498317
90,220,130,1.444444444,1,8,7.6844964,1690.589208
45,94,49,1.088888889,-1,5,8.4724033,796.4059102
83,217,134,1.614457831,0,1,7.731849101,1677.811255
54,127,73,1.351851852,0,4,8.434106598,1071.131538
82,208,126,1.536585366,1,0,7.867453,1636.430224
66,150,84,1.272727273,1,16,8.1891495,1228.372425
48,131,83,1.729166667,0,2,8.206120397,1075.001772
77,199,122,1.584415584,0,5,7.891206598,1570.350113
22,45,23,1.045454545,0,2,8.5557321,385.0079445
42,92,50,1.19047619,1,8,8.6577312,796.5112704
11,32,21,1.909090909,-1,3,7.2198815,231.036208
37,94,57,1.540540541,-1,9,8.4927644,798.3198536
66,169,103,1.560606061,0,16,8.094756598,1368.013865
40,111,71,1.775,0,10,8.118,901.098
61,165,104,1.704918033,0,11,7.992,1318.68
72,181,109,1.513888889,0,10,8.022003,1451.982543
40,102,62,1.55,1,10,8.466294,863.561988
82,188,106,1.292682927,1,0,7.824821101,1471.066367
12,29,17,1.416666667,0,4,8.1135317,235.2924193
36,70,34,0.944444444,1,8,8.256,577.92
72,180,108,1.5,1,10,8.0349319,1446.287742
46,104,58,1.260869565,1,4,8.5848485,892.824244
53,109,56,1.056603774,0,3,8.2200164,895.9817876
85,199,114,1.341176471,0,3,7.781488302,1548.516172
73,181,108,1.479452055,0,9,8.023405,1452.236305
26,69,43,1.653846154,0,2,8.345,575.805
52,125,73,1.403846154,0,2,8.458036104,1057.254513
56,124,68,1.214285714,1,6,8.355820903,1036.121792
30,54,24,0.8,1,2,7.742,418.068
39,93,54,1.384615385,0,11,8.6489054,804.3482022
45,92,47,1.044444444,-1,5,8.3734211,770.3547412
19,46,27,1.421052632,-1,1,8.5180428,391.8299688
66,166,100,1.515151515,1,16,8.137279301,1350.788364
75,180,105,1.4,-1,7,7.9999922,1439.998596
35,68,33,0.942857143,-1,7,8.239,560.252
80,174,94,1.175,1,2,7.749785098,1348.462607
34,74,40,1.176470588,1,6,8.6877155,642.890947
35,81,46,1.314285714,0,7,8.6959465,704.3716665
48,128,80,1.666666667,1,2,8.303236703,1062.814298
72,170,98,1.361111111,1,10,8.0708762,1372.048954
114,288,174,1.526315789,1,12,7.154,2060.352
85,226,141,1.658823529,-1,3,7.624,1723.024
9,28,19,2.111111111,-1,1,6.6268567,185.5519876
30,67,37,1.233333333,0,2,8.7341534,585.1882778
17,44,27,1.588235294,-1,3,8.2344788,362.3170672
22,47,25,1.136363636,0,2,8.6612325,407.0779275
83,193,110,1.325301205,0,1,7.817171798,1508.714157
54,148,94,1.740740741,1,4,8.047,1190.956
89,226,137,1.539325843,-1,7,7.655662801,1730.179793
28,76,48,1.714285714,1,0,8.338,633.688
109,270,161,1.47706422,-1,17,7.271,1963.17
93,241,148,1.591397849,0,11,7.544042602,1818.114267
108,273,165,1.527777778,0,18,7.279,1987.167
54,128,74,1.37037037,1,4,8.443300797,1080.742502
88,233,145,1.647727273,0,6,7.585564399,1767.436505
90,212,122,1.355555556,1,8,7.682062802,1628.597314
43,100,57,1.325581395,-1,7,8.5951184,859.51184
41,112,71,1.731707317,-1,9,8.178,915.936
74,170,96,1.297297297,1,8,8.0089482,1361.521194
47,129,82,1.744680851,0,3,8.188,1056.252
64,142,78,1.21875,1,14,8.190256901,1163.01648
106,266,160,1.509433962,1,20,7.332,1950.312
27,48,21,0.777777778,-1,1,7.595,364.56
12,37,25,2.083333333,0,4,7.0551115,261.0391255
44,118,74,1.681818182,1,6,8.263,975.034
83,207,124,1.493975904,0,1,7.8545053,1625.882597
99,241,142,1.434343434,0,17,7.485,1803.885
62,166,104,1.677419355,1,12,8.023,1331.818
68,174,106,1.558823529,1,14,8.064,1403.136
74,171,97,1.310810811,0,8,8.008115801,1369.387802
7,23,16,2.285714286,0,1,6.2366721,143.4434583
75,179,104,1.386666667,0,7,8.003766598,1432.674221
11,28,17,1.545454545,-1,3,7.7992644,218.3794032
12,21,9,0.75,0,4,7.1050317,149.2056657
78,178,100,1.282051282,1,4,7.908253,1407.669034
114,285,171,1.5,0,12,7.159,2040.315
79,184,105,1.329113924,-1,3,7.900194701,1453.635825
103,259,156,1.514563107,0,21,7.39,1914.01
76,173,97,1.276315789,0,6,7.944034098,1374.317899
86,231,145,1.686046512,0,4,7.579,1750.749
73,185,112,1.534246575,0,9,7.986361503,1477.476878
77,192,115,1.493506494,-1,5,7.938999901,1524.287981
83,213,130,1.56626506,0,1,7.7910217,1659.487622
105,268,163,1.552380952,-1,21,7.328,1963.904
53,126,73,1.377358491,-1,3,8.439937897,1063.432175
80,214,134,1.675,1,2,7.724,1652.936
22,58,36,1.636363636,1,2,8.307629,481.842482
88,218,130,1.477272727,1,6,7.725024101,1684.055254
109,278,169,1.550458716,-1,17,7.24,2012.72
63,142,79,1.253968254,-1,13,8.226396,1168.148232
80,201,121,1.5125,0,2,7.897560701,1587.409701
80,211,131,1.6375,0,2,7.777,1640.947
73,173,100,1.369863014,0,9,8.044065,1391.623245
28,52,24,0.857142857,1,0,8.0838977,420.3626804
38,78,40,1.052631579,1,10,8.5000971,663.0075738
90,229,139,1.544444444,0,8,7.634651,1748.335079
7,21,14,2,0,1,6.6090159,138.7893339
56,118,62,1.107142857,1,6,8.227,970.786
77,196,119,1.545454545,-1,5,7.914148699,1551.173145
100,250,150,1.5,1,18,7.4620905,1865.522625
76,170,94,1.236842105,1,6,7.9211258,1346.591386
71,160,89,1.253521127,-1,11,8.0383387,1286.134192
109,266,157,1.440366972,-1,17,7.270759801,1934.022107
12,24,12,1,1,4,8.2607103,198.2570472
3,12,9,3,-1,1,3.7915999,45.4991988
72,171,99,1.375,0,10,8.066068702,1379.297748
83,205,122,1.469879518,0,1,7.8573218,1610.750969
116,291,175,1.50862069,0,10,7.116,2070.756
58,122,64,1.103448276,1,8,8.174,997.228
56,147,91,1.625,0,6,8.183240503,1202.936354
65,173,108,1.661538462,0,15,7.988,1381.924
60,133,73,1.216666667,0,10,8.262232,1098.876856
29,73,44,1.517241379,0,1,8.5685699,625.5056027
66,142,76,1.151515152,1,16,8.061,1144.662
26,53,27,1.038461538,0,2,8.6487985,458.3863205
69,158,89,1.289855072,-1,13,8.101199399,1279.989505
67,175,108,1.611940299,0,15,8.019,1403.325
31,66,35,1.129032258,-1,3,8.6693631,572.1779646
10,32,22,2.2,1,2,6.671,213.472
32,74,42,1.3125,1,4,8.7252011,645.6648814
76,180,104,1.368421053,1,6,7.9874171,1437.735078
84,226,142,1.69047619,1,2,7.614,1720.764
72,168,96,1.333333333,1,10,8.065553601,1355.013005
55,132,77,1.4,-1,5,8.405587803,1109.53759
26,65,39,1.5,0,2,8.546347,555.512555
50,118,68,1.36,1,0,8.516534102,1004.951024
64,140,76,1.1875,1,14,8.1549757,1141.696598
105,260,155,1.476190476,-1,21,7.357,1912.82
87,200,113,1.298850575,-1,5,7.7003292,1540.06584
57,121,64,1.122807018,0,7,8.217,994.257
63,159,96,1.523809524,0,13,8.176698698,1300.095093
71,179,108,1.521126761,0,11,8.035074402,1438.278318
91,238,147,1.615384615,-1,9,7.558344899,1798.886086
80,200,120,1.5,1,2,7.9058956,1581.17912
21,53,32,1.523809524,0,1,8.4928325,450.1201225
78,166,88,1.128205128,1,4,7.733,1283.678
42,119,77,1.833333333,0,8,8.019,954.261
85,210,125,1.470588235,-1,3,7.8116638,1640.449398
55,116,61,1.109090909,-1,5,8.235,955.26
13,38,25,1.923076923,-1,5,7.37,280.06
26,58,32,1.230769231,1,2,8.7922534,509.9506972
31,75,44,1.419354839,0,3,8.6607565,649.5567375
87,221,134,1.540229885,0,5,7.703257199,1702.419841
63,160,97,1.53968254,-1,13,8.160103,1305.61648
29,64,35,1.206896552,-1,1,8.7390736,559.3007104
54,115,61,1.12962963,0,4,8.3009704,954.611596
45,121,76,1.688888889,0,5,8.2452397,997.6740037
77,170,93,1.207792208,-1,5,7.853,1335.01
72,183,111,1.541666667,0,10,8.000031503,1464.005765
98,239,141,1.43877551,0,16,7.507,1794.173
43,89,46,1.069767442,0,7,8.4505758,752.1012462
86,211,125,1.453488372,0,4,7.793941199,1644.521593
55,115,60,1.090909091,0,5,8.216,944.84
77,197,120,1.558441558,0,5,7.909000299,1558.073059
97,248,151,1.556701031,-1,15,7.4905975,1857.66818
76,196,120,1.578947368,1,6,7.912230102,1550.7971
87,206,119,1.367816092,-1,5,7.746962102,1595.874193
81,196,115,1.419753086,-1,1,7.88829,1546.10484
34,73,39,1.147058824,0,6,8.6415591,630.8338143
92,222,130,1.413043478,1,10,7.637765099,1695.583852
40,79,39,0.975,0,10,8.267,653.093
65,151,86,1.323076923,0,15,8.208874298,1239.540019
64,166,102,1.59375,1,14,8.097226,1344.139516
25,58,33,1.32,-1,3,8.6966438,504.4053404
7,16,9,1.285714286,-1,1,7.3737971,117.9807536
48,112,64,1.333333333,1,2,8.5447306,957.0098272
78,207,129,1.653846154,0,4,7.797,1613.979
34,91,57,1.676470588,0,6,8.3348382,758.4702762
90,233,143,1.588888889,0,8,7.6028937,1771.474232
38,79,41,1.078947368,0,10,8.5238558,673.3846082
19,42,23,1.210526316,-1,1,8.5512571,359.1527982
66,157,91,1.378787879,0,16,8.184628701,1284.986706
61,154,93,1.524590164,-1,11,8.204717,1263.526418
49,96,47,0.959183673,-1,1,8.069,774.624
32,82,50,1.5625,1,4,8.5637567,702.2280494
34,90,56,1.647058824,1,6,8.3957672,755.619048
11,31,20,1.818181818,0,3,7.3986778,229.3590118
10,31,21,2.1,0,2,6.8130902,211.2057962
58,128,70,1.206896552,1,8,8.306925898,1063.286515
24,52,28,1.166666667,1,4,8.7759946,456.3517192
46,113,67,1.456521739,0,4,8.4925795,959.6614835
50,103,53,1.06,0,0,8.343,859.329
79,205,126,1.594936709,0,3,7.86,1611.3
56,116,60,1.071428571,1,6,8.162,946.792
17,43,26,1.529411765,0,3,8.3238672,357.9262896
69,148,79,1.144927536,-1,13,7.968501101,1179.338163
93,224,131,1.408602151,-1,11,7.603503201,1703.184717
60,155,95,1.583333333,0,10,8.170305,1266.397275
65,147,82,1.261538462,0,15,8.206625,1206.373875
17,41,24,1.411764706,0,3,8.4129593,344.9313313
38,82,44,1.157894737,1,10,8.635719,708.128958
48,106,58,1.208333333,1,2,8.5390492,905.1392152
75,190,115,1.533333333,-1,7,7.9497759,1510.457421
91,224,133,1.461538462,-1,9,7.646961201,1712.919309
66,161,95,1.439393939,0,16,8.173309298,1315.902797
74,191,117,1.581081081,0,8,7.931435901,1514.904257
49,124,75,1.530612245,-1,1,8.414324298,1043.376213
35,78,43,1.228571429,-1,7,8.6619594,675.6328332
31,81,50,1.612903226,0,3,8.4833576,687.1519656
5,21,16,3.2,0,3,4.1525265,87.2030565
62,149,87,1.403225806,0,12,8.263468302,1231.256777
86,214,128,1.488372093,1,4,7.777102299,1664.299892
79,182,103,1.303797468,-1,3,7.887244198,1435.478444
65,141,76,1.169230769,0,15,8.097476099,1141.74413
107,278,171,1.598130841,-1,19,7.251,2015.778
95,239,144,1.515789474,0,13,7.5536891,1805.331695
36,96,60,1.666666667,1,8,8.3308721,799.7637216
72,178,106,1.472222222,1,10,8.049443798,1432.800996
48,118,70,1.458333333,1,2,8.487835,1001.56453
41,81,40,0.975609756,0,9,8.248,668.088
86,221,135,1.569767442,0,4,7.7013941,1702.008096
17,38,21,1.235294118,-1,3,8.5054817,323.2083046
83,221,138,1.662650602,0,1,7.668,1694.628
20,52,32,1.6,1,0,8.4293821,438.3278692
68,159,91,1.338235294,0,14,8.142774201,1294.701098
36,75,39,1.083333333,0,8,8.5534399,641.5079925
36,91,55,1.527777778,0,8,8.5417519,777.2994229
46,95,49,1.065217391,0,4,8.4289807,800.7531665
99,240,141,1.424242424,-1,17,7.481,1795.44
70,169,99,1.414285714,0,12,8.104520598,1369.663981
21,42,21,1,-1,1,8.4449303,354.6870726
50,117,67,1.34,0,0,8.509612,995.624604
61,139,78,1.278688525,0,11,8.285547302,1151.691075
38,102,64,1.684210526,1,10,8.2912213,845.7045726
26,47,21,0.807692308,0,2,7.79,366.13
10,25,15,1.5,0,2,7.8397994,195.994985
75,192,117,1.56,-1,7,7.930238901,1522.605869
40,101,61,1.525,0,10,8.4858439,857.0702339
34,83,49,1.441176471,0,6,8.658556,718.660148
38,91,53,1.394736842,0,10,8.6638759,788.4127069
80,202,122,1.525,1,2,7.8968505,1595.163801
68,165,97,1.426470588,0,14,8.1399348,1343.089242
37,73,36,0.972972973,0,9,8.3050821,606.2709933
37,96,59,1.594594595,-1,9,8.4088963,807.2540448
78,192,114,1.461538462,1,4,7.942492302,1524.958522
96,246,150,1.5625,1,14,7.511471602,1847.822014
74,193,119,1.608108108,0,8,7.907,1526.051
83,223,140,1.686746988,0,1,7.636,1702.828
56,150,94,1.678571429,1,6,8.1118405,1216.776075
92,240,148,1.608695652,1,10,7.5517705,1812.42492
45,106,61,1.355555556,-1,5,8.5539317,906.7167602
59,155,96,1.627118644,0,9,8.1310398,1260.311169
3,7,4,1.333333333,0,1,5.6064401,39.2450807
94,239,145,1.542553191,0,12,7.560318699,1806.916169
78,174,96,1.230769231,1,4,7.866114299,1368.703888
67,173,106,1.582089552,0,15,8.054,1393.342
72,190,118,1.638888889,1,10,7.905,1501.95
33,88,55,1.666666667,-1,5,8.351,734.888
91,226,135,1.483516484,-1,9,7.641109301,1726.890702
40,89,49,1.225,0,10,8.6733865,771.9313985
80,206,126,1.575,1,2,7.869172301,1621.049494
107,272,165,1.542056075,-1,19,7.29,1982.88
18,51,33,1.833333333,0,2,7.922,404.022
76,188,112,1.473684211,1,6,7.973865601,1499.086733
86,208,122,1.418604651,1,4,7.794267798,1621.207702
82,186,104,1.268292683,1,0,7.805342,1451.793612
81,180,99,1.222222222,-1,1,7.771431,1398.85758
37,89,52,1.405405405,0,9,8.6641895,771.1128655
90,216,126,1.4,1,8,7.697661699,1662.694927
99,255,156,1.575757576,0,17,7.4378216,1896.644508
49,114,65,1.326530612,-1,1,8.5119742,970.3650588
71,155,84,1.183098592,0,11,7.987436903,1238.05272
34,95,61,1.794117647,0,6,8.112,770.64
24,67,43,1.791666667,0,4,8.079,541.293
70,151,81,1.157142857,0,12,7.983755603,1205.547096
84,201,117,1.392857143,0,2,7.8265619,1573.138942
65,139,74,1.138461538,0,15,8.052,1119.228
75,177,102,1.36,0,7,8.001222898,1416.216453
54,145,91,1.685185185,0,4,8.135087703,1179.587717
55,122,67,1.218181818,-1,5,8.3591515,1019.816483
76,190,114,1.5,1,6,7.9621047,1512.799893
42,94,52,1.238095238,1,8,8.6623341,814.2594054
63,150,87,1.380952381,-1,13,8.2413481,1236.202215
85,201,116,1.364705882,0,3,7.794153602,1566.624874
14,24,10,0.714285714,1,6,7.1672329,172.0135896
82,181,99,1.207317073,0,0,7.734070398,1399.866742
45,117,72,1.6,0,5,8.3592766,978.0353622
20,44,24,1.2,1,0,8.6581769,380.9597836
40,83,43,1.075,0,10,8.4883997,704.5371751
50,137,87,1.74,0,0,8.152,1116.824
41,92,51,1.243902439,-1,9,8.6623731,796.9383252
80,173,93,1.1625,0,2,7.725,1336.425
114,284,170,1.49122807,1,12,7.163,2034.292
19,45,26,1.368421053,0,1,8.5546747,384.9603615
20,43,23,1.15,0,0,8.6006653,369.8286079
70,171,101,1.442857143,0,12,8.097882602,1384.737925
88,212,124,1.409090909,1,6,7.747507802,1642.471654
33,73,40,1.212121212,0,5,8.6896099,634.3415227
93,220,127,1.365591398,-1,11,7.6020758,1672.456676
4,6,2,0.5,1,2,4.4872478,26.9234868
76,199,123,1.618421053,0,6,7.874,1566.926
73,164,91,1.246575342,-1,9,7.986997799,1309.867639
54,150,96,1.777777778,1,4,7.983,1197.45
36,79,43,1.194444444,0,8,8.657113,683.911927
89,234,145,1.629213483,-1,7,7.582129701,1774.21835
7,20,13,1.857142857,-1,1,6.7091717,134.183434
10,22,12,1.2,1,2,8.0804656,177.7702432
75,184,109,1.453333333,-1,7,7.992751701,1470.666313
98,252,154,1.571428571,1,16,7.465347401,1881.267545
76,172,96,1.263157895,1,6,7.942162599,1366.051967
69,152,83,1.202898551,-1,13,8.056438697,1224.578682
103,260,157,1.524271845,-1,21,7.383,1919.58
78,196,118,1.512820513,1,4,7.926529699,1553.599821
60,150,90,1.5,1,10,8.2495789,1237.436835
77,180,103,1.337662338,-1,5,7.9476337,1430.574066
66,148,82,1.242424242,1,16,8.180943,1210.779564
59,135,76,1.288135593,0,9,8.3289284,1124.405334
28,58,30,1.071428571,1,0,8.7320621,506.4596018
63,146,83,1.317460317,-1,13,8.261932699,1206.242174
64,169,105,1.640625,0,14,8.035,1357.915
45,111,66,1.466666667,0,5,8.4956267,943.0145637
41,90,49,1.195121951,-1,9,8.633377,777.00393
39,104,65,1.666666667,-1,11,8.298,862.992
66,165,99,1.5,0,16,8.143908303,1343.74487
21,50,29,1.380952381,-1,1,8.6334747,431.673735
34,92,58,1.705882353,1,6,8.29,762.68
84,188,104,1.238095238,1,2,7.724654399,1452.235027
22,57,35,1.590909091,0,2,8.3729008,477.2553456
59,159,100,1.694915254,0,9,8.037,1277.883
89,211,122,1.370786517,0,7,7.707468,1626.275748
58,136,78,1.344827586,1,8,8.373762397,1138.831686
77,188,111,1.441558442,-1,5,7.954851202,1495.512026
53,123,70,1.320754717,0,3,8.449189602,1039.250321
47,106,59,1.255319149,-1,3,8.5446397,905.7318082
64,139,75,1.171875,0,14,8.126,1129.514
93,235,142,1.52688172,0,11,7.587057102,1782.958419
74,159,85,1.148648649,0,8,7.867,1250.853
75,167,92,1.226666667,0,7,7.929,1324.143
33,81,48,1.454545455,0,5,8.6480571,700.4926251
69,156,87,1.260869565,-1,13,8.089603199,1261.978099
102,249,147,1.441176471,0,20,7.422,1848.078
42,112,70,1.666666667,1,8,8.291,928.592
74,181,107,1.445945946,0,8,8.017949398,1451.248841
102,251,149,1.460784314,0,20,7.423,1863.173
78,171,93,1.192307692,0,4,7.816601702,1336.638891
87,217,130,1.494252874,0,5,7.737775,1679.097175
105,270,165,1.571428571,-1,21,7.314,1974.78
72,154,82,1.138888889,1,10,7.918,1219.372
29,66,37,1.275862069,-1,1,8.731473,576.277218
53,115,62,1.169811321,0,3,8.3745651,963.0749865
96,249,153,1.59375,0,14,7.485551,1863.902199
100,254,154,1.54,1,18,7.444793598,1890.977574
63,162,99,1.571428571,-1,13,8.129559302,1316.988607
77,203,126,1.636363636,0,5,7.845,1592.535
54,143,89,1.648148148,0,4,8.196885503,1172.154627
102,262,160,1.568627451,1,20,7.385,1934.87
12,23,11,0.916666667,0,4,7.9011229,181.7258267
10,17,7,0.7,0,2,6.6404991,112.8884847
70,159,89,1.271428571,0,12,8.078042799,1284.408805
33,74,41,1.242424242,-1,5,8.680002,642.320148
50,113,63,1.26,0,0,8.5068117,961.2697221
64,146,82,1.28125,1,14,8.249507199,1204.428051
106,258,152,1.433962264,1,20,7.342,1894.236
73,189,116,1.589041096,0,9,7.938,1500.282
89,209,120,1.348314607,0,7,7.695845502,1608.43171
46,118,72,1.565217391,1,4,8.4052197,991.8159246
55,150,95,1.727272727,-1,5,8.039,1205.85
49,113,64,1.306122449,0,1,8.5229297,963.0910561
96,247,151,1.572916667,0,14,7.501931802,1852.977155
71,180,109,1.535211268,-1,11,8.0220394,1443.967092
25,48,23,0.92,-1,3,8.2741924,397.1612352
56,153,97,1.732142857,0,6,8.023,1227.519
20,42,22,1.1,1,0,8.6165646,361.8957132
78,186,108,1.384615385,1,4,7.946809398,1478.106548
74,189,115,1.554054054,0,8,7.954,1503.306
72,175,103,1.430555556,0,10,8.060762503,1410.633438
52,131,79,1.519230769,0,2,8.411233901,1101.871641
41,101,60,1.463414634,0,9,8.5348355,862.0183855
99,243,144,1.454545455,0,17,7.486,1819.098
72,156,84,1.166666667,1,10,7.952667603,1240.616146
87,220,133,1.528735632,-1,5,7.709743,1696.14346
69,176,107,1.550724638,-1,13,8.045121398,1415.941366
82,207,125,1.524390244,0,0,7.869866401,1629.062345
51,115,64,1.254901961,0,1,8.4809156,975.305294
18,41,23,1.277777778,0,2,8.5343733,349.9093053
64,137,73,1.140625,0,14,8.08,1106.96
83,222,139,1.674698795,-1,1,7.648,1697.856
65,157,92,1.415384615,0,15,8.198141599,1287.108231
64,167,103,1.609375,0,14,8.075542802,1348.615648
67,142,75,1.119402985,-1,15,7.965,1131.03
58,152,94,1.620689655,1,8,8.161,1240.472
15,36,21,1.4,-1,5,8.3078692,299.0832912
87,199,112,1.287356322,0,5,7.695259899,1531.35672
62,156,94,1.516129032,1,12,8.205005397,1279.980842
116,290,174,1.5,1,10,7.12,2064.8
42,88,46,1.095238095,1,8,8.5239087,750.1039656
66,172,106,1.606060606,1,16,8.049,1384.428
62,155,93,1.5,0,12,8.2112258,1272.739999
9,30,21,2.333333333,-1,1,6.205,186.15
58,150,92,1.586206897,1,8,8.201123,1230.16845
65,146,81,1.246153846,-1,15,8.187147397,1195.32352
51,129,78,1.529411765,0,1,8.418059798,1085.929714
24,44,20,0.833333333,1,4,7.9496265,349.783566
30,69,39,1.3,0,2,8.7227311,601.8684459
62,163,101,1.629032258,0,12,8.084165301,1317.718944
79,191,112,1.417721519,0,3,7.924681901,1513.614243
25,63,38,1.52,0,3,8.505102,535.821426
67,164,97,1.447761194,-1,15,8.147923402,1336.259438
10,20,10,1,1,2,8.0322412,160.644824
34,64,30,0.882352941,1,6,8.075,516.8
13,34,21,1.615384615,-1,5,7.8603506,267.2519204
29,76,47,1.620689655,-1,1,8.4436018,641.7137368
76,200,124,1.631578947,1,6,7.867,1573.4
95,232,137,1.442105263,-1,13,7.564,1754.848
50,120,70,1.4,1,0,8.504488,1020.53856
74,176,102,1.378378378,1,8,8.030113102,1413.299906
76,191,115,1.513157895,0,6,7.950568702,1518.558622
76,197,121,1.592105263,0,6,7.897,1555.709
51,122,71,1.392156863,-1,1,8.468322197,1033.135308
92,227,135,1.467391304,0,10,7.626291802,1731.168239
40,84,44,1.1,1,10,8.5490301,718.1185284
12,30,18,1.5,1,4,8.054425,241.63275
50,122,72,1.44,1,0,8.487896803,1035.52341
35,93,58,1.657142857,0,7,8.3455986,776.1406698
69,157,88,1.275362319,0,13,8.101428503,1271.924275
61,135,74,1.213114754,0,11,8.236793304,1111.967096
10,21,11,1.1,0,2,7.9717136,167.4059856
30,68,38,1.266666667,1,2,8.755682,595.386376
60,146,86,1.433333333,1,10,8.304092699,1212.397534
1,5,4,4,0,1,1.3363592,6.681796
11,18,7,0.636363636,-1,3,6.2022176,111.6399168
54,141,87,1.611111111,0,4,8.255364702,1164.006423
22,55,33,1.5,0,2,8.5189696,468.543328
2,3,1,0.5,0,0,2.57268044,7.71804132
41,115,74,1.804878049,0,9,8.061,927.015
48,94,46,0.958333333,1,2,8.102,761.588
13,35,22,1.692307692,0,5,7.7871243,272.5493505
40,97,57,1.425,0,10,8.6037182,834.5606654
13,40,27,2.076923077,-1,5,7.097,283.88
74,187,113,1.527027027,0,8,7.975116802,1491.346842
52,107,55,1.057692308,0,2,8.258,883.606
97,236,139,1.432989691,-1,15,7.523,1775.428
81,187,106,1.308641975,0,1,7.852465,1468.410955
49,127,78,1.591836735,0,1,8.374821197,1063.602292
55,131,76,1.381818182,0,5,8.415031702,1102.369153
92,236,144,1.565217391,1,10,7.586485398,1790.410554
108,275,167,1.546296296,0,18,7.268,1998.7
75,191,116,1.546666667,0,7,7.943958801,1517.296131
83,210,127,1.530120482,-1,1,7.8325424,1644.833904
68,155,87,1.279411765,0,14,8.1294444,1260.063882
85,197,112,1.317647059,0,3,7.766017401,1529.905428
79,179,100,1.265822785,0,3,7.865637402,1407.949095
62,152,90,1.451612903,1,12,8.2440645,1253.097804
60,140,80,1.333333333,1,10,8.337864,1167.30096
45,113,68,1.511111111,0,5,8.4568165,955.6202645
51,127,76,1.490196078,0,1,8.439811,1071.855997
27,68,41,1.518518519,-1,1,8.5201301,579.3688468
77,190,113,1.467532468,-1,5,7.9477017,1510.063323
63,131,68,1.079365079,0,13,7.996,1047.476
9,20,11,1.222222222,-1,1,7.7201351,154.402702
80,176,96,1.2,1,2,7.782664,1369.748864
75,186,111,1.48,-1,7,7.981271301,1484.516462
43,104,61,1.418604651,-1,7,8.541107,888.275128
79,202,123,1.556962025,-1,3,7.88591,1592.95382
22,38,16,0.727272727,1,2,7.319,278.122
9,15,6,0.666666667,0,1,6.4974597,97.4618955
87,227,140,1.609195402,0,5,7.640716198,1734.442577
74,163,89,1.202702703,0,8,7.930304301,1292.639601
70,165,95,1.357142857,0,12,8.104839903,1337.298584
29,60,31,1.068965517,-1,1,8.6656047,519.936282
15,25,10,0.666666667,0,5,6.794,169.85
78,169,91,1.166666667,0,4,7.784,1315.496
43,111,68,1.581395349,0,7,8.3900906,931.3000566
81,204,123,1.518518519,-1,1,7.880023799,1607.524855
58,155,97,1.672413793,0,8,8.087,1253.485
81,202,121,1.49382716,-1,1,7.886220599,1593.016561
83,194,111,1.337349398,-1,1,7.8191955,1516.923927
78,167,89,1.141025641,0,4,7.746,1293.582
29,57,28,0.965517241,0,1,8.5032646,484.6860822
57,134,77,1.350877193,-1,7,8.374488799,1122.181499
88,223,135,1.534090909,0,6,7.685310099,1713.824152
76,186,110,1.447368421,1,6,7.982832398,1484.806826
79,197,118,1.493670886,0,3,7.915654802,1559.383996
53,146,93,1.754716981,-1,3,8.031,1172.526
84,186,102,1.214285714,1,2,7.695948801,1431.446477
46,92,46,1,1,4,8.2755695,761.352394
51,135,84,1.647058824,0,1,8.2919894,1119.418569
37,99,62,1.675675676,0,9,8.295301,821.234799
49,99,50,1.020408163,0,1,8.304,822.096
37,85,48,1.297297297,0,9,8.6974416,739.282536
45,116,71,1.577777778,-1,5,8.3776123,971.8030268
80,199,119,1.4875,0,2,7.905279402,1573.150601
26,48,22,0.846153846,1,2,8.0227254,385.0908192
67,161,94,1.402985075,0,15,8.163113398,1314.261257
3,9,6,2,0,1,5.0377685,45.3399165
22,56,34,1.545454545,1,2,8.4679495,474.205172
30,60,30,1,1,2,8.5830524,514.983144
28,78,50,1.785714286,1,0,8.238,642.564
5,20,15,3,-1,3,4.4056529,88.113058
36,71,35,0.972222222,0,8,8.327131,591.226301
18,39,21,1.166666667,0,2,8.5625988,333.9413532
84,216,132,1.571428571,1,2,7.7588205,1675.905228
50,111,61,1.22,0,0,8.493131,942.737541
87,219,132,1.517241379,0,5,7.7211759,1690.937522
33,68,35,1.060606061,-1,5,8.5577457,581.9267076
62,157,95,1.532258065,0,12,8.187064197,1285.369079
54,114,60,1.111111111,1,4,8.2892054,944.9694156
110,273,163,1.481818182,0,16,7.25,1979.25
24,45,21,0.875,0,4,8.0877286,363.947787
9,14,5,0.555555556,-1,1,5.2852091,73.9929274
13,22,9,0.692307692,-1,5,6.782,149.204
72,177,105,1.458333333,0,10,8.051836503,1425.175061
48,100,52,1.083333333,1,2,8.4377375,843.77375
73,171,98,1.342465753,0,9,8.039791398,1374.804329
73,170,97,1.328767123,-1,9,8.0302965,1365.150405
39,107,68,1.743589744,0,11,8.178,875.046
87,201,114,1.310344828,0,5,7.714836701,1550.682177
66,171,105,1.590909091,0,16,8.062,1378.602
57,145,88,1.543859649,0,7,8.266087303,1198.582659
65,143,78,1.2,0,15,8.138217601,1163.765117
48,101,53,1.104166667,0,2,8.4503657,853.4869357
61,152,91,1.491803279,-1,11,8.226129303,1250.371654
87,232,145,1.666666667,-1,5,7.579348099,1758.408759
24,60,36,1.5,1,4,8.5401876,512.411256
68,169,101,1.485294118,0,14,8.117007799,1371.774318
45,126,81,1.8,-1,5,8.087,1018.962
86,216,130,1.511627907,1,4,7.758655301,1675.869545
30,65,35,1.166666667,0,2,8.724266,567.07729
53,124,71,1.339622642,-1,3,8.441480702,1046.743607
84,196,112,1.333333333,1,2,7.8047445,1529.729922
5,19,14,2.8,0,3,4.7196346,89.6730574
93,232,139,1.494623656,-1,11,7.597,1762.504
29,71,42,1.448275862,0,1,8.6350233,613.0866543
13,21,8,0.615384615,0,5,6.297,132.237
31,70,39,1.258064516,-1,3,8.7092808,609.649656
66,149,83,1.257575758,0,16,8.179097201,1218.685483
15,39,24,1.6,0,5,8.0979701,315.8208339
55,137,82,1.490909091,0,5,8.388958102,1149.28726
17,50,33,1.941176471,-1,3,7.651,382.55
38,86,48,1.263157895,1,10,8.7084566,748.9272676
70,154,84,1.2,1,12,8.039940201,1238.150791
75,161,86,1.146666667,0,7,7.836329199,1261.649001
74,190,116,1.567567568,1,8,7.9475031,1510.025589
30,78,48,1.6,1,2,8.50738,663.57564
64,163,99,1.546875,0,14,8.140756,1326.943228
91,220,129,1.417582418,-1,9,7.6555364,1684.218008
4,16,12,3,1,2,4.2852851,68.5645616
70,164,94,1.342857143,1,12,8.109414902,1329.944044
15,30,15,1,-1,5,8.3535064,250.605192
48,124,76,1.583333333,1,2,8.387017903,1039.99022
74,164,90,1.216216216,1,8,7.9514515,1304.038046
7,14,7,1,-1,1,7.4756148,104.6586072
63,147,84,1.333333333,0,13,8.263540898,1214.740512
75,196,121,1.613333333,-1,7,7.886,1545.656
76,171,95,1.25,0,6,7.924176901,1355.03425
9,27,18,2,0,1,6.8796662,185.7509874
35,79,44,1.257142857,0,7,8.6875956,686.3200524
63,165,102,1.619047619,0,13,8.080052903,1333.208729
77,168,91,1.181818182,-1,5,7.823850899,1314.406951
31,77,46,1.483870968,0,3,8.6133907,663.2310839
27,60,33,1.222222222,-1,1,8.7467692,524.806152
47,97,50,1.063829787,0,3,8.4232121,817.0515737
86,223,137,1.593023256,0,4,7.678172,1712.232356
13,26,13,1,-1,5,8.1497653,211.8938978
13,43,30,2.307692308,0,5,6.712,288.616
43,120,77,1.790697674,-1,7,8.083,969.96
78,165,87,1.115384615,0,4,7.703,1270.995
23,52,29,1.260869565,-1,3,8.714569,453.157588
83,188,105,1.265060241,-1,1,7.764190399,1459.667795
51,116,65,1.274509804,-1,1,8.4758208,983.1952128
65,162,97,1.492307692,-1,15,8.164077302,1322.580523
44,117,73,1.659090909,0,6,8.2855625,969.4108125
99,253,154,1.555555556,0,17,7.452887901,1885.580639
66,162,96,1.454545455,1,16,8.1734555,1324.099791
24,51,27,1.125,0,4,8.7119923,444.3116073
75,166,91,1.213333333,-1,7,7.909639199,1313.000107
34,66,32,0.941176471,1,6,8.3,547.8
79,196,117,1.481012658,-1,3,7.914855301,1551.311639
96,233,137,1.427083333,0,14,7.546002,1758.218466
71,181,110,1.549295775,0,11,8.011930099,1450.159348
68,149,81,1.191176471,0,14,8.074955799,1203.168414
39,79,40,1.025641026,0,11,8.4167788,664.9255252
18,53,35,1.944444444,0,2,7.677,406.881
19,35,16,0.842105263,0,1,7.9658409,278.8044315
85,216,131,1.541176471,-1,3,7.753002398,1674.648518
61,153,92,1.508196721,0,11,8.221153601,1257.836501
17,36,19,1.117647059,-1,3,8.5219322,306.7895592
40,80,40,1,1,10,8.365,669.2
112,281,169,1.508928571,0,14,7.197,2022.357
20,55,35,1.75,0,0,8.125926,446.92593
27,75,48,1.777777778,0,1,8.197,614.775
18,35,17,0.944444444,0,2,8.3274621,291.4611735
63,167,104,1.650793651,0,13,8.038,1342.346
57,130,73,1.280701754,-1,7,8.3561919,1086.304947
68,162,94,1.382352941,1,14,8.152395901,1320.688136
70,160,90,1.285714286,1,12,8.0925614,1294.809824
83,218,135,1.626506024,-1,1,7.712828,1681.396504
80,215,135,1.6875,0,2,7.701,1655.715
93,231,138,1.483870968,0,11,7.6021321,1756.092515
21,54,33,1.571428571,-1,1,8.4048115,453.859821
49,123,74,1.510204082,0,1,8.437936203,1037.866153
29,75,46,1.586206897,0,1,8.4950801,637.1310075
96,241,145,1.510416667,0,14,7.536848801,1816.380561
82,218,136,1.658536585,1,0,7.705,1679.69
75,163,88,1.173333333,0,7,7.870865503,1282.951077
56,152,96,1.714285714,1,6,8.057,1224.664
81,205,124,1.530864198,0,1,7.8783946,1615.070893
47,104,57,1.212765957,-1,3,8.536185,887.76324
6,20,14,2.333333333,1,2,5.9614356,119.228712
89,205,116,1.303370787,0,7,7.662851902,1570.88464
61,128,67,1.098360656,-1,11,8.075,1033.6
59,148,89,1.508474576,-1,9,8.249540899,1220.932053
58,135,77,1.327586207,0,8,8.361986104,1128.868124
74,160,86,1.162162162,1,8,7.8927893,1262.846288
21,61,40,1.904761905,0,1,7.794,475.434
27,58,31,1.148148148,-1,1,8.7389719,506.8603702
19,51,32,1.684210526,0,1,8.221335,419.288085
23,47,24,1.043478261,0,3,8.5822348,403.3650356
86,203,117,1.360465116,0,4,7.7703437,1577.379771
69,163,94,1.362318841,0,13,8.124977399,1324.371316
57,133,76,1.333333333,0,7,8.378841504,1114.38592
95,245,150,1.578947368,0,13,7.515304302,1841.249554
115,289,174,1.513043478,0,11,7.135,2062.015
50,109,59,1.18,0,0,8.4705183,923.2864947
11,17,6,0.545454545,0,3,5.5227653,93.8870101
39,84,45,1.153846154,-1,11,8.5877812,721.3736208
88,232,144,1.636363636,1,6,7.600009901,1763.202297
83,204,121,1.457831325,-1,1,7.854215701,1602.260003
50,110,60,1.2,1,0,8.4960875,934.569625
13,33,20,1.538461538,0,5,8.0206172,264.6803676
72,166,94,1.305555556,1,10,8.056438602,1337.368808
18,48,30,1.666666667,1,2,8.2436656,395.6959488
54,149,95,1.759259259,0,4,8.009,1193.341
80,210,130,1.625,1,2,7.799,1637.79
94,247,153,1.627659574,0,12,7.493,1850.771
85,215,130,1.529411765,0,3,7.767862702,1670.090481
94,234,140,1.489361702,1,12,7.584606098,1774.797827
3,5,2,0.666666667,0,1,5.2661325,26.3306625
70,184,114,1.628571429,1,12,7.951,1462.984
74,158,84,1.135135135,1,8,7.855,1241.09
66,147,81,1.227272727,0,16,8.156768,1199.044896
36,74,38,1.055555556,1,8,8.533039,631.444886
22,39,17,0.772727273,0,2,7.566,295.074
65,138,73,1.123076923,-1,15,8.019,1106.622
18,52,34,1.888888889,1,2,7.827,407.004
50,130,80,1.6,1,0,8.386817,1090.28621
43,90,47,1.093023256,-1,7,8.48336,763.5024
78,185,107,1.371794872,0,4,7.939777903,1468.858912
66,156,90,1.363636364,1,16,8.192436603,1278.02011
86,201,115,1.337209302,0,4,7.757017398,1559.160497
46,107,61,1.326086957,0,4,8.5608946,916.0157222
77,187,110,1.428571429,0,5,7.960669198,1488.64514
60,151,91,1.516666667,0,10,8.230274099,1242.771389
39,78,39,1,-1,11,8.349,651.222
4,15,11,2.75,0,2,4.5409708,68.114562
46,90,44,0.956521739,1,4,8.113,730.17
25,61,36,1.44,0,3,8.5989157,524.5338577
91,221,130,1.428571429,0,9,7.6569809,1692.192779
55,119,64,1.163636364,0,5,8.3173347,989.7628293
46,102,56,1.217391304,1,4,8.5802887,875.1894474
39,96,57,1.461538462,-1,11,8.5694269,822.6649824
24,47,23,0.958333333,0,4,8.4072067,395.1387149
27,74,47,1.740740741,-1,1,8.239,609.686
24,46,22,0.916666667,1,4,8.3038233,381.9758718
46,94,48,1.043478261,1,4,8.3916832,788.8182208
52,116,64,1.230769231,1,2,8.4556435,980.854646
44,96,52,1.181818182,1,6,8.609413,826.503648
26,54,28,1.076923077,1,2,8.7363846,471.7647684
53,119,66,1.245283019,0,3,8.426892403,1002.800196
95,223,128,1.347368421,0,13,7.547,1682.981
56,128,72,1.285714286,1,6,8.395987797,1074.686438
47,109,62,1.319148936,0,3,8.5479155,931.7227895
61,161,100,1.639344262,0,11,8.085997702,1301.84563
57,129,72,1.263157895,0,7,8.356044899,1077.929792
89,216,127,1.426966292,-1,7,7.711231898,1665.62609
41,116,75,1.829268293,-1,9,8.012,929.392
52,139,87,1.673076923,0,2,8.211771597,1141.436252
53,112,59,1.113207547,-1,3,8.2998801,929.5865712
91,236,145,1.593406593,-1,9,7.577557301,1788.303523
6,18,12,2,1,2,6.4261321,115.6703778
45,104,59,1.311111111,-1,5,8.5689501,891.1708104
31,84,53,1.709677419,-1,3,8.307525,697.8321
71,152,81,1.14084507,-1,11,7.926,1204.752
71,167,96,1.352112676,0,11,8.083172198,1349.889757
92,221,129,1.402173913,0,10,7.6346849,1687.265363
67,160,93,1.388059701,-1,15,8.1586004,1305.376064
9,25,16,1.777777778,0,1,7.3363065,183.4076625
43,102,59,1.372093023,-1,7,8.5706514,874.2064428
34,94,60,1.764705882,1,6,8.18,768.92
36,89,53,1.472222222,0,8,8.6148158,766.7186062
36,81,45,1.25,0,8,8.6828206,703.3084686
52,126,74,1.423076923,1,2,8.463239698,1066.368202
42,108,66,1.571428571,1,8,8.4221581,909.5930748
27,57,30,1.111111111,0,1,8.7418845,498.2874165
103,266,163,1.582524272,-1,21,7.349,1954.834
68,178,110,1.617647059,1,14,7.999,1423.822
58,157,99,1.706896552,0,8,8.037,1261.809
69,181,112,1.623188406,0,13,7.969,1442.389
71,156,85,1.197183099,-1,11,7.995375199,1247.278531
46,119,73,1.586956522,0,4,8.3689594,995.9061686
33,91,58,1.757575758,0,5,8.189,745.199
32,83,51,1.59375,0,4,8.5043462,705.8607346
98,254,156,1.591836735,1,16,7.449225902,1892.103379
71,186,115,1.61971831,-1,11,7.936,1476.096
54,135,81,1.5,0,4,8.398478304,1133.794571
85,213,128,1.505882353,0,3,7.790003601,1659.270767
83,211,128,1.542168675,0,1,7.819774502,1649.97242
82,209,127,1.548780488,0,0,7.848648799,1640.367599
27,72,45,1.666666667,-1,1,8.338,600.336
14,27,13,0.928571429,0,6,8.124342,219.357234
4,10,6,1.5,1,2,6.4976306,64.976306
100,247,147,1.47,0,18,7.464,1843.608
35,74,39,1.114285714,-1,7,8.5835615,635.183551
7,19,12,1.714285714,0,1,6.9485452,132.0223588
106,264,158,1.490566038,1,20,7.338,1937.232
53,110,57,1.075471698,-1,3,8.2440767,906.848437
81,203,122,1.50617284,0,1,7.886053,1600.868759
85,214,129,1.517647059,-1,3,7.776363201,1664.141725
70,150,80,1.142857143,1,12,7.965,1194.75
51,106,55,1.078431373,-1,1,8.3220124,882.1333144
54,116,62,1.148148148,1,4,8.3368365,967.073034
18,33,15,0.833333333,0,2,7.9289559,261.6555447
22,64,42,1.909090909,1,2,7.826,500.864
68,143,75,1.102941176,0,14,7.917,1132.131
22,62,40,1.818181818,1,2,7.99,495.38
79,204,125,1.582278481,-1,3,7.868,1605.072
72,153,81,1.125,0,10,7.882,1205.946
55,120,65,1.181818182,-1,5,8.3284811,999.417732
62,131,69,1.112903226,0,12,8.085,1059.135
83,184,101,1.21686747,-1,1,7.712,1419.008
87,229,142,1.632183908,0,5,7.618338,1744.599402
65,158,93,1.430769231,-1,15,8.189155601,1293.886585
65,135,70,1.076923077,0,15,7.939,1071.765
44,107,63,1.431818182,0,6,8.5333676,913.0703332
75,198,123,1.64,-1,7,7.861,1556.478
50,119,69,1.38,0,0,8.499449403,1011.434479
78,172,94,1.205128205,1,4,7.839246,1348.350312
90,215,125,1.388888889,0,8,7.6930266,1654.000719
66,141,75,1.136363636,0,16,8.027,1131.807
42,107,65,1.547619048,0,8,8.442219,903.317433
62,132,70,1.129032258,1,12,8.122,1072.104
73,186,113,1.547945205,-1,9,7.971835699,1482.76144
39,90,51,1.307692308,-1,11,8.6933778,782.404002
77,193,116,1.506493506,0,5,7.938134601,1532.059978
29,79,50,1.724137931,0,1,8.320938,657.354102
83,200,117,1.409638554,-1,1,7.8484969,1569.69938
18,34,16,0.888888889,1,2,8.1976724,278.7208616
35,75,40,1.142857143,0,7,8.6276497,647.0737275
113,286,173,1.530973451,-1,13,7.168,2050.048
43,103,60,1.395348837,0,7,8.5661045,882.3087635
108,267,159,1.472222222,0,18,7.295,1947.765
75,181,106,1.413333333,0,7,8.004143398,1448.749955
41,110,69,1.682926829,-1,9,8.2552607,908.078677
37,103,66,1.783783784,0,9,8.112,835.536
80,172,92,1.15,1,2,7.713606401,1326.740301
49,100,51,1.040816327,-1,1,8.3297495,832.97495
73,193,120,1.643835616,0,9,7.883,1521.419
42,104,62,1.476190476,1,8,8.5279063,886.9022552
57,126,69,1.210526316,-1,7,8.312426802,1047.365777
85,205,120,1.411764706,0,3,7.8102694,1601.105227
40,86,46,1.15,1,10,8.6140523,740.8084978
15,26,11,0.733333333,-1,5,7.198,187.148
105,262,157,1.495238095,-1,21,7.352,1926.224
41,85,44,1.073170732,0,9,8.4737117,720.2654945
39,77,38,0.974358974,0,11,8.278,637.406
96,243,147,1.53125,0,14,7.526926099,1829.043042
73,183,110,1.506849315,0,9,8.00674,1465.23342
14,40,26,1.857142857,1,6,7.6558247,306.232988
8,15,7,0.875,0,0,7.4636915,111.9553725
112,282,170,1.517857143,1,14,7.197,2029.554
23,48,25,1.086956522,-1,3,8.6230686,413.9072928
91,227,136,1.494505495,0,9,7.639494502,1734.165252
74,169,95,1.283783784,0,8,7.994538101,1351.076939
97,239,142,1.463917526,0,15,7.527,1798.953
19,50,31,1.631578947,-1,1,8.2885833,414.429165
48,116,68,1.416666667,1,2,8.5123511,987.4327276
89,210,121,1.359550562,-1,7,7.6980182,1616.583822
62,148,86,1.387096774,1,12,8.279632601,1225.385625
36,69,33,0.916666667,0,8,8.129,560.901
78,168,90,1.153846154,1,4,7.773621702,1305.968446
42,118,76,1.80952381,1,8,8.067,951.906
69,149,80,1.15942029,0,13,8.004,1192.596
33,87,54,1.636363636,0,5,8.4138521,732.0051327
102,254,152,1.490196078,1,20,7.423590902,1885.592089
69,172,103,1.492753623,-1,13,8.091036698,1391.658312
59,130,71,1.203389831,-1,9,8.2637565,1074.288345
6,10,4,0.666666667,1,2,6.0320426,60.320426
78,199,121,1.551282051,0,4,7.902301101,1572.557919
80,209,129,1.6125,0,2,7.813,1632.917
67,162,95,1.417910448,-1,15,8.155412599,1321.176841
82,211,129,1.573170732,0,0,7.8170079,1649.388667
44,93,49,1.113636364,0,6,8.5314627,793.4260311
59,131,72,1.220338983,0,9,8.286143901,1085.484851
46,101,55,1.195652174,0,4,8.5608644,864.6473044
86,207,121,1.406976744,0,4,7.7879987,1612.115731
71,168,97,1.366197183,-1,11,8.080402601,1357.507637
71,184,113,1.591549296,-1,11,7.967,1465.928
64,148,84,1.3125,1,14,8.248339797,1220.75429
30,71,41,1.366666667,0,2,8.6890417,616.9219607
30,75,45,1.5,0,2,8.5924981,644.4373575
19,54,35,1.842105263,-1,1,7.891,426.114
57,127,70,1.228070175,0,7,8.333541197,1058.359732
50,138,88,1.76,1,0,8.118,1120.284
31,86,55,1.774193548,-1,3,8.182,703.652
25,73,48,1.92,0,3,7.895,576.335
9,21,12,1.333333333,0,1,7.7382934,162.5041614
19,56,37,1.947368421,-1,1,7.663,429.128
56,132,76,1.357142857,1,6,8.409374697,1110.03746
75,195,120,1.6,0,7,7.901,1540.695
103,258,155,1.504854369,-1,21,7.392,1907.136
11,19,8,0.727272727,0,3,6.9378864,131.8198416
85,217,132,1.552941176,0,3,7.744617198,1680.581932
64,158,94,1.46875,1,14,8.201822899,1295.888018
33,76,43,1.303030303,-1,5,8.6828172,659.8941072
72,187,115,1.597222222,0,10,7.947,1486.089
54,132,78,1.444444444,1,4,8.427622902,1112.446223
2,5,3,1.5,0,0,5.5121325,27.5606625
77,182,105,1.363636364,-1,5,7.954894802,1447.790854
16,38,22,1.375,1,4,8.4487829,321.0537502
46,98,52,1.130434783,1,4,8.5338999,836.3221902
41,108,67,1.634146341,-1,9,8.3256604,899.1713232
52,121,69,1.326923077,0,2,8.466864099,1024.490556
92,238,146,1.586956522,1,10,7.570126202,1801.690036
97,251,154,1.587628866,0,15,7.469263701,1874.785189
79,201,122,1.544303797,0,3,7.895175199,1586.930215
89,227,138,1.550561798,0,7,7.650708401,1736.710807
58,130,72,1.24137931,1,8,8.3332164,1083.318132
81,184,103,1.271604938,-1,1,7.818672701,1438.635777
77,202,125,1.623376623,-1,5,7.855,1586.71
80,216,136,1.7,1,2,7.685,1659.96
53,136,83,1.566037736,-1,3,8.351324199,1135.780091
32,87,55,1.71875,0,4,8.285,720.795
67,165,98,1.462686567,0,15,8.146959103,1344.248252
33,92,59,1.787878788,-1,5,8.121,747.132
26,56,30,1.153846154,1,2,8.7903563,492.2599528
73,172,99,1.356164384,-1,9,8.037705599,1382.485363
62,142,80,1.290322581,1,12,8.285940697,1176.603579
16,48,32,2,1,4,7.552,362.496
24,59,35,1.458333333,0,4,8.5685995,505.5473705
44,119,75,1.704545455,0,6,8.22,978.18
46,96,50,1.086956522,1,4,8.4900207,815.0419872
81,207,126,1.555555556,0,1,7.866797899,1628.427165
92,239,147,1.597826087,0,10,7.558562402,1806.496414
96,239,143,1.489583333,0,14,7.5430659,1802.79275
80,207,127,1.5875,0,2,7.848611198,1624.662518
57,141,84,1.473684211,0,7,8.343205,1176.391905
74,188,114,1.540540541,1,8,7.969053202,1498.182002
67,146,79,1.179104478,-1,15,8.063242603,1177.23342
61,159,98,1.606557377,0,11,8.126860101,1292.170756
17,49,32,1.882352941,0,3,7.785,381.465
100,246,146,1.46,1,18,7.467960801,1837.118357
44,115,71,1.613636364,0,6,8.346814,959.88361
51,134,83,1.62745098,-1,1,8.325939799,1115.675933
32,63,31,0.96875,0,4,8.4187167,530.3791521
74,177,103,1.391891892,0,8,8.025035898,1420.431354
73,182,109,1.493150685,-1,9,8.012633198,1458.299242
80,187,107,1.3375,0,2,7.886990503,1474.867224
77,173,96,1.246753247,0,5,7.898068,1366.365764
52,110,58,1.115384615,1,2,8.358116,919.39276
89,224,135,1.516853933,-1,7,7.670143799,1718.112211
35,95,60,1.714285714,0,7,8.245,783.275
64,143,79,1.234375,0,14,8.198318797,1172.359588
73,165,92,1.260273973,0,9,8.003054703,1320.504026
39,94,55,1.41025641,-1,11,8.6228068,810.5438392
50,102,52,1.04,1,0,8.3244313,849.0919926
87,223,136,1.563218391,0,5,7.683665502,1713.457407
88,206,118,1.340909091,1,6,7.719802801,1590.279377
41,93,52,1.268292683,0,9,8.6641849,805.7691957
61,137,76,1.245901639,0,11,8.263651599,1132.120269
10,27,17,1.7,0,2,7.5204151,203.0512077
96,237,141,1.46875,0,14,7.546624101,1788.549912
92,215,123,1.336956522,0,10,7.620782102,1638.468152
31,64,33,1.064516129,-1,3,8.6116317,551.1444288
57,125,68,1.192982456,0,7,8.3046438,1038.080475
28,75,47,1.678571429,0,0,8.369,627.675
49,107,58,1.183673469,0,1,8.4940439,908.8626973
34,88,54,1.588235294,1,6,8.4950045,747.560396
23,57,34,1.47826087,0,3,8.5351967,486.5062119
30,62,32,1.066666667,1,2,8.6793451,538.1193962
41,103,62,1.512195122,0,9,8.488332,874.298196
38,107,69,1.815789474,0,10,8.057,862.099
80,212,132,1.65,1,2,7.762,1645.544
24,58,34,1.416666667,1,4,8.6439987,501.3519246
26,72,46,1.769230769,1,2,8.195,590.04
88,215,127,1.443181818,0,6,7.739324902,1663.954854
52,135,83,1.596153846,0,2,8.3457384,1126.674684
36,100,64,1.777777778,1,8,8.134,813.4
61,150,89,1.459016393,-1,11,8.2438125,1236.571875
41,104,63,1.536585366,-1,9,8.4533832,879.1518528
87,211,124,1.425287356,0,5,7.768361299,1639.124234
91,239,148,1.626373626,0,9,7.55,1804.45
8,23,15,1.875,0,0,7.1634856,164.7601688
29,78,49,1.689655172,-1,1,8.3546695,651.664221
88,234,146,1.659090909,1,6,7.576543902,1772.911273
66,153,87,1.318181818,0,16,8.185751399,1252.419964
39,100,61,1.564102564,-1,11,8.4394151,843.94151
63,144,81,1.285714286,-1,13,8.254174403,1188.601114
31,87,56,1.806451613,0,3,8.124,706.788
8,25,17,2.125,0,0,6.7278058,168.195145
28,70,42,1.5,1,0,8.6042917,602.300419
94,231,137,1.457446809,0,12,7.587122398,1752.625274
89,225,136,1.528089888,0,7,7.6656906,1724.780385
106,259,153,1.443396226,0,20,7.34,1901.06
28,68,40,1.428571429,1,0,8.6824667,590.4077356
23,46,23,1,-1,3,8.4861423,390.3625458
19,37,18,0.947368421,0,1,8.339848,308.574376
86,202,116,1.348837209,1,4,7.769301802,1569.398964
91,216,125,1.373626374,-1,9,7.659200602,1654.38733
6,11,5,0.833333333,0,2,6.6764563,73.4410193
36,97,61,1.694444444,0,8,8.2698645,802.1768565
42,87,45,1.071428571,0,8,8.4624243,736.2309141
33,77,44,1.333333333,0,5,8.6959789,669.5903753
43,108,65,1.511627907,-1,7,8.4628172,913.9842576
41,102,61,1.487804878,-1,9,8.5048675,867.496485
1,4,3,3,-1,1,1.7204491,6.8817964
57,131,74,1.298245614,0,7,8.370367603,1096.518156
65,174,109,1.676923077,-1,15,7.963,1385.562
97,247,150,1.546391753,0,15,7.498940802,1852.238378
110,281,171,1.554545455,0,16,7.22,2028.82
40,98,58,1.45,1,10,8.5813984,840.9770432
35,82,47,1.342857143,-1,7,8.6824953,711.9646146
31,71,40,1.290322581,0,3,8.717605,618.949955
52,141,89,1.711538462,0,2,8.142,1148.022
74,175,101,1.364864865,0,8,8.024113,1404.219775
81,193,112,1.382716049,0,1,7.885344503,1521.871489
68,175,107,1.573529412,0,14,8.045,1407.875
73,167,94,1.287671233,0,9,8.018861401,1339.149854
39,108,69,1.769230769,-1,11,8.129,877.932
36,68,32,0.888888889,1,8,8.034,546.312
5,11,6,1.2,0,3,6.9277323,76.2050553
35,83,48,1.371428571,0,7,8.6933852,721.5509716
70,156,86,1.228571429,1,12,8.061710699,1257.626869
84,205,121,1.44047619,0,2,7.8362168,1606.424444
64,145,81,1.265625,0,14,8.228948503,1193.197533
37,82,45,1.216216216,-1,9,8.6474275,709.089055
38,106,68,1.789473684,1,10,8.114,860.084
40,107,67,1.675,0,10,8.284,886.388
84,190,106,1.261904762,1,2,7.7494526,1472.395994
57,151,94,1.649122807,0,7,8.129043603,1227.485584
39,91,52,1.333333333,0,11,8.6849421,790.3297311
78,198,120,1.538461538,1,4,7.914151202,1567.001938
26,50,24,0.923076923,1,2,8.3540268,417.70134
80,189,109,1.3625,0,2,7.896919201,1492.517729
82,182,100,1.219512195,1,0,7.756329599,1411.651987
8,11,3,0.375,0,0,3.1624372,34.7868092
40,77,37,0.925,0,10,8.075,621.775
7,11,4,0.571428571,0,1,5.3584023,58.9424253
97,242,145,1.494845361,-1,15,7.519,1819.598
92,217,125,1.358695652,0,10,7.634,1656.578
23,64,41,1.782608696,-1,3,8.045,514.88
108,263,155,1.435185185,0,18,7.295,1918.585
36,88,52,1.444444444,1,8,8.6568499,761.8027912
67,148,81,1.208955224,-1,15,8.108979703,1200.128996
56,151,95,1.696428571,0,6,8.079,1219.929
23,66,43,1.869565217,-1,3,7.894,521.004
82,206,124,1.512195122,1,0,7.875362,1622.324572
67,143,76,1.134328358,0,15,7.999,1143.857
103,257,154,1.495145631,0,21,7.397,1901.029
13,41,28,2.153846154,0,5,6.98,286.18
34,78,44,1.294117647,1,6,8.7178072,679.9889616
54,120,66,1.222222222,1,4,8.4040322,1008.483864
86,193,107,1.244186047,0,4,7.675853,1481.439629
12,25,13,1.083333333,0,4,8.2235028,205.58757
51,140,89,1.745098039,-1,1,8.103,1134.42
83,215,132,1.590361446,0,1,7.761717702,1668.769306
28,67,39,1.392857143,0,0,8.6957505,582.6152835
78,201,123,1.576923077,0,4,7.885833701,1585.052574
99,248,149,1.505050505,-1,17,7.476,1854.048
55,118,63,1.145454545,-1,5,8.2864053,977.7958254
33,65,32,0.96969697,0,5,8.3962351,545.7552815
99,256,157,1.585858586,-1,17,7.428,1901.568
53,144,91,1.716981132,-1,3,8.098,1166.112
55,146,91,1.654545455,-1,5,8.1554365,1190.693729
72,161,89,1.236111111,0,10,8.009124503,1289.469045
11,22,11,1,-1,3,7.9156624,174.1445728
113,278,165,1.460176991,-1,13,7.181,1996.318
58,158,100,1.724137931,1,8,8.015,1266.37
38,92,54,1.421052632,1,10,8.648907,795.699444
107,274,167,1.560747664,-1,19,7.278,1994.172
14,28,14,1,1,6,8.4477445,236.536846
42,102,60,1.428571429,1,8,8.5683994,873.9767388
47,96,49,1.042553191,-1,3,8.3602903,802.5878688
35,73,38,1.085714286,0,7,8.5680803,625.4698619
29,65,36,1.24137931,0,1,8.7570967,569.2112855
11,30,19,1.727272727,-1,3,7.5019685,225.059055
19,39,20,1.052631579,0,1,8.5570258,333.7240062
71,188,117,1.647887324,-1,11,7.903,1485.764
92,235,143,1.554347826,0,10,7.590915102,1783.865049
38,99,61,1.605263158,0,10,8.4025235,831.8498265
94,240,146,1.553191489,1,12,7.5560433,1813.450392
95,248,153,1.610526316,-1,13,7.487,1856.776
72,189,117,1.625,0,10,7.917,1496.313
43,97,54,1.255813953,0,7,8.6237254,836.5013638
81,188,107,1.320987654,-1,1,7.853053702,1476.374096
75,169,94,1.253333333,0,7,7.951396302,1343.785975
43,110,67,1.558139535,-1,7,8.4112603,925.238633
2,9,7,3.5,0,0,3.349038,30.141342
113,283,170,1.504424779,0,13,7.177,2031.091
31,62,31,1,-1,3,8.5186449,528.1559838
26,76,50,1.923076923,1,2,7.943,603.668
85,228,143,1.682352941,-1,3,7.596,1731.888
91,230,139,1.527472527,-1,9,7.6218958,1753.036034
54,125,71,1.314814815,0,4,8.430939,1053.867375
42,91,49,1.166666667,0,8,8.6136286,783.8402026
84,217,133,1.583333333,0,2,7.741361401,1679.875424
77,176,99,1.285714286,-1,5,7.921552199,1394.193187
30,84,54,1.8,1,2,8.171,686.364
15,32,17,1.133333333,-1,5,8.4641203,270.8518496
63,158,95,1.507936508,-1,13,8.185132,1293.250856
59,142,83,1.406779661,-1,9,8.336303197,1183.755054
111,278,167,1.504504505,-1,15,7.218,2006.604
110,269,159,1.445454545,0,16,7.2501551,1950.291722
75,172,97,1.293333333,-1,7,7.971846,1371.157512
62,159,97,1.564516129,0,12,8.157496302,1297.041912
52,138,86,1.653846154,1,2,8.252578601,1138.855847
83,206,123,1.481927711,-1,1,7.853324898,1617.784929
107,270,163,1.523364486,-1,19,7.301,1971.27
21,59,38,1.80952381,0,1,7.9764073,470.6080307
44,92,48,1.090909091,1,6,8.504774,782.439208
112,277,165,1.473214286,0,14,7.205,1995.785
83,202,119,1.43373494,-1,1,7.852585698,1586.222311
38,73,35,0.921052632,0,10,8.102,591.446
98,238,140,1.428571429,1,16,7.509,1787.142
42,109,67,1.595238095,0,8,8.3814163,913.5743767
40,106,66,1.65,1,10,8.33,882.98
53,120,67,1.264150943,-1,3,8.4236745,1010.84094
87,228,141,1.620689655,-1,5,7.626368899,1738.812109
50,126,76,1.52,1,0,8.443522698,1063.88386
103,256,153,1.485436893,-1,21,7.3981605,1893.929088
43,116,73,1.697674419,-1,7,8.223,953.868
99,247,148,1.494949495,0,17,7.480100502,1847.584824
84,210,126,1.5,1,2,7.8343462,1645.212702
61,134,73,1.196721311,-1,11,8.213413097,1100.597355
10,29,19,1.9,0,2,7.1670673,207.8449517
59,137,78,1.322033898,0,9,8.341707401,1142.813914
36,92,56,1.555555556,1,8,8.512675,783.1661
83,212,129,1.554216867,-1,1,7.803314,1654.302568
99,254,155,1.565656566,-1,17,7.443575902,1890.668279
35,85,50,1.428571429,0,7,8.6735926,737.255371
61,149,88,1.442622951,0,11,8.261527698,1230.967627
86,220,134,1.558139535,1,4,7.7172552,1697.796144
73,155,82,1.123287671,0,9,7.858,1217.99
65,165,100,1.538461538,0,15,8.130325903,1341.503774
8,18,10,1.25,1,0,7.7670981,139.8077658
94,241,147,1.563829787,0,12,7.546439502,1818.69192
72,188,116,1.611111111,1,10,7.936,1491.968
14,37,23,1.642857143,0,6,7.9529033,294.2574221
10,19,9,0.9,0,2,7.5673431,143.7795189
57,124,67,1.175438596,-1,7,8.278292597,1026.508282
47,123,76,1.617021277,0,3,8.337970699,1025.570396
67,141,74,1.104477612,0,15,7.943,1119.963
27,64,37,1.37037037,-1,1,8.6755223,555.2334272
26,71,45,1.730769231,0,2,8.235,584.685
53,137,84,1.58490566,0,3,8.326003299,1140.662452
80,170,90,1.125,1,2,7.671,1304.07
69,165,96,1.391304348,0,13,8.125548903,1340.715569
22,48,26,1.181818182,1,2,8.7230122,418.7045856
50,105,55,1.1,0,0,8.397229,881.709045
70,168,98,1.4,1,12,8.111887,1362.797016
89,214,125,1.404494382,-1,7,7.715887402,1651.199904
56,135,79,1.410714286,0,6,8.397534504,1133.667158
59,161,102,1.728813559,0,9,7.986,1285.746
101,246,145,1.435643564,-1,19,7.441,1830.486
22,53,31,1.409090909,0,2,8.6311256,457.4496568
75,173,98,1.306666667,0,7,7.983906798,1381.215876
55,117,62,1.127272727,0,5,8.2718652,967.8082284
84,219,135,1.607142857,0,2,7.713334,1689.220146
77,165,88,1.142857143,0,5,7.776,1283.04
43,88,45,1.046511628,-1,7,8.3898338,738.3053744
102,255,153,1.5,0,20,7.417940302,1891.574777
26,70,44,1.692307692,1,2,8.308,581.56
73,177,104,1.424657534,0,9,8.040828898,1423.226715
89,235,146,1.640449438,0,7,7.573505102,1779.773699
58,141,83,1.431034483,0,8,8.355395603,1178.11078
14,39,25,1.785714286,0,6,7.7309793,301.5081927
50,136,86,1.72,1,0,8.197,1114.792
45,127,82,1.822222222,0,5,8.06,1023.62
71,166,95,1.338028169,-1,11,8.074175602,1340.31315
63,152,89,1.412698413,-1,13,8.226585401,1250.440981
77,185,108,1.402597403,0,5,7.9637226,1473.288681
56,143,87,1.553571429,0,6,8.281987797,1184.324255
31,68,37,1.193548387,-1,3,8.7012195,591.682926
112,284,172,1.535714286,1,14,7.191,2042.244
80,181,101,1.2625,0,2,7.839679199,1418.981935
86,196,110,1.279069767,1,4,7.717966,1512.721336
100,244,144,1.44,1,18,7.468,1822.192
67,153,86,1.28358209,0,15,8.153637203,1247.506492
89,222,133,1.494382022,-1,7,7.6828015,1705.581933
32,60,28,0.875,1,4,8.113,486.78
62,145,83,1.338709677,0,12,8.293013903,1202.487016
57,138,81,1.421052632,-1,7,8.3750835,1155.761523
87,216,129,1.482758621,-1,5,7.742451301,1672.369481
11,24,13,1.181818182,-1,3,8.0634882,193.5237168
55,127,72,1.309090909,0,5,8.411561701,1068.268336
58,156,98,1.689655172,1,8,8.068,1258.608
52,117,65,1.25,0,2,8.4509203,988.7576751
104,259,155,1.490384615,0,22,7.377,1910.643
102,257,155,1.519607843,0,20,7.4096587,1904.282286
88,224,136,1.545454545,1,6,7.679923598,1720.302886
88,210,122,1.386363636,1,6,7.7413687,1625.687427
29,70,41,1.413793103,-1,1,8.6468655,605.280585
71,150,79,1.112676056,-1,11,7.866,1179.9
83,189,106,1.277108434,0,1,7.780999899,1470.608981
11,34,23,2.090909091,-1,3,6.8864377,234.1388818
40,105,65,1.625,0,10,8.358598,877.65279
33,67,34,1.03030303,0,5,8.5305685,571.5480895
63,166,103,1.634920635,-1,13,8.056,1337.296
91,212,121,1.32967033,-1,9,7.633628901,1618.329327
57,153,96,1.684210526,0,7,8.081,1236.393
90,227,137,1.522222222,0,8,7.647459101,1735.973216
19,33,14,0.736842105,0,1,7.392,243.936
82,219,137,1.670731707,0,0,7.684,1682.796
70,172,102,1.457142857,1,12,8.0974295,1392.757874
26,45,19,0.730769231,0,2,7.299,328.455
29,83,54,1.862068966,0,1,8.044,667.652
27,51,24,0.888888889,0,1,8.1932549,417.8559999
8,26,18,2.25,1,0,6.497479,168.934454
13,30,17,1.307692308,-1,5,8.2611049,247.833147
32,84,52,1.625,1,4,8.4655244,711.1040496
70,170,100,1.428571429,1,12,8.1066101,1378.123717
49,121,72,1.469387755,0,1,8.463876702,1024.129081
69,146,77,1.115942029,-1,13,7.914,1155.444
51,142,91,1.784313725,-1,1,8.027,1139.834
102,256,154,1.509803922,1,20,7.416542898,1898.634982
53,138,85,1.603773585,-1,3,8.292445,1144.35741
103,255,152,1.475728155,0,21,7.402576702,1887.657059
39,109,70,1.794871795,0,11,8.089,881.701
55,134,79,1.436363636,-1,5,8.398647,1125.418698
82,185,103,1.256097561,0,0,7.786933,1440.582605
67,145,78,1.164179104,0,15,8.0485792,1167.043984
36,83,47,1.305555556,0,8,8.6957295,721.7455485
63,135,72,1.142857143,0,13,8.107,1094.445
65,170,105,1.615384615,-1,15,8.047,1367.99
29,68,39,1.344827586,-1,1,8.7018913,591.7286084
1,6,5,5,-1,1,0.9616395,5.769837
111,279,168,1.513513514,0,15,7.216,2013.264
28,74,46,1.642857143,1,0,8.433,624.042
86,224,138,1.604651163,1,4,7.670751402,1718.248314
52,133,81,1.557692308,0,2,8.389025504,1115.740392
45,112,67,1.488888889,-1,5,8.4688666,948.5130592
99,246,147,1.484848485,-1,17,7.480784898,1840.273085
113,282,169,1.495575221,-1,13,7.177,2023.914
47,131,84,1.787234043,0,3,8.102,1061.362
60,145,85,1.416666667,0,10,8.309188303,1204.832304
54,108,54,1,1,4,8.0748886,872.0879688
98,251,153,1.56122449,0,16,7.470501398,1875.095851
51,133,82,1.607843137,0,1,8.364730203,1112.509117
65,154,89,1.369230769,-1,15,8.196669701,1262.287134
36,72,36,1,1,8,8.4293193,606.9109896
39,76,37,0.948717949,-1,11,8.173,621.148
55,114,59,1.072727273,-1,5,8.1735711,931.7871054
25,45,20,0.8,0,3,7.747,348.615
32,69,37,1.15625,0,4,8.680964,598.986516
59,125,66,1.118644068,0,9,8.167,1020.875
58,126,68,1.172413793,1,8,8.273258103,1042.430521
37,75,38,1.027027027,0,9,8.4482762,633.620715
44,112,68,1.545454545,1,6,8.4392431,945.1952272
68,146,78,1.147058824,1,14,8.010512699,1169.534854
40,91,51,1.275,0,10,8.6933149,791.0916559
88,202,114,1.295454545,1,6,7.685568401,1552.484817
84,199,115,1.369047619,0,2,7.817658201,1555.713982
44,114,70,1.590909091,1,6,8.3853351,955.9282014
57,122,65,1.140350877,-1,7,8.235,1004.67
59,124,65,1.101694915,-1,9,8.128,1007.872
73,169,96,1.315068493,0,9,8.030957698,1357.231851
50,124,74,1.48,1,0,8.467399702,1049.957563
63,156,93,1.476190476,-1,13,8.204619199,1279.920595
56,127,71,1.267857143,0,6,8.378456,1064.063912
63,138,75,1.19047619,-1,13,8.161621101,1126.303712
56,119,63,1.125,0,6,8.2459287,981.2655153
100,255,155,1.55,0,18,7.435886,1896.15093
108,264,156,1.444444444,1,18,7.298376201,1926.771317
54,133,79,1.462962963,0,4,8.412647699,1118.882144
111,274,163,1.468468468,-1,15,7.227,1980.198
38,80,42,1.105263158,1,10,8.5785966,686.287728
76,198,122,1.605263158,1,6,7.89,1562.22
88,230,142,1.613636364,1,6,7.6219144,1753.040312
54,130,76,1.407407407,1,4,8.4377314,1096.905082
78,191,113,1.448717949,0,4,7.938727901,1516.297029
84,202,118,1.404761905,1,2,7.834805302,1582.630671
80,193,113,1.4125,0,2,7.907973,1526.238789
60,143,83,1.383333333,0,10,8.330489301,1191.25997
92,241,149,1.619565217,0,10,7.539,1816.899
64,141,77,1.203125,0,14,8.164609,1151.209869
43,105,62,1.441860465,0,7,8.5346074,896.133777
85,194,109,1.282352941,-1,3,7.732230402,1500.052698
37,102,65,1.756756757,-1,9,8.1527443,831.5799186
23,67,44,1.913043478,0,3,7.829,524.543
51,139,88,1.725490196,0,1,8.144,1132.016
85,207,122,1.435294118,0,3,7.8139653,1617.490817
101,251,150,1.485148515,0,19,7.441900502,1867.917026
77,186,109,1.415584416,-1,5,7.958047301,1480.196798
62,141,79,1.274193548,0,12,8.265846,1165.484286
59,150,91,1.542372881,-1,9,8.2189316,1232.83974
12,20,8,0.666666667,1,4,6.7280252,134.560504
39,95,56,1.435897436,0,11,8.6049644,817.471618
29,62,33,1.137931034,-1,1,8.7180839,540.5212018
80,205,125,1.5625,0,2,7.874732502,1614.320163
35,84,49,1.4,-1,7,8.6713294,728.3916696
56,125,69,1.232142857,0,6,8.3581784,1044.7723
89,219,130,1.460674157,0,7,7.7005489,1686.420209
60,147,87,1.45,0,10,8.283603599,1217.689729
38,98,60,1.578947368,1,10,8.4457385,827.682373
13,31,18,1.384615385,0,5,8.225518,254.991058
19,49,30,1.578947368,0,1,8.3722753,410.2414897
81,210,129,1.592592593,-1,1,7.813589,1640.85369
41,86,45,1.097560976,-1,9,8.5022231,731.1911866
21,48,27,1.285714286,-1,1,8.6562097,415.4980656
79,209,130,1.64556962,0,3,7.786,1627.274
96,248,152,1.583333333,1,14,7.496729101,1859.188817
42,95,53,1.261904762,0,8,8.6487212,821.628514
88,203,115,1.306818182,0,6,7.689801502,1561.029705
46,130,84,1.826086957,1,4,8.046,1045.98
77,195,118,1.532467532,0,5,7.924916,1545.35862
40,90,50,1.25,1,10,8.7099699,783.897291
64,135,71,1.109375,0,14,8.028,1083.78
78,205,127,1.628205128,0,4,7.836,1606.38
57,150,93,1.631578947,-1,7,8.1494339,1222.415085
76,202,126,1.657894737,1,6,7.839,1583.478
71,164,93,1.309859155,-1,11,8.065804299,1322.791905
31,82,51,1.64516129,-1,3,8.4210494,690.5260508
58,139,81,1.396551724,0,8,8.370466403,1163.49483
100,259,159,1.59,0,18,7.407,1918.413
22,63,41,1.863636364,0,2,7.891,497.133
95,237,142,1.494736842,0,13,7.561,1791.957
96,236,140,1.458333333,1,14,7.550309,1781.872924
83,224,141,1.698795181,-1,1,7.616,1705.984
39,80,41,1.051282051,-1,11,8.4542759,676.342072
55,151,96,1.745454545,0,5,8.013,1209.963
14,29,15,1.071428571,0,6,8.4486361,245.0104469
62,167,105,1.693548387,0,12,7.992,1334.664
95,235,140,1.473684211,0,13,7.5651582,1777.812177
60,162,102,1.7,1,10,8.022,1299.564
88,231,143,1.625,0,6,7.607841801,1757.411456
64,172,108,1.6875,1,14,7.972,1371.184
70,149,79,1.128571429,0,12,7.927,1181.123
20,46,26,1.3,1,0,8.6689848,398.7733008
79,178,99,1.253164557,-1,3,7.849394601,1397.192239
26,51,25,0.961538462,0,2,8.4604977,431.4853827
61,138,77,1.262295082,-1,11,8.268355797,1141.0331
21,47,26,1.238095238,0,1,8.6650958,407.2595026
83,196,113,1.361445783,-1,1,7.831900898,1535.052576
47,132,85,1.808510638,-1,3,8.053,1062.996
45,103,58,1.288888889,0,5,8.5841927,884.1718481
94,238,144,1.531914894,1,12,7.568361101,1801.269942
51,124,73,1.431372549,-1,1,8.456151702,1048.562811
77,198,121,1.571428571,-1,5,7.897,1563.606
64,155,91,1.421875,0,14,8.213254103,1273.054386
42,103,61,1.452380952,0,8,8.5382672,879.4415216
54,118,64,1.185185185,1,4,8.3749819,988.2478642
82,191,109,1.329268293,0,0,7.841678199,1497.760536
6,13,7,1.166666667,0,2,7.4698495,97.1080435
68,158,90,1.323529412,1,14,8.147927,1287.372466
51,107,56,1.098039216,0,1,8.3587344,894.3845808
90,236,146,1.622222222,1,8,7.576968801,1788.164637
22,60,38,1.727272727,1,2,8.1527858,489.167148
26,49,23,0.884615385,0,2,8.1613121,399.9042929
81,176,95,1.172839506,-1,1,7.707938301,1356.597141
35,77,42,1.2,0,7,8.6668073,667.3441621
64,171,107,1.671875,0,14,7.99,1366.29
30,83,53,1.766666667,0,2,8.226,682.758
38,101,63,1.657894737,0,10,8.3247411,840.7988511
38,85,47,1.236842105,0,10,8.6757193,737.4361405
25,46,21,0.84,-1,3,7.9160805,364.139703
80,203,123,1.5375,0,2,7.887482798,1601.159008
75,175,100,1.333333333,0,7,7.9948168,1399.09294
36,101,65,1.805555556,0,8,8.075,815.575
53,113,60,1.132075472,0,3,8.3337528,941.7140664
21,56,35,1.666666667,-1,1,8.2335781,461.0803736
43,85,42,0.976744186,0,7,8.215,698.275
78,176,98,1.256410256,1,4,7.888993398,1388.462838
42,93,51,1.214285714,0,8,8.6514095,804.5810835
65,153,88,1.353846154,0,15,8.205050399,1255.372711
18,32,14,0.777777778,1,2,7.7000089,246.4002848
11,26,15,1.363636364,-1,3,8.0042013,208.1092338
49,132,83,1.693877551,-1,1,8.253716197,1089.490538
88,208,120,1.363636364,1,6,7.732017702,1608.259682
107,261,154,1.439252336,0,19,7.317331299,1909.823469
30,72,42,1.4,1,2,8.6918053,625.8099816
47,128,81,1.723404255,-1,3,8.211,1051.008
40,103,63,1.575,0,10,8.4258337,867.8608711
79,192,113,1.430379747,-1,3,7.920103302,1520.659834
38,96,58,1.526315789,1,10,8.5212041,818.0355936
94,232,138,1.468085106,1,12,7.588983901,1760.644265
56,130,74,1.321428571,1,6,8.405513,1092.71669
66,152,86,1.303030303,1,16,8.192917099,1245.323399
97,241,144,1.484536082,0,15,7.524,1813.284
104,260,156,1.5,1,22,7.377,1918.02
8,12,4,0.5,1,0,4.8819755,58.583706
30,80,50,1.666666667,1,2,8.4235457,673.883656
75,187,112,1.493333333,0,7,7.977951898,1491.877005
51,123,72,1.411764706,0,1,8.472319602,1042.095311
91,225,134,1.472527473,0,9,7.6466504,1720.49634
44,124,80,1.818181818,1,6,8.065,1000.06
72,164,92,1.277777778,1,10,8.043814201,1319.185529
49,116,67,1.367346939,-1,1,8.5016177,986.1876532
88,219,131,1.488636364,0,6,7.714056,1689.378264
87,198,111,1.275862069,-1,5,7.679187298,1520.479085
81,208,127,1.567901235,-1,1,7.8471835,1632.214168
72,160,88,1.222222222,1,10,8.0063791,1281.020656
14,34,20,1.428571429,1,6,8.3371659,283.4636406
63,157,94,1.492063492,0,13,8.199797503,1287.368208
81,181,100,1.234567901,0,1,7.791918298,1410.337212
31,65,34,1.096774194,0,3,8.6621601,563.0404065
70,180,110,1.571428571,1,12,8.016,1442.88
50,112,62,1.24,1,0,8.5136189,953.5253168
73,168,95,1.301369863,-1,9,8.019428702,1347.264022
91,217,126,1.384615385,0,9,7.664643802,1663.227705
60,160,100,1.666666667,1,10,8.0699662,1291.194592
27,71,44,1.62962963,0,1,8.3987344,596.3101424
94,246,152,1.617021277,1,12,7.506540102,1846.608865
54,126,72,1.333333333,1,4,8.4435375,1063.885725
88,214,126,1.431818182,1,6,7.749171902,1658.322787
42,114,72,1.714285714,1,8,8.219,936.966
58,149,91,1.568965517,0,8,8.214229403,1223.920181
25,64,39,1.56,-1,3,8.4374175,539.99472
107,267,160,1.495327103,0,19,7.313,1952.571
81,201,120,1.481481481,0,1,7.891271701,1586.145612
86,225,139,1.61627907,0,4,7.654358102,1722.230573
11,35,24,2.181818182,0,3,6.745,236.075
65,145,80,1.230769231,0,15,8.178539703,1185.888257
49,97,48,0.979591837,0,1,8.165,792.005
78,202,124,1.58974359,1,4,7.881560901,1592.075302
60,158,98,1.633333333,1,10,8.114952899,1282.162558
84,192,108,1.285714286,1,2,7.771054198,1492.042406
44,98,54,1.227272727,1,6,8.620314,844.790772
23,55,32,1.391304348,0,3,8.6373391,475.0536505
81,217,136,1.679012346,0,1,7.693,1669.381
31,76,45,1.451612903,-1,3,8.6245272,655.4640672
74,172,98,1.324324324,1,8,8.020175698,1379.47022
4,7,3,0.75,0,2,5.3715487,37.6008409
24,53,29,1.208333333,0,4,8.7602103,464.2911459
52,108,56,1.076923077,1,2,8.3037221,896.8019868
68,172,104,1.529411765,1,14,8.090405198,1391.549694
38,90,52,1.368421053,1,10,8.6960043,782.640387
41,111,70,1.707317073,0,9,8.223,912.753
84,187,103,1.226190476,0,2,7.704788898,1440.795524
91,215,124,1.362637363,0,9,7.657373302,1646.33526
55,126,71,1.290909091,-1,5,8.399267302,1058.30768
69,177,108,1.565217391,0,13,8.035,1422.195
31,78,47,1.516129032,-1,3,8.5771043,669.0141354
52,137,85,1.634615385,0,2,8.280235701,1134.392291
9,24,15,1.666666667,-1,1,7.4635831,179.1259944
88,217,129,1.465909091,0,6,7.726912198,1676.739947
94,242,148,1.574468085,1,12,7.541328401,1825.001473
65,161,96,1.476923077,0,15,8.174480901,1316.091425
59,127,68,1.152542373,0,9,8.216,1043.432
22,43,21,0.954545455,0,2,8.3528054,359.1706322
42,111,69,1.642857143,0,8,8.3152932,922.9975452
29,56,27,0.931034483,-1,1,8.3559907,467.9354792
63,164,101,1.603174603,-1,13,8.095368598,1327.64045
63,137,74,1.174603175,0,13,8.150573803,1116.628611
96,235,139,1.447916667,0,14,7.547,1773.545
39,101,62,1.58974359,0,11,8.4133305,849.7463805
43,101,58,1.348837209,0,7,8.5931366,867.9067966
43,115,72,1.674418605,0,7,8.264,950.36
33,86,53,1.606060606,-1,5,8.4567215,727.278049
92,243,151,1.641304348,0,10,7.518,1826.874
